Timestamp,Area_Sil,Length_Sil,Height_Sil,Area_Phos,Width_Phos,Height_Phos,Time_s
2026-05-27 10:03:19.000000000,458584.96248882264,697.2443237304688,657.7105712890625,-1.0,-1.0,-1.0,0.0
2026-05-27 10:03:19.641034000,459617.8820314035,698.0794677734375,658.4033813476562,-1.0,-1.0,-1.0,0.641
2026-05-27 10:03:20.282068000,459485.1372490302,697.8489990234375,658.4306030273438,-1.0,-1.0,-1.0,1.2821
2026-05-27 10:03:20.923102000,459696.67862063274,698.1478881835938,658.4517211914062,-1.0,-1.0,-1.0,1.9231
2026-05-27 10:03:21.564136000,458627.9547084309,697.0305786132812,657.9739379882812,-1.0,-1.0,-1.0,2.5641
2026-05-27 10:03:22.205170000,459799.1736407839,697.9254760742188,658.8084106445312,-1.0,-1.0,-1.0,3.2052
2026-05-27 10:03:22.846204000,459580.7836749628,698.0909423828125,658.3394165039062,-1.0,-1.0,-1.0,3.8462
2026-05-27 10:03:23.487238000,459637.5362714529,697.88916015625,658.611083984375,-1.0,-1.0,-1.0,4.4872
2026-05-27 10:03:24.128272000,459673.10324281454,698.226318359375,658.343994140625,-1.0,-1.0,-1.0,5.1283
2026-05-27 10:03:24.769306000,458398.26634831727,696.531982421875,658.1151733398438,-1.0,-1.0,-1.0,5.7693
2026-05-27 10:03:25.410340000,459685.0784378499,698.226318359375,658.3611450195312,-1.0,-1.0,-1.0,6.4103
2026-05-27 10:03:26.051374000,459685.0784378499,698.226318359375,658.3611450195312,-1.0,-1.0,-1.0,7.0514
2026-05-27 10:03:26.692408000,458102.48755121604,696.0360717773438,658.1591186523438,-1.0,-1.0,-1.0,7.6924
2026-05-27 10:03:27.333442000,459656.4547919333,698.102783203125,658.4366455078125,-1.0,-1.0,-1.0,8.3334
2026-05-27 10:03:27.974476000,459710.0033191703,698.1299438476562,658.4877319335938,-1.0,-1.0,-1.0,8.9745
2026-05-27 10:03:28.615510000,457831.8479497507,697.0980224609375,656.7682495117188,-1.0,-1.0,-1.0,9.6155
2026-05-27 10:03:29.256544000,459569.32867553085,698.0618286132812,658.3504638671875,-1.0,-1.0,-1.0,10.2565
2026-05-27 10:03:29.897578000,458542.9408368096,697.1942138671875,657.6975708007812,-1.0,-1.0,-1.0,10.8976
2026-05-27 10:03:30.538612000,459694.50446145236,698.102783203125,658.4911499023438,-1.0,-1.0,-1.0,11.5386
2026-05-27 10:03:31.179646000,459659.6803538576,698.1299438476562,658.4156494140625,-1.0,-1.0,-1.0,12.1796
2026-05-27 10:03:31.820680000,459740.59920299053,698.153564453125,658.50927734375,-1.0,-1.0,-1.0,12.8207
2026-05-27 10:03:32.461714000,457657.7876248956,696.69580078125,656.8975830078125,-1.0,-1.0,-1.0,13.4617
2026-05-27 10:03:33.102748000,460167.3720974587,698.6675415039062,658.6356811523438,-1.0,-1.0,-1.0,14.1027
2026-05-27 10:03:33.743782000,458290.4102083184,696.4170532226562,658.0689086914062,-1.0,-1.0,-1.0,14.7438
2026-05-27 10:03:34.384816000,458389.76654551923,696.7574462890625,657.8900146484375,-1.0,-1.0,-1.0,15.3848
2026-05-27 10:03:35.025849999,459669.1522180438,698.102783203125,658.454833984375,-1.0,-1.0,-1.0,16.0258
2026-05-27 10:03:35.666884000,459480.27406919,697.8740234375,658.4000244140625,-1.0,-1.0,-1.0,16.6669
2026-05-27 10:03:36.307918000,459414.6775036603,697.773681640625,658.4006958007812,-1.0,-1.0,-1.0,17.3079
2026-05-27 10:03:36.948952000,459753.652848877,697.9424438476562,658.7271728515625,-1.0,-1.0,-1.0,17.949
2026-05-27 10:03:37.589986000,459669.1522180438,698.102783203125,658.454833984375,-1.0,-1.0,-1.0,18.59
2026-05-27 10:03:38.231020000,459417.92977186665,697.7245483398438,658.4517211914062,-1.0,-1.0,-1.0,19.231
2026-05-27 10:03:38.872054000,457599.11768945307,696.3980712890625,657.0941772460938,-1.0,-1.0,-1.0,19.8721
2026-05-27 10:03:39.513088000,459136.7186385691,697.3895874023438,658.36474609375,-1.0,-1.0,-1.0,20.5131
2026-05-27 10:03:40.154122000,459596.14996986464,698.1234741210938,658.3307495117188,-1.0,-1.0,-1.0,21.1541
2026-05-27 10:03:40.795156000,457273.3908068128,696.3041381835938,656.7150268554688,-1.0,-1.0,-1.0,21.7952
2026-05-27 10:03:41.436190000,459709.2490324378,698.1478881835938,658.4697265625,-1.0,-1.0,-1.0,22.4362
2026-05-27 10:03:42.077224000,457877.24981368333,697.1622924804688,656.7728271484375,-1.0,-1.0,-1.0,23.0772
2026-05-27 10:03:42.718258000,458361.0234372914,696.7288818359375,657.875732421875,-1.0,-1.0,-1.0,23.7183
2026-05-27 10:03:43.359292000,458143.86072845757,696.1895141601562,658.073486328125,-1.0,-1.0,-1.0,24.3593
2026-05-27 10:03:44.000326000,459719.76353989914,698.2510375976562,658.3875122070312,-1.0,-1.0,-1.0,25.0003
2026-05-27 10:03:44.641360000,459795.80627158284,698.306396484375,658.4442138671875,-1.0,-1.0,-1.0,25.6414
2026-05-27 10:03:45.282394000,458234.64341218024,696.3250122070312,658.0758056640625,-1.0,-1.0,-1.0,26.2824
2026-05-27 10:03:45.923428000,459362.7550884113,697.5535278320312,658.5340576171875,4096.0,64.0,64.0,26.9234
2026-05-27 10:03:46.564462000,458154.05925546587,696.2251586914062,658.054443359375,4096.0,64.0,64.0,27.5645
2026-05-27 10:03:47.205496000,459603.6540753022,697.7636108398438,658.6810302734375,-1.0,-1.0,-1.0,28.2055
2026-05-27 10:03:47.846530000,459362.3006406948,697.6912841796875,658.4033813476562,-1.0,-1.0,-1.0,28.8465
2026-05-27 10:03:48.487564000,459864.6957686171,698.2362670898438,658.6090087890625,-1.0,-1.0,-1.0,29.4876
2026-05-27 10:03:49.128598000,459664.5787067041,698.2359619140625,658.3226928710938,-1.0,-1.0,-1.0,30.1286
2026-05-27 10:03:49.769632000,459640.5168591887,698.140380859375,658.3783569335938,-1.0,-1.0,-1.0,30.7696
2026-05-27 10:03:50.410666000,459446.7092666961,697.8955688476562,658.3316040039062,-1.0,-1.0,-1.0,31.4107
2026-05-27 10:03:51.051699999,460299.9150695838,697.9065551757812,659.5437622070312,-1.0,-1.0,-1.0,32.0517
2026-05-27 10:03:51.692734000,459605.11603972316,698.1893310546875,658.281494140625,-1.0,-1.0,-1.0,32.6927
2026-05-27 10:03:52.333768000,459705.06543860584,698.1072387695312,658.5020751953125,-1.0,-1.0,-1.0,33.3338
2026-05-27 10:03:52.974801999,459044.98988705873,698.635009765625,657.059814453125,-1.0,-1.0,-1.0,33.9748
2026-05-27 10:03:53.615836000,459068.57154458016,698.6596069335938,657.0704345703125,-1.0,-1.0,-1.0,34.6158
2026-05-27 10:03:54.256870000,458792.65183478594,698.34814453125,656.9683837890625,-1.0,-1.0,-1.0,35.2569
2026-05-27 10:03:54.897904000,458613.53476324305,698.0930786132812,656.9518432617188,-1.0,-1.0,-1.0,35.8979
2026-05-27 10:03:55.538938000,458514.2985781655,698.0621337890625,656.8388061523438,-1.0,-1.0,-1.0,36.5389
2026-05-27 10:03:56.179972000,458978.4773102626,698.3992309570312,657.1864013671875,-1.0,-1.0,-1.0,37.18
2026-05-27 10:03:56.821006000,458640.06278309226,698.1214599609375,656.963134765625,-1.0,-1.0,-1.0,37.821
2026-05-27 10:03:57.462040000,459078.08986416087,698.6511840820312,657.0919799804688,-1.0,-1.0,-1.0,38.462
2026-05-27 10:03:58.103074000,459036.26937457547,698.4667358398438,657.2056274414062,-1.0,-1.0,-1.0,39.1031
2026-05-27 10:03:58.744108000,459101.3889603317,698.7808227539062,657.00341796875,-1.0,-1.0,-1.0,39.7441
2026-05-27 10:03:59.385142000,459005.56915546954,698.4307250976562,657.195556640625,-1.0,-1.0,-1.0,40.3851
2026-05-27 10:04:00.026176000,459109.26564505696,698.7156982421875,657.075927734375,-1.0,-1.0,-1.0,41.0262
2026-05-27 10:04:00.667210000,459126.7923251614,698.8403930664062,656.9837646484375,-1.0,-1.0,-1.0,41.6672
2026-05-27 10:04:01.308244000,459156.77876245975,698.8209838867188,657.044921875,-1.0,-1.0,-1.0,42.3082
2026-05-27 10:04:01.949278000,459024.9774569273,698.4335327148438,657.220703125,-1.0,-1.0,-1.0,42.9493
2026-05-27 10:04:02.590312000,458721.4342507608,698.1694946289062,657.0344848632812,-1.0,-1.0,-1.0,43.5903
2026-05-27 10:04:03.231346000,459135.83015680313,698.67578125,657.1514892578125,-1.0,-1.0,-1.0,44.2313
2026-05-27 10:04:03.872380000,459048.2685273327,698.4507446289062,657.2378540039062,-1.0,-1.0,-1.0,44.8724
2026-05-27 10:04:04.513414000,458532.98063893616,698.090576171875,656.8388061523438,-1.0,-1.0,-1.0,45.5134
2026-05-27 10:04:05.154448000,459036.95620587096,698.4335327148438,657.2378540039062,-1.0,-1.0,-1.0,46.1544
2026-05-27 10:04:05.795482000,459013.84640425444,698.4326171875,657.2056274414062,-1.0,-1.0,-1.0,46.7955
2026-05-27 10:04:06.436516000,458979.18385235965,698.382080078125,657.2035522460938,-1.0,-1.0,-1.0,47.4365
2026-05-27 10:04:07.077550000,459036.2894831896,698.4507446289062,657.220703125,-1.0,-1.0,-1.0,48.0776
2026-05-27 10:04:07.718584000,458692.0666831732,698.0919189453125,657.0654296875,-1.0,-1.0,-1.0,48.7186
2026-05-27 10:04:08.359618000,458612.37688492984,698.1842041015625,656.8644409179688,-1.0,-1.0,-1.0,49.3596
2026-05-27 10:04:09.000652000,458884.2328285575,698.47119140625,656.9837646484375,-1.0,-1.0,-1.0,50.0007
2026-05-27 10:04:09.641686000,458568.3149964176,698.1646118164062,656.8197631835938,-1.0,-1.0,-1.0,50.6417
2026-05-27 10:04:10.282720000,458989.7486346513,698.4163818359375,657.1864013671875,-1.0,-1.0,-1.0,51.2827
2026-05-27 10:04:10.923754000,459072.9777107015,698.4335327148438,657.2894287109375,-1.0,-1.0,-1.0,51.9238
2026-05-27 10:04:11.564788000,459042.3416955024,698.4135131835938,657.264404296875,-1.0,-1.0,-1.0,52.5648
2026-05-27 10:04:12.205822000,458207.33307409286,698.47119140625,656.0146484375,-1.0,-1.0,-1.0,53.2058
2026-05-27 10:04:12.846856000,459043.7217825353,698.4534912109375,657.228759765625,-1.0,-1.0,-1.0,53.8469
2026-05-27 10:04:13.487890000,458903.3253273368,698.43017578125,657.0496826171875,-1.0,-1.0,-1.0,54.4879
2026-05-27 10:04:14.128924000,459128.5413037129,698.7116088867188,657.1073608398438,-1.0,-1.0,-1.0,55.1289
2026-05-27 10:04:14.769958000,458849.53156113625,698.4197998046875,656.982421875,-1.0,-1.0,-1.0,55.77
2026-05-27 10:04:15.410992000,459004.0598396659,698.3814697265625,657.23974609375,-1.0,-1.0,-1.0,56.411
2026-05-27 10:04:16.052026000,458620.72138457,698.0758056640625,656.9783935546875,-1.0,-1.0,-1.0,57.052
2026-05-27 10:04:16.693060000,458718.14245565236,698.0867309570312,657.107666015625,-1.0,-1.0,-1.0,57.6931
2026-05-27 10:04:17.334094000,458673.15515239164,698.1311645507812,657.0014038085938,-1.0,-1.0,-1.0,58.3341
2026-05-27 10:04:17.975128000,458774.4921557158,698.1610717773438,657.118408203125,-1.0,-1.0,-1.0,58.9751
2026-05-27 10:04:18.616162000,459147.17340373993,698.67578125,657.167724609375,-1.0,-1.0,-1.0,59.6162
2026-05-27 10:04:19.257196000,458571.8010815084,698.032470703125,656.9490966796875,-1.0,-1.0,-1.0,60.2572
2026-05-27 10:04:19.898230000,458573.2343886532,698.0763549804688,656.9098510742188,-1.0,-1.0,-1.0,60.8982
2026-05-27 10:04:20.539264000,459024.9774569273,698.4335327148438,657.220703125,-1.0,-1.0,-1.0,61.5393
2026-05-27 10:04:21.180298000,458933.83546294644,698.2565307617188,657.2567749023438,-1.0,-1.0,-1.0,62.1803
2026-05-27 10:04:21.821332000,459013.84640425444,698.4326171875,657.2056274414062,-1.0,-1.0,-1.0,62.8213
2026-05-27 10:04:22.462365999,458965.8969817683,698.2239379882812,657.3333740234375,-1.0,-1.0,-1.0,63.4624
2026-05-27 10:04:23.103399999,458521.0748893544,698.0238037109375,656.8845825195312,-1.0,-1.0,-1.0,64.1034
2026-05-27 10:04:23.744434000,459030.9888008237,698.396240234375,657.264404296875,-1.0,-1.0,-1.0,64.7444
2026-05-27 10:04:24.385468000,458553.98166306317,697.7731323242188,657.167724609375,-1.0,-1.0,-1.0,65.3855
2026-05-27 10:04:25.026501999,459050.43152790517,698.3992309570312,657.2894287109375,-1.0,-1.0,-1.0,66.0265
2026-05-27 10:04:25.667536000,458512.2000787854,697.9951171875,656.8988647460938,-1.0,-1.0,-1.0,66.6675
2026-05-27 10:04:26.308570000,458358.73405633494,698.4192504882812,656.2802124023438,-1.0,-1.0,-1.0,67.3086
2026-05-27 10:04:26.949603999,458529.37370337546,698.0001831054688,656.918701171875,-1.0,-1.0,-1.0,67.9496
2026-05-27 10:04:27.590638000,458905.765513476,698.2239379882812,657.2472534179688,-1.0,-1.0,-1.0,68.5906
2026-05-27 10:04:28.231672000,458525.3971295953,698.03369140625,656.8814697265625,-1.0,-1.0,-1.0,69.2317
2026-05-27 10:04:28.872706000,458732.580001384,698.0972900390625,657.118408203125,-1.0,-1.0,-1.0,69.8727
2026-05-27 10:04:29.513740000,458641.32899465784,698.0304565429688,657.0505981445312,-1.0,-1.0,-1.0,70.5137
2026-05-27 10:04:30.154774000,458973.76136928424,698.3947143554688,657.1838989257812,-1.0,-1.0,-1.0,71.1548
2026-05-27 10:04:30.795808000,459018.8087505102,698.3544921875,657.2862548828125,-1.0,-1.0,-1.0,71.7958
2026-05-27 10:04:31.436842000,459033.1952545941,698.3446044921875,657.316162109375,-1.0,-1.0,-1.0,72.4368
2026-05-27 10:04:32.077876000,458368.14076016843,698.4135131835938,656.299072265625,-1.0,-1.0,-1.0,73.0779
2026-05-27 10:04:32.718910000,459065.7184323929,698.4307250976562,657.2816772460938,-1.0,-1.0,-1.0,73.7189
2026-05-27 10:04:33.359944000,457969.468843326,698.077880859375,656.0435180664062,-1.0,-1.0,-1.0,74.3599
2026-05-27 10:04:34.000978000,459040.64958561584,698.4059448242188,657.2691040039062,-1.0,-1.0,-1.0,75.001
2026-05-27 10:04:34.642012000,459067.13626247644,698.396240234375,657.316162109375,-1.0,-1.0,-1.0,75.642
2026-05-27 10:04:35.283046000,458621.20267847925,697.9674072265625,657.0811157226562,-1.0,-1.0,-1.0,76.283
2026-05-27 10:04:35.924080000,458996.48136334866,698.3947143554688,657.2164306640625,-1.0,-1.0,-1.0,76.9241
2026-05-27 10:04:36.565114000,459073.2374477349,698.5460815429688,657.1838989257812,-1.0,-1.0,-1.0,77.5651
2026-05-27 10:04:37.206148000,458769.54775306955,698.1060180664062,657.1631469726562,-1.0,-1.0,-1.0,78.2061
2026-05-27 10:04:37.847182000,458556.70291796327,697.88623046875,657.0651245117188,-1.0,-1.0,-1.0,78.8472
2026-05-27 10:04:38.488216000,459192.33138021827,698.6583251953125,657.248779296875,-1.0,-1.0,-1.0,79.4882
2026-05-27 10:04:39.129250000,458490.9478748366,698.7034301757812,656.2025146484375,-1.0,-1.0,-1.0,80.1292
2026-05-27 10:04:39.770284000,458368.867902413,698.396240234375,656.3163452148438,-1.0,-1.0,-1.0,80.7703
2026-05-27 10:04:40.411318000,458364.09571139887,698.3992309570312,656.3067016601562,-1.0,-1.0,-1.0,81.4113
2026-05-27 10:04:41.052352000,458387.3304029554,698.4163818359375,656.3238525390625,-1.0,-1.0,-1.0,82.0524
2026-05-27 10:04:41.693386000,459163.5381541997,698.656494140625,657.2092895507812,-1.0,-1.0,-1.0,82.6934
2026-05-27 10:04:42.334420000,459051.21620714664,698.4402465820312,657.251953125,-1.0,-1.0,-1.0,83.3344
2026-05-27 10:04:42.975454000,458375.3519481644,698.4163818359375,656.3067016601562,-1.0,-1.0,-1.0,83.9755
2026-05-27 10:04:43.616488000,458564.5938184783,698.1174926757812,656.8587646484375,-1.0,-1.0,-1.0,84.6165
2026-05-27 10:04:44.257522000,458012.4209169522,698.1507568359375,656.0365600585938,-1.0,-1.0,-1.0,85.2575
2026-05-27 10:04:44.898556000,458774.00205734745,698.0637817382812,657.2092895507812,-1.0,-1.0,-1.0,85.8986
2026-05-27 10:04:45.539590000,458445.61978974566,698.6832885742188,656.1565551757812,-1.0,-1.0,-1.0,86.5396
2026-05-27 10:04:46.180624000,458249.65311437845,698.486572265625,656.060791015625,-1.0,-1.0,-1.0,87.1806
2026-05-27 10:04:46.821658000,458480.2941963151,698.6871948242188,656.2025146484375,-1.0,-1.0,-1.0,87.8217
2026-05-27 10:04:47.462692000,458023.19215787575,697.9660034179688,656.2256469726562,-1.0,-1.0,-1.0,88.4627
2026-05-27 10:04:48.103726000,458718.64563806355,698.1264038085938,657.071044921875,-1.0,-1.0,-1.0,89.1037
2026-05-27 10:04:48.744760000,458476.30987907946,698.656494140625,656.2256469726562,-1.0,-1.0,-1.0,89.7448
2026-05-27 10:04:49.385794000,458019.50694734976,698.0866088867188,656.1069946289062,-1.0,-1.0,-1.0,90.3858
2026-05-27 10:04:50.026828000,459163.5381541997,698.656494140625,657.2092895507812,-1.0,-1.0,-1.0,91.0268
2026-05-27 10:04:50.667862000,458124.2017247081,698.0701293945312,656.2724609375,-1.0,-1.0,-1.0,91.6679
2026-05-27 10:04:51.308896000,458487.0039859973,698.6727905273438,656.2256469726562,-1.0,-1.0,-1.0,92.3089
2026-05-27 10:04:51.949930000,458642.92895885557,697.9674072265625,657.1122436523438,-1.0,-1.0,-1.0,92.9499
2026-05-27 10:04:52.590964000,459099.7939798236,698.423095703125,657.337646484375,-1.0,-1.0,-1.0,93.591
2026-05-27 10:04:53.231998000,459150.19217840955,698.6852416992188,657.1631469726562,-1.0,-1.0,-1.0,94.232
2026-05-27 10:04:53.873032000,458087.3567993827,698.0637817382812,656.2256469726562,-1.0,-1.0,-1.0,94.873
2026-05-27 10:04:54.514066000,459137.8477404602,698.6271362304688,657.2001342773438,-1.0,-1.0,-1.0,95.5141
2026-05-27 10:04:55.155100000,459115.87578297406,698.6109619140625,657.1838989257812,-1.0,-1.0,-1.0,96.1551
2026-05-27 10:04:55.796134000,458465.65582499653,698.6402587890625,656.2256469726562,-1.0,-1.0,-1.0,96.7961
2026-05-27 10:04:56.437168000,458314.1556890756,698.486572265625,656.1531372070312,-1.0,-1.0,-1.0,97.4372
2026-05-27 10:04:57.078202000,457783.88349663466,697.6422729492188,656.1871337890625,-1.0,-1.0,-1.0,98.0782
2026-05-27 10:04:57.719236000,458495.93289006874,698.6271362304688,656.2813110351562,-1.0,-1.0,-1.0,98.7192
2026-05-27 10:04:58.360270000,458346.3856603056,698.486572265625,656.1992797851562,-1.0,-1.0,-1.0,99.3603
2026-05-27 10:04:59.001304000,458054.6408210993,698.077880859375,656.16552734375,-1.0,-1.0,-1.0,100.0013
2026-05-27 10:04:59.642338000,458487.0039859973,698.6727905273438,656.2256469726562,-1.0,-1.0,-1.0,100.6423
2026-05-27 10:05:00.283372000,458507.6139101945,698.6292114257812,656.2960815429688,-1.0,-1.0,-1.0,101.2834
2026-05-27 10:05:00.924406000,458511.41475523263,698.5665283203125,656.3604125976562,-1.0,-1.0,-1.0,101.9244
2026-05-27 10:05:01.565440000,457990.77248959243,698.077880859375,656.0740356445312,-1.0,-1.0,-1.0,102.5654
2026-05-27 10:05:02.206474000,457990.5214784704,698.0097045898438,656.1377563476562,-1.0,-1.0,-1.0,103.2065
2026-05-27 10:05:02.847508000,458028.6534509286,698.1700439453125,656.0416870117188,-1.0,-1.0,-1.0,103.8475
2026-05-27 10:05:03.488542000,458514.5497000031,698.6144409179688,656.3198852539062,-1.0,-1.0,-1.0,104.4885
2026-05-27 10:05:04.129576000,458181.4964372888,698.3878173828125,656.0559692382812,-1.0,-1.0,-1.0,105.1296
2026-05-27 10:05:04.770610000,458012.63677352294,697.9943237304688,656.1838989257812,-1.0,-1.0,-1.0,105.7706
2026-05-27 10:05:05.411644000,458357.12898404896,698.486572265625,656.2146606445312,-1.0,-1.0,-1.0,106.4116
2026-05-27 10:05:06.052678000,458486.71992979944,698.579833984375,656.3125610351562,-1.0,-1.0,-1.0,107.0527
2026-05-27 10:05:06.693712000,457934.80811283365,698.0763549804688,655.9953002929688,-1.0,-1.0,-1.0,107.6937
2026-05-27 10:05:07.334746000,458526.0625112243,698.6144409179688,656.3363647460938,-1.0,-1.0,-1.0,108.3347
2026-05-27 10:05:07.975780000,458550.54420113564,698.67578125,656.3137817382812,-1.0,-1.0,-1.0,108.9758
2026-05-27 10:05:08.616814000,457891.8722935468,697.9859008789062,656.018798828125,-1.0,-1.0,-1.0,109.6168
2026-05-27 10:05:09.257848000,458001.5472009033,698.0668334960938,656.099853515625,-1.0,-1.0,-1.0,110.2578
2026-05-27 10:05:09.898882000,457953.8930208795,698.0094604492188,656.0855102539062,-1.0,-1.0,-1.0,110.8989
2026-05-27 10:05:10.539916000,457966.893445909,698.0194702148438,656.0947265625,-1.0,-1.0,-1.0,111.5399
2026-05-27 10:05:11.180950000,458358.42839442194,698.455810546875,656.2454223632812,-1.0,-1.0,-1.0,112.181
2026-05-27 10:05:11.821984000,458585.2580689341,698.6596069335938,656.378662109375,-1.0,-1.0,-1.0,112.822
2026-05-27 10:05:12.463018000,458548.05418650806,698.5530395507812,656.425537109375,-1.0,-1.0,-1.0,113.463
2026-05-27 10:05:13.104052000,458526.1786772758,698.5197143554688,656.425537109375,-1.0,-1.0,-1.0,114.1041
2026-05-27 10:05:13.745086000,458515.9016996622,698.486328125,656.4421997070312,-1.0,-1.0,-1.0,114.7451
2026-05-27 10:05:14.386120000,458526.1786772758,698.5197143554688,656.425537109375,-1.0,-1.0,-1.0,115.3861
2026-05-27 10:05:15.027154000,458558.28943221644,698.5863647460938,656.4088745117188,-1.0,-1.0,-1.0,116.0272
2026-05-27 10:05:15.668188000,458588.7105268836,698.4915771484375,656.54150390625,-1.0,-1.0,-1.0,116.6682
2026-05-27 10:05:16.309222000,458537.1164318919,698.536376953125,656.425537109375,-1.0,-1.0,-1.0,117.3092
2026-05-27 10:05:16.950256000,457946.7602951899,698.0484619140625,656.0386352539062,-1.0,-1.0,-1.0,117.9503
2026-05-27 10:05:17.591290000,458167.9111581445,698.1507568359375,656.25927734375,-1.0,-1.0,-1.0,118.5913
2026-05-27 10:05:18.232324000,457982.99778084084,698.1036987304688,656.0386352539062,-1.0,-1.0,-1.0,119.2323
2026-05-27 10:05:18.873358000,457961.58051516116,697.6679077148438,656.417724609375,-1.0,-1.0,-1.0,119.8734
2026-05-27 10:05:19.514392000,458105.69801697135,698.1507568359375,656.170166015625,-1.0,-1.0,-1.0,120.5144
2026-05-27 10:05:20.155426000,458548.05418650806,698.5530395507812,656.425537109375,-1.0,-1.0,-1.0,121.1554
2026-05-27 10:05:20.796460000,458162.59560566023,698.1311645507812,656.2700805664062,-1.0,-1.0,-1.0,121.7965
2026-05-27 10:05:21.437494000,458162.59560566023,698.1311645507812,656.2700805664062,-1.0,-1.0,-1.0,122.4375
2026-05-27 10:05:22.078528000,458137.6158389412,698.0866088867188,656.2761840820312,-1.0,-1.0,-1.0,123.0785
2026-05-27 10:05:22.719562000,458053.5503529608,697.9674072265625,656.267822265625,-1.0,-1.0,-1.0,123.7196
2026-05-27 10:05:23.360596000,458581.49181733653,698.5071411132812,656.5165405273438,-1.0,-1.0,-1.0,124.3606
2026-05-27 10:05:24.001629999,458518.3101789132,698.4553833007812,656.4747314453125,-1.0,-1.0,-1.0,125.0016
2026-05-27 10:05:24.642664000,458063.1840878576,698.090576171875,656.1658325195312,-1.0,-1.0,-1.0,125.6427
2026-05-27 10:05:25.283698000,458529.32888931036,698.47216796875,656.4747314453125,-1.0,-1.0,-1.0,126.2837
2026-05-27 10:05:25.924731999,458159.4222081527,698.0919189453125,656.3024291992188,-1.0,-1.0,-1.0,126.9247
2026-05-27 10:05:26.565766000,458522.9854617119,698.470947265625,656.466796875,-1.0,-1.0,-1.0,127.5658
2026-05-27 10:05:27.206799999,458010.9006669745,698.0001831054688,656.1759033203125,-1.0,-1.0,-1.0,128.2068
2026-05-27 10:05:27.847834000,458075.3988633156,698.200439453125,656.080078125,-1.0,-1.0,-1.0,128.8478
2026-05-27 10:05:28.488868000,458562.3449524641,698.5224609375,656.4747314453125,-1.0,-1.0,-1.0,129.4889
2026-05-27 10:05:29.129901999,457885.3589613177,697.7141723632812,656.2649536132812,-1.0,-1.0,-1.0,130.1299
2026-05-27 10:05:29.770936000,458005.40848923475,698.0479125976562,656.1231689453125,-1.0,-1.0,-1.0,130.7709
2026-05-27 10:05:30.411970000,458486.5122550912,698.0715942382812,656.7901000976562,-1.0,-1.0,-1.0,131.412
2026-05-27 10:05:31.053003999,458548.05418650806,698.5530395507812,656.425537109375,-1.0,-1.0,-1.0,132.053
2026-05-27 10:05:31.694038000,458641.6624900885,698.7808227539062,656.3455200195312,-1.0,-1.0,-1.0,132.694
2026-05-27 10:05:32.335072000,458596.01883843914,698.4758911132812,656.5667114257812,-1.0,-1.0,-1.0,133.3351
2026-05-27 10:05:32.976105999,458520.80834276974,697.9732666015625,656.9317626953125,-1.0,-1.0,-1.0,133.9761
2026-05-27 10:05:33.617140000,458553.3994106576,698.1842041015625,656.7799682617188,-1.0,-1.0,-1.0,134.6171
2026-05-27 10:05:34.258174000,458930.5646677092,698.3992309570312,657.1177978515625,-1.0,-1.0,-1.0,135.2582
2026-05-27 10:05:34.899207999,458538.77385226265,697.9943237304688,656.9376831054688,-1.0,-1.0,-1.0,135.8992
2026-05-27 10:05:35.540242000,458439.6101300232,698.0001831054688,656.7901000976562,-1.0,-1.0,-1.0,136.5402
2026-05-27 10:05:36.181276000,458931.2723864168,698.382080078125,657.1349487304688,-1.0,-1.0,-1.0,137.1813
2026-05-27 10:05:36.822310000,458566.62524636835,698.0764770507812,656.9002685546875,-1.0,-1.0,-1.0,137.8223
2026-05-27 10:05:37.463344000,458467.16201739386,698.0573120117188,656.7758178710938,-1.0,-1.0,-1.0,138.4633
2026-05-27 10:05:38.104378000,458450.1672905572,697.9859008789062,656.8186645507812,-1.0,-1.0,-1.0,139.1044
2026-05-27 10:05:38.745412000,458803.37843663245,698.3927612304688,656.9417724609375,-1.0,-1.0,-1.0,139.7454
2026-05-27 10:05:39.386446000,458440.7864575796,697.9716186523438,656.8186645507812,-1.0,-1.0,-1.0,140.3864
2026-05-27 10:05:40.027480000,458942.54282834753,698.3992309570312,657.1349487304688,-1.0,-1.0,-1.0,141.0275
2026-05-27 10:05:40.668514000,458562.8769151345,698.1405029296875,656.8346557617188,-1.0,-1.0,-1.0,141.6685
2026-05-27 10:05:41.309548000,458491.27712994814,698.0810546875,656.7880249023438,-1.0,-1.0,-1.0,142.3095
2026-05-27 10:05:41.950582000,458573.18880488724,698.1405029296875,656.8494262695312,-1.0,-1.0,-1.0,142.9506
2026-05-27 10:05:42.591616000,458552.91758777574,698.0813598632812,656.8760375976562,-1.0,-1.0,-1.0,143.5916
2026-05-27 10:05:43.232650000,458541.9027824253,698.200439453125,656.7482299804688,-1.0,-1.0,-1.0,144.2326
2026-05-27 10:05:43.873684000,458613.3333347775,698.1414184570312,656.9060668945312,-1.0,-1.0,-1.0,144.8737
2026-05-27 10:05:44.514718000,458854.02037136257,698.4698486328125,656.9417724609375,-1.0,-1.0,-1.0,145.5147
2026-05-27 10:05:45.155752000,458967.44941731915,698.4402465820312,657.1320190429688,-1.0,-1.0,-1.0,146.1558
2026-05-27 10:05:45.796786000,458404.8996950984,697.6512451171875,657.06884765625,-1.0,-1.0,-1.0,146.7968
2026-05-27 10:05:46.437820000,458599.04292667285,698.4443969726562,656.6006469726562,-1.0,-1.0,-1.0,147.4378
2026-05-27 10:05:47.078854000,458609.9115694687,698.6109619140625,656.4596557617188,-1.0,-1.0,-1.0,148.0789
2026-05-27 10:05:47.719888000,458713.5378983021,698.19775390625,656.99658203125,-1.0,-1.0,-1.0,148.7199
2026-05-27 10:05:48.360922000,459064.82022004947,698.6995239257812,657.0275268554688,-1.0,-1.0,-1.0,149.3609
2026-05-27 10:05:49.001956000,459036.1212171465,698.7056274414062,656.980712890625,-1.0,-1.0,-1.0,150.002
2026-05-27 10:05:49.642990000,458961.5384155363,698.4192504882812,657.143310546875,-1.0,-1.0,-1.0,150.643
2026-05-27 10:05:50.284024000,458592.3245789856,698.104248046875,656.9109497070312,-1.0,-1.0,-1.0,151.284
2026-05-27 10:05:50.925058000,458976.7564617805,698.4667358398438,657.1204223632812,-1.0,-1.0,-1.0,151.9251
2026-05-27 10:05:51.566092000,458958.8217576891,698.396240234375,657.1610717773438,-1.0,-1.0,-1.0,152.5661
2026-05-27 10:05:52.207126000,458546.42725300044,697.9998779296875,656.9434204101562,-1.0,-1.0,-1.0,153.2071
2026-05-27 10:05:52.848160000,458965.083712209,698.4335327148438,657.1349487304688,-1.0,-1.0,-1.0,153.8482
2026-05-27 10:05:53.489194000,458946.758394897,698.396240234375,657.143798828125,-1.0,-1.0,-1.0,154.4892
2026-05-27 10:05:54.130228000,458469.3093348853,698.0899047851562,656.7482299804688,-1.0,-1.0,-1.0,155.1302
2026-05-27 10:05:54.771262000,458958.8217576891,698.396240234375,657.1610717773438,-1.0,-1.0,-1.0,155.7713
2026-05-27 10:05:55.412296000,458970.17286751047,698.4135131835938,657.1610717773438,-1.0,-1.0,-1.0,156.4123
2026-05-27 10:05:56.053330000,458543.28183320165,698.21240234375,656.7389526367188,-1.0,-1.0,-1.0,157.0533
2026-05-27 10:05:56.694364000,458966.22987389565,698.4326171875,657.137451171875,-1.0,-1.0,-1.0,157.6944
2026-05-27 10:05:57.335398000,458596.61154746264,698.0953369140625,656.9254760742188,-1.0,-1.0,-1.0,158.3354
2026-05-27 10:05:57.976432000,458587.3292788677,698.1210327148438,656.8880004882812,-1.0,-1.0,-1.0,158.9764
2026-05-27 10:05:58.617466000,458542.4070028141,697.9732666015625,656.9627075195312,-1.0,-1.0,-1.0,159.6175
2026-05-27 10:05:59.258500000,458563.39903397486,698.0813598632812,656.8910522460938,-1.0,-1.0,-1.0,160.2585
2026-05-27 10:05:59.899534000,458559.7643633187,698.101318359375,656.8670654296875,-1.0,-1.0,-1.0,160.8995
2026-05-27 10:06:00.540568000,458542.71715946496,698.2260131835938,656.725341796875,-1.0,-1.0,-1.0,161.5406
2026-05-27 10:06:01.181602000,458942.54282834753,698.3992309570312,657.1349487304688,-1.0,-1.0,-1.0,162.1816
2026-05-27 10:06:01.822636000,458968.8225582093,698.4059448242188,657.166259765625,-1.0,-1.0,-1.0,162.8226
2026-05-27 10:06:02.463670000,458549.5096048005,697.9943237304688,656.9530639648438,-1.0,-1.0,-1.0,163.4637
2026-05-27 10:06:03.104704000,458978.1659781933,698.4326171875,657.154541015625,-1.0,-1.0,-1.0,164.1047
2026-05-27 10:06:03.745738000,458576.9324568473,698.1210327148438,656.8731079101562,-1.0,-1.0,-1.0,164.7457
2026-05-27 10:06:04.386772000,458613.8697402477,698.1552734375,656.893798828125,-1.0,-1.0,-1.0,165.3868
2026-05-27 10:06:05.027806000,458954.5209889859,698.3992309570312,657.152099609375,-1.0,-1.0,-1.0,166.0278
2026-05-27 10:06:05.668840000,458630.9359234199,698.1019897460938,656.9683837890625,-1.0,-1.0,-1.0,166.6688
2026-05-27 10:06:06.309874000,458955.2281193882,698.382080078125,657.1692504882812,-1.0,-1.0,-1.0,167.3099
2026-05-27 10:06:06.950908000,458989.35653708875,698.4496459960938,657.154541015625,-1.0,-1.0,-1.0,167.9509
2026-05-27 10:06:07.591942000,458561.20727455616,698.200439453125,656.77587890625,-1.0,-1.0,-1.0,168.5919
2026-05-27 10:06:08.232976000,458851.9186523706,698.222412109375,657.1715698242188,-1.0,-1.0,-1.0,169.233
2026-05-27 10:06:08.874010000,458467.00799037516,698.0052490234375,656.8245849609375,-1.0,-1.0,-1.0,169.874
2026-05-27 10:06:09.515044000,458494.44402772933,698.0621337890625,656.8103637695312,-1.0,-1.0,-1.0,170.515
2026-05-27 10:06:10.156078000,458599.39944899455,698.0866088867188,656.9376831054688,-1.0,-1.0,-1.0,171.1561
2026-05-27 10:06:10.797112000,458966.49914962426,698.3992309570312,657.1692504882812,-1.0,-1.0,-1.0,171.7971
2026-05-27 10:06:11.438146000,458593.8125843927,698.1405029296875,656.8789672851562,-1.0,-1.0,-1.0,172.4381
2026-05-27 10:06:12.079180000,458549.5096048005,697.9943237304688,656.9530639648438,-1.0,-1.0,-1.0,173.0792
2026-05-27 10:06:12.720214000,458552.70907227695,698.0357055664062,656.918701171875,-1.0,-1.0,-1.0,173.7202
2026-05-27 10:06:13.361248000,458932.61896178126,698.3814697265625,657.137451171875,-1.0,-1.0,-1.0,174.3612
2026-05-27 10:06:14.002282000,458468.31977013126,697.8882446289062,656.9365844726562,-1.0,-1.0,-1.0,175.0023
2026-05-27 10:06:14.643316000,458594.4542338997,698.0887451171875,656.9285888671875,-1.0,-1.0,-1.0,175.6433
2026-05-27 10:06:15.284350000,458598.3277613744,698.1900634765625,656.8388061523438,-1.0,-1.0,-1.0,176.2844
2026-05-27 10:06:15.925384000,457829.3361124657,698.0333862304688,655.8845825195312,-1.0,-1.0,-1.0,176.9254
2026-05-27 10:06:16.566418000,458486.860922873,698.0052490234375,656.85302734375,-1.0,-1.0,-1.0,177.5664
2026-05-27 10:06:17.207452000,457824.47467777133,698.0213623046875,655.888916015625,-1.0,-1.0,-1.0,178.2075
2026-05-27 10:06:17.848486000,458955.2281193882,698.382080078125,657.1692504882812,-1.0,-1.0,-1.0,178.8485
2026-05-27 10:06:18.489520000,458762.3430752978,698.3502807617188,656.9229736328125,-1.0,-1.0,-1.0,179.4895
2026-05-27 10:06:19.130554000,458517.5550911948,698.1442260742188,656.7662353515625,-1.0,-1.0,-1.0,180.1306
2026-05-27 10:06:19.771588000,458605.6886948347,698.0735473632812,656.958984375,-1.0,-1.0,-1.0,180.7716
2026-05-27 10:06:20.412622000,458494.0044872314,697.7964477539062,657.059814453125,-1.0,-1.0,-1.0,181.4126
2026-05-27 10:06:21.053656000,458860.69146385044,698.2017822265625,657.2035522460938,-1.0,-1.0,-1.0,182.0537
2026-05-27 10:06:21.694690000,458978.4773102626,698.3992309570312,657.1864013671875,-1.0,-1.0,-1.0,182.6947
2026-05-27 10:06:22.335724000,458467.00799037516,698.0052490234375,656.8245849609375,-1.0,-1.0,-1.0,183.3357
2026-05-27 10:06:22.976758000,458607.9740783572,698.0801391601562,656.9560546875,-1.0,-1.0,-1.0,183.9768
2026-05-27 10:06:23.617792000,458476.8366447687,697.890380859375,656.94677734375,-1.0,-1.0,-1.0,184.6178
2026-05-27 10:06:24.258826000,458595.0795448534,698.0735473632812,656.9437866210938,-1.0,-1.0,-1.0,185.2588
2026-05-27 10:06:24.899860000,458545.3310993612,697.9674072265625,656.972412109375,-1.0,-1.0,-1.0,185.8999
2026-05-27 10:06:25.540894000,458865.4042340927,698.4544067382812,656.9725952148438,-1.0,-1.0,-1.0,186.5409
2026-05-27 10:06:26.181928000,458594.2228523195,698.096435546875,656.9210205078125,-1.0,-1.0,-1.0,187.1819
2026-05-27 10:06:26.822962000,458492.9254182279,698.0069580078125,656.860107421875,-1.0,-1.0,-1.0,187.823
2026-05-27 10:06:27.463996000,458184.35866015404,698.4791259765625,655.9743041992188,-1.0,-1.0,-1.0,188.464
2026-05-27 10:06:28.105030000,458518.18410493433,698.085693359375,656.8222045898438,-1.0,-1.0,-1.0,189.105
2026-05-27 10:06:28.746064000,458861.52189483494,698.4791259765625,656.9437866210938,-1.0,-1.0,-1.0,189.7461
2026-05-27 10:06:29.387098000,458367.2522181161,697.7850952148438,656.8888549804688,-1.0,-1.0,-1.0,190.3871
2026-05-27 10:06:30.028132000,458496.94857601076,698.1211547851562,656.7584228515625,-1.0,-1.0,-1.0,191.0281
2026-05-27 10:06:30.669166000,458549.2719596252,698.1170654296875,656.8372192382812,-1.0,-1.0,-1.0,191.6692
2026-05-27 10:06:31.310200000,458933.3636330813,698.3644409179688,657.154541015625,-1.0,-1.0,-1.0,192.3102
2026-05-27 10:06:31.951234000,458944.6232256219,698.3477172851562,657.1864013671875,-1.0,-1.0,-1.0,192.9512
2026-05-27 10:06:32.592268000,458553.1850323826,697.9732666015625,656.9781494140625,-1.0,-1.0,-1.0,193.5923
2026-05-27 10:06:33.233302000,458536.69114883244,697.745849609375,657.1686401367188,-1.0,-1.0,-1.0,194.2333
2026-05-27 10:06:33.874336000,458549.2719596252,698.1170654296875,656.8372192382812,-1.0,-1.0,-1.0,194.8743
2026-05-27 10:06:34.515370000,458533.5670860112,698.0763549804688,656.85302734375,-1.0,-1.0,-1.0,195.5154
2026-05-27 10:06:35.156404000,458490.01210127026,697.9254150390625,656.9326782226562,-1.0,-1.0,-1.0,196.1564
2026-05-27 10:06:35.797438000,458541.5234884992,698.1890258789062,656.7584228515625,-1.0,-1.0,-1.0,196.7974
2026-05-27 10:06:36.438472000,458543.4945634715,698.0763549804688,656.8672485351562,-1.0,-1.0,-1.0,197.4385
2026-05-27 10:06:37.079506000,458972.2627001479,698.3617553710938,657.2127685546875,-1.0,-1.0,-1.0,198.0795
2026-05-27 10:06:37.720540000,458969.04057626054,698.3644409179688,657.2056274414062,-1.0,-1.0,-1.0,198.7205
2026-05-27 10:06:38.361574000,458537.82628661394,698.085693359375,656.850341796875,-1.0,-1.0,-1.0,199.3616
2026-05-27 10:06:39.002608000,458480.29974102974,697.8577880859375,656.982421875,-1.0,-1.0,-1.0,200.0026
2026-05-27 10:06:39.643642000,458210.31320528314,698.4612426757812,656.0282592773438,-1.0,-1.0,-1.0,200.6436
2026-05-27 10:06:40.284676000,457938.8456205502,698.0887451171875,655.9894409179688,-1.0,-1.0,-1.0,201.2847
2026-05-27 10:06:40.925710000,458439.0871361643,698.697509765625,656.1338500976562,-1.0,-1.0,-1.0,201.9257
2026-05-27 10:06:41.566744000,458981.50754253566,698.3887939453125,657.2005615234375,-1.0,-1.0,-1.0,202.5667
2026-05-27 10:06:42.207778000,457611.0686519183,697.5845336914062,655.9937133789062,-1.0,-1.0,-1.0,203.2078
2026-05-27 10:06:42.848812000,458589.5743906498,698.16162109375,656.85302734375,-1.0,-1.0,-1.0,203.8488
2026-05-27 10:06:43.489846000,458220.3234021105,698.4765014648438,656.0282592773438,-1.0,-1.0,-1.0,204.4898
2026-05-27 10:06:44.130880000,458195.57685904205,698.4639282226562,656.004638671875,-1.0,-1.0,-1.0,205.1309
2026-05-27 10:06:44.771914000,458210.31320528314,698.4612426757812,656.0282592773438,-1.0,-1.0,-1.0,205.7719
2026-05-27 10:06:45.412948000,458885.50810682774,698.4404296875,657.0145263671875,-1.0,-1.0,-1.0,206.4129
2026-05-27 10:06:46.053982000,458196.58998692036,698.47119140625,655.999267578125,-1.0,-1.0,-1.0,207.054
2026-05-27 10:06:46.695016000,458445.61978974566,698.6832885742188,656.1565551757812,-1.0,-1.0,-1.0,207.695
2026-05-27 10:06:47.336050000,458552.83289777115,698.1082153320312,656.8506469726562,-1.0,-1.0,-1.0,208.336
2026-05-27 10:06:47.977084000,459077.73541269824,698.6473999023438,657.0950317382812,-1.0,-1.0,-1.0,208.9771
2026-05-27 10:06:48.618118000,458679.42249146104,698.1507568359375,656.991943359375,-1.0,-1.0,-1.0,209.6181
2026-05-27 10:06:49.259152000,458991.16171884537,698.382080078125,657.220703125,-1.0,-1.0,-1.0,210.2592
2026-05-27 10:06:49.900186000,458601.32320046425,697.88671875,657.1286010742188,-1.0,-1.0,-1.0,210.9002
2026-05-27 10:06:50.541220000,458530.8843181953,698.0152587890625,656.9066772460938,-1.0,-1.0,-1.0,211.5412
2026-05-27 10:06:51.182254000,458553.7902276516,698.1211547851562,656.83984375,-1.0,-1.0,-1.0,212.1823
2026-05-27 10:06:51.823288000,458500.5610316992,698.03466796875,656.844970703125,-1.0,-1.0,-1.0,212.8233
2026-05-27 10:06:52.464322000,459129.60465574265,698.63671875,657.1793212890625,-1.0,-1.0,-1.0,213.4643
2026-05-27 10:06:53.105356000,457919.81430244073,698.0053100585938,656.0405883789062,-1.0,-1.0,-1.0,214.1054
2026-05-27 10:06:53.746390000,457702.9997220263,697.6028442382812,656.1082763671875,-1.0,-1.0,-1.0,214.7464
2026-05-27 10:06:54.387424000,457829.202584438,697.9910278320312,655.9241943359375,-1.0,-1.0,-1.0,215.3874
2026-05-27 10:06:55.028458000,458610.97589109465,697.9518432617188,657.0811157226562,-1.0,-1.0,-1.0,216.0285
2026-05-27 10:06:55.669492000,459119.8867114261,698.7115478515625,657.0950317382812,-1.0,-1.0,-1.0,216.6695
2026-05-27 10:06:56.310526000,458458.9868392721,698.6547241210938,656.2025146484375,-1.0,-1.0,-1.0,217.3105
2026-05-27 10:06:56.951560000,458463.5802222267,698.6690673828125,656.1956176757812,-1.0,-1.0,-1.0,217.9516
2026-05-27 10:06:57.592594000,457691.2258023508,697.6023559570312,656.0918579101562,-1.0,-1.0,-1.0,218.5926
2026-05-27 10:06:58.233628000,458603.1457652971,697.9943237304688,657.0299072265625,-1.0,-1.0,-1.0,219.2336
2026-05-27 10:06:58.874662000,458420.43996585906,698.6205444335938,656.179443359375,-1.0,-1.0,-1.0,219.8747
2026-05-27 10:06:59.515696000,457934.6154438108,697.9845581054688,656.081298828125,-1.0,-1.0,-1.0,220.5157
2026-05-27 10:07:00.156730000,457969.69376337156,697.9943237304688,656.1223754882812,-1.0,-1.0,-1.0,221.1567
2026-05-27 10:07:00.797764000,457887.1132619493,698.0899047851562,655.9142456054688,-1.0,-1.0,-1.0,221.7978
2026-05-27 10:07:01.438798000,457998.2539421916,698.1552734375,656.0120239257812,-1.0,-1.0,-1.0,222.4388
2026-05-27 10:07:02.079832000,457889.69782584906,698.2161865234375,655.79931640625,-1.0,-1.0,-1.0,223.0798
2026-05-27 10:07:02.720866000,458249.3750852421,698.4418334960938,656.1024169921875,-1.0,-1.0,-1.0,223.7209
2026-05-27 10:07:03.361900000,458652.6475349739,698.0151977539062,657.0811767578125,-1.0,-1.0,-1.0,224.3619
2026-05-27 10:07:04.002934000,458599.8508276418,697.9998779296875,657.0199584960938,-1.0,-1.0,-1.0,225.0029
2026-05-27 10:07:04.643968000,458392.7155655399,698.6026611328125,656.1565551757812,-1.0,-1.0,-1.0,225.644
2026-05-27 10:07:05.285002000,457961.0147437304,698.0357055664062,656.071044921875,-1.0,-1.0,-1.0,226.285
2026-05-27 10:07:05.926036000,457865.434987098,698.1451416015625,655.831298828125,-1.0,-1.0,-1.0,226.926
2026-05-27 10:07:06.567070000,457927.60816348717,698.2045288085938,655.8645629882812,-1.0,-1.0,-1.0,227.5671
2026-05-27 10:07:07.208104000,457848.6243258044,698.1305541992188,655.8209228515625,-1.0,-1.0,-1.0,228.2081
2026-05-27 10:07:07.849138000,457996.5725179538,698.1162719726562,656.0462646484375,-1.0,-1.0,-1.0,228.8491
2026-05-27 10:07:08.490172000,457934.2094678581,698.090576171875,655.9810791015625,-1.0,-1.0,-1.0,229.4902
2026-05-27 10:07:09.131206000,457896.16090718284,698.1036987304688,655.9142456054688,-1.0,-1.0,-1.0,230.1312
2026-05-27 10:07:09.772240000,457886.5313029401,698.1036987304688,655.9004516601562,-1.0,-1.0,-1.0,230.7722
2026-05-27 10:07:10.413274000,457914.95315791294,698.0763549804688,655.9668579101562,-1.0,-1.0,-1.0,231.4133
2026-05-27 10:07:11.054308000,457886.36882445216,698.0479125976562,655.95263671875,-1.0,-1.0,-1.0,232.0543
2026-05-27 10:07:11.695342000,457905.62452767044,698.0621337890625,655.9668579101562,-1.0,-1.0,-1.0,232.6953
2026-05-27 10:07:12.336376000,457941.47920100763,698.1727905273438,655.9142456054688,-1.0,-1.0,-1.0,233.3364
2026-05-27 10:07:12.977410000,458001.4486521855,698.0813598632812,656.0860595703125,-1.0,-1.0,-1.0,233.9774
2026-05-27 10:07:13.618444000,457895.6972524524,698.0621337890625,655.95263671875,-1.0,-1.0,-1.0,234.6184
2026-05-27 10:07:14.259478000,457910.0111161694,698.0287475585938,656.0045166015625,-1.0,-1.0,-1.0,235.2595
2026-05-27 10:07:14.900512000,457736.5207840316,697.6989135742188,656.0659790039062,-1.0,-1.0,-1.0,235.9005
2026-05-27 10:07:15.541546000,457815.4054423794,697.9827880859375,655.9121704101562,-1.0,-1.0,-1.0,236.5415
2026-05-27 10:07:16.182580000,457896.7852839455,698.0899047851562,655.9281005859375,-1.0,-1.0,-1.0,237.1826
2026-05-27 10:07:16.823614000,457904.9556027502,697.980712890625,656.0424194335938,-1.0,-1.0,-1.0,237.8236
2026-05-27 10:07:17.464648000,457864.34779930115,697.9951171875,655.970703125,-1.0,-1.0,-1.0,238.4646
2026-05-27 10:07:18.105682000,457915.85304924846,698.0762329101562,655.96826171875,-1.0,-1.0,-1.0,239.1057
2026-05-27 10:07:18.746716000,458440.8152170032,698.560302734375,656.2651977539062,-1.0,-1.0,-1.0,239.7467
2026-05-27 10:07:19.387750000,457864.3119512126,697.9827880859375,655.9822387695312,-1.0,-1.0,-1.0,240.3878
2026-05-27 10:07:20.028784000,457841.7949681245,698.0208129882812,655.9142456054688,-1.0,-1.0,-1.0,241.0288
2026-05-27 10:07:20.669818000,457850.8826471865,698.03466796875,655.9142456054688,-1.0,-1.0,-1.0,241.6698
2026-05-27 10:07:21.310852000,457877.63863694295,698.0194702148438,655.9668579101562,-1.0,-1.0,-1.0,242.3109
2026-05-27 10:07:21.951886000,457887.2504514754,698.116943359375,655.8890380859375,-1.0,-1.0,-1.0,242.9519
2026-05-27 10:07:22.592920000,457888.71756648645,697.9910278320312,656.0094604492188,-1.0,-1.0,-1.0,243.5929
2026-05-27 10:07:23.233954000,457915.26173686236,698.0902709960938,655.9542236328125,-1.0,-1.0,-1.0,244.234
2026-05-27 10:07:23.874988000,457884.83250340447,698.1076049804688,655.8943481445312,-1.0,-1.0,-1.0,244.875
2026-05-27 10:07:24.516022000,457957.56299722195,698.0052490234375,656.0947265625,-1.0,-1.0,-1.0,245.516
2026-05-27 10:07:25.157056000,457924.1374947317,697.7731323242188,656.2650756835938,-1.0,-1.0,-1.0,246.1571
2026-05-27 10:07:25.798090000,457986.09655449167,697.9423217773438,656.1947631835938,-1.0,-1.0,-1.0,246.7981
2026-05-27 10:07:26.439124000,458019.433936961,697.9998779296875,656.1884155273438,-1.0,-1.0,-1.0,247.4391
2026-05-27 10:07:27.080157999,457935.03216423094,697.980712890625,656.0855102539062,-1.0,-1.0,-1.0,248.0802
2026-05-27 10:07:27.721192000,457999.9053016305,698.1170654296875,656.05029296875,-1.0,-1.0,-1.0,248.7212
2026-05-27 10:07:28.362226000,457907.57671152055,698.0623168945312,655.969482421875,-1.0,-1.0,-1.0,249.3622
2026-05-27 10:07:29.003259999,457925.67352585495,698.0899047851562,655.969482421875,-1.0,-1.0,-1.0,250.0033
2026-05-27 10:07:29.644294000,457858.13074985147,698.06689453125,655.8943481445312,-1.0,-1.0,-1.0,250.6443
2026-05-27 10:07:30.285328000,457897.9033855945,698.0896606445312,655.929931640625,-1.0,-1.0,-1.0,251.2853
2026-05-27 10:07:30.926361999,457909.1537930891,698.0855712890625,655.9498901367188,-1.0,-1.0,-1.0,251.9264
2026-05-27 10:07:31.567396000,457933.369028233,698.0386352539062,656.0286865234375,-1.0,-1.0,-1.0,252.5674
2026-05-27 10:07:32.208430000,457901.8410863206,697.9859008789062,656.0330810546875,-1.0,-1.0,-1.0,253.2084
2026-05-27 10:07:32.849463999,458066.3155362122,697.9943237304688,656.2608032226562,-1.0,-1.0,-1.0,253.8495
2026-05-27 10:07:33.490498000,457941.7162574157,697.9859008789062,656.0902099609375,-1.0,-1.0,-1.0,254.4905
2026-05-27 10:07:34.131532000,457964.63420273736,697.6382446289062,656.4500122070312,-1.0,-1.0,-1.0,255.1315
2026-05-27 10:07:34.772565999,457795.6416236907,697.8812866210938,655.979248046875,-1.0,-1.0,-1.0,255.7726
2026-05-27 10:07:35.413599999,457947.3395861685,698.03466796875,656.0524291992188,-1.0,-1.0,-1.0,256.4136
2026-05-27 10:07:36.054634000,457931.7474646419,697.9859008789062,656.075927734375,-1.0,-1.0,-1.0,257.0546
2026-05-27 10:07:36.695668000,457935.3455478512,698.0899047851562,655.9833374023438,-1.0,-1.0,-1.0,257.6957
2026-05-27 10:07:37.336702000,457812.67094562575,697.6123657226562,656.2565307617188,-1.0,-1.0,-1.0,258.3367
2026-05-27 10:07:37.977736000,458084.6686974913,698.096435546875,656.1911010742188,-1.0,-1.0,-1.0,258.9777
2026-05-27 10:07:38.618769999,457770.8167210221,697.5814819335938,656.2255859375,-1.0,-1.0,-1.0,259.6188
2026-05-27 10:07:39.259803999,457931.7474646419,697.9859008789062,656.075927734375,-1.0,-1.0,-1.0,260.2598
2026-05-27 10:07:39.900838000,457868.96850317717,697.87060546875,656.0943603515625,-1.0,-1.0,-1.0,260.9008
2026-05-27 10:07:40.541872000,457935.1211173311,698.0111083984375,656.0570678710938,-1.0,-1.0,-1.0,261.5419
2026-05-27 10:07:41.182906000,457757.8774267584,697.7750244140625,656.0250244140625,-1.0,-1.0,-1.0,262.1829
2026-05-27 10:07:41.823940000,458011.4391538203,698.12548828125,656.0588989257812,-1.0,-1.0,-1.0,262.8239
2026-05-27 10:07:42.464973999,457911.6404147558,697.9523315429688,656.0786743164062,-1.0,-1.0,-1.0,263.465
2026-05-27 10:07:43.106007999,457899.7777697891,697.8978271484375,656.1129150390625,-1.0,-1.0,-1.0,264.106
2026-05-27 10:07:43.747042000,457978.59858985245,698.0573120117188,656.075927734375,-1.0,-1.0,-1.0,264.747
2026-05-27 10:07:44.388076000,457947.67913383245,698.0052490234375,656.08056640625,-1.0,-1.0,-1.0,265.3881
2026-05-27 10:07:45.029110000,457947.67913383245,698.0052490234375,656.08056640625,-1.0,-1.0,-1.0,266.0291
2026-05-27 10:07:45.670144000,458374.0173387304,698.4500732421875,656.2731323242188,-1.0,-1.0,-1.0,266.6701
2026-05-27 10:07:46.311177999,457772.91841004044,697.5635986328125,656.2454223632812,-1.0,-1.0,-1.0,267.3112
2026-05-27 10:07:46.952211999,458237.69637478516,698.5311889648438,656.0017700195312,-1.0,-1.0,-1.0,267.9522
2026-05-27 10:07:47.593246000,457901.8410863206,697.9859008789062,656.0330810546875,-1.0,-1.0,-1.0,268.5932
2026-05-27 10:07:48.234280000,457915.0095241517,697.980712890625,656.0568237304688,-1.0,-1.0,-1.0,269.2343
2026-05-27 10:07:48.875314000,457859.787699379,697.8711547851562,656.0806884765625,-1.0,-1.0,-1.0,269.8753
2026-05-27 10:07:49.516348000,458013.5456893444,698.090576171875,656.0947265625,-1.0,-1.0,-1.0,270.5163
2026-05-27 10:07:50.157381999,457862.27282669395,697.8850708007812,656.0711669921875,-1.0,-1.0,-1.0,271.1574
2026-05-27 10:07:50.798415999,457949.2891474068,698.0430297851562,656.04736328125,-1.0,-1.0,-1.0,271.7984
2026-05-27 10:07:51.439450000,458284.0657840669,698.4974365234375,656.099853515625,-1.0,-1.0,-1.0,272.4394
2026-05-27 10:07:52.080484000,458266.0860716887,698.5313110351562,656.0422973632812,-1.0,-1.0,-1.0,273.0805
2026-05-27 10:07:52.721518000,458379.21913057566,697.8994140625,656.7984008789062,-1.0,-1.0,-1.0,273.7215
2026-05-27 10:07:53.362552000,458778.7641100064,698.5274047851562,656.7799072265625,-1.0,-1.0,-1.0,274.3626
2026-05-27 10:07:54.003586000,458852.84520705044,698.2962646484375,657.1033935546875,-1.0,-1.0,-1.0,275.0036
2026-05-27 10:07:54.644620000,458143.37049110234,698.1405029296875,656.2337646484375,-1.0,-1.0,-1.0,275.6446
2026-05-27 10:07:55.285654000,458011.4978068322,697.9859008789062,656.190185546875,-1.0,-1.0,-1.0,276.2857
2026-05-27 10:07:55.926688000,458029.64397280663,698.0287475585938,656.1759033203125,-1.0,-1.0,-1.0,276.9267
2026-05-27 10:07:56.567722000,457987.2614610456,698.0061645507812,656.1364135742188,-1.0,-1.0,-1.0,277.5677
2026-05-27 10:07:57.208756000,458016.5267883651,698.0194702148438,656.1658325195312,-1.0,-1.0,-1.0,278.2088
2026-05-27 10:07:57.849790000,457992.15736114234,697.9716186523438,656.1759033203125,-1.0,-1.0,-1.0,278.8498
2026-05-27 10:07:58.490824000,458620.5940367654,698.2821655273438,656.7840576171875,-1.0,-1.0,-1.0,279.4908
2026-05-27 10:07:59.131858000,458490.3743756041,698.1029052734375,656.7661743164062,-1.0,-1.0,-1.0,280.1319
2026-05-27 10:07:59.772892000,458410.8806912042,697.9716186523438,656.7758178710938,-1.0,-1.0,-1.0,280.7729
2026-05-27 10:08:00.413926000,458099.8151823878,698.1396484375,656.1721801757812,-1.0,-1.0,-1.0,281.4139
2026-05-27 10:08:01.054960000,458042.4467624314,698.0902709960938,656.1364135742188,-1.0,-1.0,-1.0,282.055
2026-05-27 10:08:01.695994000,458354.34554030746,698.4757690429688,656.2208251953125,-1.0,-1.0,-1.0,282.696
2026-05-27 10:08:02.337028000,458052.3796724081,698.1337890625,656.1097412109375,-1.0,-1.0,-1.0,283.337
2026-05-27 10:08:02.978062000,458445.55479465425,698.5106811523438,656.318603515625,-1.0,-1.0,-1.0,283.9781
2026-05-27 10:08:03.619096000,457879.16539520025,697.885498046875,656.094970703125,-1.0,-1.0,-1.0,284.6191
2026-05-27 10:08:04.260130000,458027.0908638239,698.0052490234375,656.1943359375,-1.0,-1.0,-1.0,285.2601
2026-05-27 10:08:04.901164000,458425.0072963536,698.4954833984375,656.303466796875,-1.0,-1.0,-1.0,285.9012
2026-05-27 10:08:05.542198000,458334.20207467675,698.4974365234375,656.171630859375,-1.0,-1.0,-1.0,286.5422
2026-05-27 10:08:06.183232000,457925.1255050674,697.8671264648438,656.1781005859375,-1.0,-1.0,-1.0,287.1832
2026-05-27 10:08:06.824266000,457964.80047348887,697.9962158203125,656.1135864257812,-1.0,-1.0,-1.0,287.8243
2026-05-27 10:08:07.465300000,458422.60475084186,697.980712890625,656.7840576171875,-1.0,-1.0,-1.0,288.4653
2026-05-27 10:08:08.106334000,458489.7462308407,698.1170654296875,656.751953125,-1.0,-1.0,-1.0,289.1063
2026-05-27 10:08:08.747368000,458092.3033083081,698.191650390625,656.112548828125,-1.0,-1.0,-1.0,289.7474
2026-05-27 10:08:09.388402000,458759.4075078964,698.5131225585938,656.765625,-1.0,-1.0,-1.0,290.3884
2026-05-27 10:08:10.029436000,457997.26886221766,698.0052490234375,656.151611328125,-1.0,-1.0,-1.0,291.0294
2026-05-27 10:08:10.670470000,458303.15949216485,697.8565673828125,656.729736328125,-1.0,-1.0,-1.0,291.6705
2026-05-27 10:08:11.311504000,458005.1540058702,697.980712890625,656.1859741210938,-1.0,-1.0,-1.0,292.3115
2026-05-27 10:08:11.952538000,457966.8320324421,698.03515625,656.0798950195312,-1.0,-1.0,-1.0,292.9525
2026-05-27 10:08:12.593572000,458254.52105750144,697.5943603515625,656.9068603515625,-1.0,-1.0,-1.0,293.5936
2026-05-27 10:08:13.234606000,458407.99324020743,697.9910278320312,656.75341796875,-1.0,-1.0,-1.0,294.2346
2026-05-27 10:08:13.875640000,457966.1372390501,697.9856567382812,656.1254272460938,-1.0,-1.0,-1.0,294.8756
2026-05-27 10:08:14.516674000,458104.1351464391,697.957763671875,656.349365234375,-1.0,-1.0,-1.0,295.5167
2026-05-27 10:08:15.157708000,458759.4075078964,698.5131225585938,656.765625,-1.0,-1.0,-1.0,296.1577
2026-05-27 10:08:15.798742000,457830.31666957587,697.6746826171875,656.2232055664062,-1.0,-1.0,-1.0,296.7987
2026-05-27 10:08:16.439776000,458447.4203760177,698.0762329101562,656.729736328125,-1.0,-1.0,-1.0,297.4398
2026-05-27 10:08:17.080810000,458343.3137067184,698.4906616210938,656.1910400390625,-1.0,-1.0,-1.0,298.0808
2026-05-27 10:08:17.721844000,458742.6819870919,698.5175170898438,656.737548828125,-1.0,-1.0,-1.0,298.7218
2026-05-27 10:08:18.362878000,458334.20207467675,698.4974365234375,656.171630859375,-1.0,-1.0,-1.0,299.3629
2026-05-27 10:08:19.003912000,458407.99324020743,697.9910278320312,656.75341796875,-1.0,-1.0,-1.0,300.0039
2026-05-27 10:08:19.644946000,458761.38208342716,698.5117797851562,656.7697143554688,-1.0,-1.0,-1.0,300.6449
2026-05-27 10:08:20.285980000,458436.01268839836,698.03369140625,656.75341796875,-1.0,-1.0,-1.0,301.286
2026-05-27 10:08:20.927014000,458781.41995796934,698.5117797851562,656.7984008789062,-1.0,-1.0,-1.0,301.927
2026-05-27 10:08:21.568048000,458416.0170216635,698.0299072265625,656.7283325195312,-1.0,-1.0,-1.0,302.568
2026-05-27 10:08:22.209082000,458819.73520701006,698.4639282226562,656.8982543945312,-1.0,-1.0,-1.0,303.2091
2026-05-27 10:08:22.850116000,458331.5796738118,697.8915405273438,656.737548828125,-1.0,-1.0,-1.0,303.8501
2026-05-27 10:08:23.491150000,458683.28049850464,698.421875,656.742431640625,-1.0,-1.0,-1.0,304.4912
2026-05-27 10:08:24.132184000,458249.2067807168,697.7609252929688,656.742431640625,-1.0,-1.0,-1.0,305.1322
2026-05-27 10:08:24.773218000,457726.1057486534,697.4775390625,656.25927734375,-1.0,-1.0,-1.0,305.7732
2026-05-27 10:08:25.414252000,458323.5401623063,697.8809204101562,656.7360229492188,-1.0,-1.0,-1.0,306.4143
2026-05-27 10:08:26.055286000,458854.71474247426,698.3201904296875,657.0835571289062,-1.0,-1.0,-1.0,307.0553
2026-05-27 10:08:26.696320000,458374.09076986834,697.9856567382812,656.7098999023438,-1.0,-1.0,-1.0,307.6963
2026-05-27 10:08:27.337354000,458362.94553202763,697.9191284179688,656.7565307617188,-1.0,-1.0,-1.0,308.3374
2026-05-27 10:08:27.978388000,457749.76286992803,698.0189819335938,655.7841186523438,-1.0,-1.0,-1.0,308.9784
2026-05-27 10:08:28.619422000,458760.8400748372,698.545166015625,656.737548828125,-1.0,-1.0,-1.0,309.6194
2026-05-27 10:08:29.260456000,458349.7786027752,697.8850708007812,656.7697143554688,-1.0,-1.0,-1.0,310.2605
2026-05-27 10:08:29.901490000,458309.44976747036,697.89208984375,656.705322265625,-1.0,-1.0,-1.0,310.9015
2026-05-27 10:08:30.542524000,458742.1054862216,698.5313110351562,656.7237548828125,-1.0,-1.0,-1.0,311.5425
2026-05-27 10:08:31.183558000,457655.82736703753,698.4974365234375,655.200439453125,-1.0,-1.0,-1.0,312.1836
2026-05-27 10:08:31.824592000,458393.3893234879,697.9856567382812,656.737548828125,-1.0,-1.0,-1.0,312.8246
2026-05-27 10:08:32.465626000,458353.64575693384,697.9049682617188,656.7565307617188,-1.0,-1.0,-1.0,313.4656
2026-05-27 10:08:33.106660000,457535.2354388237,697.5703125,655.8983764648438,-1.0,-1.0,-1.0,314.1067
2026-05-27 10:08:33.747694000,458322.7526330948,697.8565673828125,656.7578125,-1.0,-1.0,-1.0,314.7477
2026-05-27 10:08:34.388728000,457473.7043331638,697.5980224609375,655.7841186523438,-1.0,-1.0,-1.0,315.3887
2026-05-27 10:08:35.029762000,458464.612411499,698.0808715820312,656.75,-1.0,-1.0,-1.0,316.0298
2026-05-27 10:08:35.670796000,457785.5395147726,698.0948486328125,655.7640991210938,-1.0,-1.0,-1.0,316.6708
2026-05-27 10:08:36.311830000,458060.73080684245,698.5328979492188,655.746826171875,-1.0,-1.0,-1.0,317.3118
2026-05-27 10:08:36.952864000,458520.98763652146,698.184814453125,656.7329711914062,-1.0,-1.0,-1.0,317.9529
2026-05-27 10:08:37.593898000,457714.20226979256,697.99951171875,655.75146484375,-1.0,-1.0,-1.0,318.5939
2026-05-27 10:08:38.234932000,457705.1168460548,697.9856567382812,655.75146484375,-1.0,-1.0,-1.0,319.2349
2026-05-27 10:08:38.875966000,457789.81034569815,698.0189819335938,655.8414916992188,-1.0,-1.0,-1.0,319.876
2026-05-27 10:08:39.517000000,458069.7761427015,698.5466918945312,655.746826171875,-1.0,-1.0,-1.0,320.517
2026-05-27 10:08:40.158034000,458457.1997607127,698.0333862304688,656.7840576171875,-1.0,-1.0,-1.0,321.158
2026-05-27 10:08:40.799068000,458135.3524367362,698.4906616210938,655.893310546875,-1.0,-1.0,-1.0,321.7991
2026-05-27 10:08:41.440102000,458115.18238940835,698.4757690429688,655.87841796875,-1.0,-1.0,-1.0,322.4401
2026-05-27 10:08:42.081136000,457831.98289047927,698.1029052734375,655.8230590820312,-1.0,-1.0,-1.0,323.0811
2026-05-27 10:08:42.722170000,457789.81034569815,698.0189819335938,655.8414916992188,-1.0,-1.0,-1.0,323.7222
2026-05-27 10:08:43.363204000,457665.7510222867,697.9049682617188,655.7708740234375,-1.0,-1.0,-1.0,324.3632
2026-05-27 10:08:44.004238000,458138.22743498906,697.6019897460938,656.7329711914062,-1.0,-1.0,-1.0,325.0042
2026-05-27 10:08:44.645272000,458093.5819860697,698.4974365234375,655.8271484375,-1.0,-1.0,-1.0,325.6453
2026-05-27 10:08:45.286306000,458113.61944915354,698.4974365234375,655.8558349609375,-1.0,-1.0,-1.0,326.2863
2026-05-27 10:08:45.927340000,457719.5366360396,697.983154296875,655.7744750976562,-1.0,-1.0,-1.0,326.9273
2026-05-27 10:08:46.568374000,457587.33439180255,697.7449951171875,655.808837890625,-1.0,-1.0,-1.0,327.5684
2026-05-27 10:08:47.209408000,457836.09045016766,698.11962890625,655.813232421875,-1.0,-1.0,-1.0,328.2094
2026-05-27 10:08:47.850442000,457851.79599173367,698.1029052734375,655.8514404296875,-1.0,-1.0,-1.0,328.8504
2026-05-27 10:08:48.491476000,457691.0781255923,697.8932495117188,655.8181762695312,-1.0,-1.0,-1.0,329.4915
2026-05-27 10:08:49.132509999,457774.72323951125,697.980712890625,655.8558349609375,-1.0,-1.0,-1.0,330.1325
2026-05-27 10:08:49.773544000,458093.5819860697,698.4974365234375,655.8271484375,-1.0,-1.0,-1.0,330.7735
2026-05-27 10:08:50.414578000,457692.5789624378,697.8707275390625,655.8414916992188,-1.0,-1.0,-1.0,331.4146
2026-05-27 10:08:51.055612000,457719.5366360396,697.983154296875,655.7744750976562,-1.0,-1.0,-1.0,332.0556
2026-05-27 10:08:51.696646000,457603.7771342322,697.7601318359375,655.8181762695312,-1.0,-1.0,-1.0,332.6966
2026-05-27 10:08:52.337680000,457634.8980451338,697.8638305664062,655.7653198242188,-1.0,-1.0,-1.0,333.3377
2026-05-27 10:08:52.978713999,457672.4078238569,697.8915405273438,655.7930297851562,-1.0,-1.0,-1.0,333.9787
2026-05-27 10:08:53.619748000,457671.9095607959,697.8790893554688,655.8040161132812,-1.0,-1.0,-1.0,334.6197
2026-05-27 10:08:54.260782000,457600.8478740603,697.7609252929688,655.813232421875,-1.0,-1.0,-1.0,335.2608
2026-05-27 10:08:54.901816000,458080.0444910936,698.5328979492188,655.7744750976562,-1.0,-1.0,-1.0,335.9018
2026-05-27 10:08:55.542850000,458034.3074378967,698.421875,655.813232421875,-1.0,-1.0,-1.0,336.5428
2026-05-27 10:08:56.183884000,457662.18330235034,697.7891845703125,655.8745727539062,-1.0,-1.0,-1.0,337.1839
2026-05-27 10:08:56.824917999,457817.3910488449,698.0902709960938,655.8140258789062,-1.0,-1.0,-1.0,337.8249
2026-05-27 10:08:57.465952000,457695.9064166993,697.890869140625,655.8273315429688,-1.0,-1.0,-1.0,338.466
2026-05-27 10:08:58.106986000,457724.45800133795,697.9856567382812,655.7791748046875,-1.0,-1.0,-1.0,339.107
2026-05-27 10:08:58.748020000,458068.99445005506,698.4631958007812,655.8240966796875,-1.0,-1.0,-1.0,339.748
2026-05-27 10:08:59.389054000,457659.8188920915,697.89208984375,655.7744750976562,-1.0,-1.0,-1.0,340.3891
2026-05-27 10:09:00.030088000,457669.44557741284,697.89208984375,655.7882690429688,-1.0,-1.0,-1.0,341.0301
2026-05-27 10:09:00.671121999,457672.99090594053,697.877685546875,655.806884765625,-1.0,-1.0,-1.0,341.6711
2026-05-27 10:09:01.312156000,457746.23698126525,697.7835083007812,656.0003662109375,-1.0,-1.0,-1.0,342.3122
2026-05-27 10:09:01.953190000,457722.65078455955,697.8707275390625,655.8845825195312,-1.0,-1.0,-1.0,342.9532
2026-05-27 10:09:02.594224000,458114.88449668884,698.46875,655.8845825195312,-1.0,-1.0,-1.0,343.5942
2026-05-27 10:09:03.235258000,457682.65998764336,697.877685546875,655.8207397460938,-1.0,-1.0,-1.0,344.2353
2026-05-27 10:09:03.876292000,457829.9004251659,698.0189819335938,655.89892578125,-1.0,-1.0,-1.0,344.8763
2026-05-27 10:09:04.517325999,457665.20394552127,697.8014526367188,655.8673706054688,-1.0,-1.0,-1.0,345.5173
2026-05-27 10:09:05.158360000,458143.7182766795,698.4974365234375,655.89892578125,-1.0,-1.0,-1.0,346.1584
2026-05-27 10:09:05.799394000,458124.2920209132,698.4830932617188,655.8845825195312,-1.0,-1.0,-1.0,346.7994
2026-05-27 10:09:06.440428000,457646.22957692295,697.6471557617188,655.9852294921875,-1.0,-1.0,-1.0,347.4404
2026-05-27 10:09:07.081462000,458143.7182766795,698.4974365234375,655.89892578125,-1.0,-1.0,-1.0,348.0815
2026-05-27 10:09:07.722496000,457391.85650089383,697.27099609375,655.9743041992188,-1.0,-1.0,-1.0,348.7225
2026-05-27 10:09:08.363529999,457869.3938649185,698.1361694335938,655.8453979492188,-1.0,-1.0,-1.0,349.3635
2026-05-27 10:09:09.004564000,457753.4697342627,697.9856567382812,655.8207397460938,-1.0,-1.0,-1.0,350.0046
2026-05-27 10:09:09.645598000,458075.18600291386,698.4129028320312,655.8801879882812,-1.0,-1.0,-1.0,350.6456
2026-05-27 10:09:10.286632000,458101.64300121367,698.5313110351562,655.806884765625,-1.0,-1.0,-1.0,351.2866
2026-05-27 10:09:10.927666000,457651.6991492808,697.826904296875,655.8240966796875,-1.0,-1.0,-1.0,351.9277
2026-05-27 10:09:11.568700000,458124.2920209132,698.4830932617188,655.8845825195312,-1.0,-1.0,-1.0,352.5687
2026-05-27 10:09:12.209733999,457701.998151049,697.877685546875,655.8484497070312,-1.0,-1.0,-1.0,353.2097
2026-05-27 10:09:12.850768000,457861.7238467708,698.1029052734375,655.8656616210938,-1.0,-1.0,-1.0,353.8508
2026-05-27 10:09:13.491802000,457703.19369243085,697.8563232421875,655.8702392578125,-1.0,-1.0,-1.0,354.4918
2026-05-27 10:09:14.132836000,457617.0601002127,697.7449951171875,655.8514404296875,-1.0,-1.0,-1.0,355.1328
2026-05-27 10:09:14.773870000,458082.9188903533,698.5175170898438,655.7930297851562,-1.0,-1.0,-1.0,355.7739
2026-05-27 10:09:15.414904000,457714.99285232276,697.9049682617188,655.8414306640625,-1.0,-1.0,-1.0,356.4149
2026-05-27 10:09:16.055937999,458133.6995451376,698.4974365234375,655.8845825195312,-1.0,-1.0,-1.0,357.0559
2026-05-27 10:09:16.696972000,457706.44707936794,697.8812866210938,655.8514404296875,-1.0,-1.0,-1.0,357.697
2026-05-27 10:09:17.338006000,457817.9843293391,698.0762329101562,655.8280639648438,-1.0,-1.0,-1.0,358.338
2026-05-27 10:09:17.979040000,457758.09100338817,697.983154296875,655.8297119140625,-1.0,-1.0,-1.0,358.979
2026-05-27 10:09:18.620074000,457646.78580862284,697.7449951171875,655.89404296875,-1.0,-1.0,-1.0,359.6201
2026-05-27 10:09:19.261108000,457782.4814671874,697.9856567382812,655.8623046875,-1.0,-1.0,-1.0,360.2611
2026-05-27 10:09:19.902141999,458121.63067657873,698.5175170898438,655.8484497070312,-1.0,-1.0,-1.0,360.9021
2026-05-27 10:09:20.543176000,457756.02800085396,697.8812866210938,655.9224853515625,-1.0,-1.0,-1.0,361.5432
2026-05-27 10:09:21.184210000,458124.2920209132,698.4830932617188,655.8845825195312,-1.0,-1.0,-1.0,362.1842
2026-05-27 10:09:21.825244000,457620.52350562066,697.7609252929688,655.8414306640625,-1.0,-1.0,-1.0,362.8252
2026-05-27 10:09:22.466278000,458153.73700822145,698.4974365234375,655.9132690429688,-1.0,-1.0,-1.0,363.4663
2026-05-27 10:09:23.107312000,458162.1747970581,698.4844970703125,655.9375,-1.0,-1.0,-1.0,364.1073
2026-05-27 10:09:23.748346000,457854.7408988513,698.0310668945312,655.9231567382812,-1.0,-1.0,-1.0,364.7483
2026-05-27 10:09:24.389380000,458155.4912512377,698.4622192382812,655.9488525390625,-1.0,-1.0,-1.0,365.3894
2026-05-27 10:09:25.030414000,457830.50435842574,698.004638671875,655.9132690429688,-1.0,-1.0,-1.0,366.0304
2026-05-27 10:09:25.671448000,458163.7557397634,698.4974365234375,655.9276123046875,-1.0,-1.0,-1.0,366.6714
2026-05-27 10:09:26.312482000,457713.2032283172,697.8563232421875,655.8845825195312,-1.0,-1.0,-1.0,367.3125
2026-05-27 10:09:26.953516000,457692.91138358787,697.8638305664062,655.8484497070312,-1.0,-1.0,-1.0,367.9535
2026-05-27 10:09:27.594550000,458173.7744713053,698.4974365234375,655.9419555664062,-1.0,-1.0,-1.0,368.5946
2026-05-27 10:09:28.235584000,458106.047323972,698.4400024414062,655.89892578125,-1.0,-1.0,-1.0,369.2356
2026-05-27 10:09:28.876618000,457550.850144621,697.6134643554688,655.8801879882812,-1.0,-1.0,-1.0,369.8766
2026-05-27 10:09:29.517652000,457765.91010891646,697.8812866210938,655.9366455078125,-1.0,-1.0,-1.0,370.5177
2026-05-27 10:09:30.158686000,457859.9360319935,698.0189819335938,655.9419555664062,-1.0,-1.0,-1.0,371.1587
2026-05-27 10:09:30.799720000,458164.3661241643,698.4830932617188,655.9419555664062,-1.0,-1.0,-1.0,371.7997
2026-05-27 10:09:31.440754000,457773.434538424,697.9718627929688,655.8623046875,-1.0,-1.0,-1.0,372.4408
2026-05-27 10:09:32.081788000,457636.8630434945,697.7449951171875,655.8798217773438,-1.0,-1.0,-1.0,373.0818
2026-05-27 10:09:32.722822000,457669.7977604158,697.7609252929688,655.9120483398438,-1.0,-1.0,-1.0,373.7228
2026-05-27 10:09:33.363856000,458150.621882122,698.5175170898438,655.8899536132812,-1.0,-1.0,-1.0,374.3639
2026-05-27 10:09:34.004890000,458119.21807967126,698.5191040039062,655.843505859375,-1.0,-1.0,-1.0,375.0049
2026-05-27 10:09:34.645924000,458087.77108573914,698.46875,655.8457641601562,-1.0,-1.0,-1.0,375.6459
2026-05-27 10:09:35.286958000,457840.85355073214,698.0855712890625,655.85205078125,-1.0,-1.0,-1.0,376.287
2026-05-27 10:09:35.927992000,457669.16494043916,697.7750244140625,655.8978881835938,-1.0,-1.0,-1.0,376.928
2026-05-27 10:09:36.569026000,458164.93136212975,698.5028686523438,655.9241943359375,-1.0,-1.0,-1.0,377.569
2026-05-27 10:09:37.210060000,458237.99455976114,698.4639282226562,656.0653686523438,-1.0,-1.0,-1.0,378.2101
2026-05-27 10:09:37.851094000,457799.2561426163,697.885498046875,655.98046875,-1.0,-1.0,-1.0,378.8511
2026-05-27 10:09:38.492128000,457872.9570673704,697.891357421875,656.08056640625,-1.0,-1.0,-1.0,379.4921
2026-05-27 10:09:39.133162000,458239.3224065304,698.43359375,656.0957641601562,-1.0,-1.0,-1.0,380.1332
2026-05-27 10:09:39.774196000,457979.78548936173,698.0097045898438,656.1223754882812,-1.0,-1.0,-1.0,380.7742
2026-05-27 10:09:40.415230000,457921.4725069925,698.2457275390625,655.8170776367188,-1.0,-1.0,-1.0,381.4152
2026-05-27 10:09:41.056264000,457711.66723275185,697.877685546875,655.8623046875,-1.0,-1.0,-1.0,382.0563
2026-05-27 10:09:41.697298000,457679.2539601028,697.6168823242188,656.06103515625,-1.0,-1.0,-1.0,382.6973
2026-05-27 10:09:42.338332000,458228.06388279423,698.4487915039062,656.0653686523438,-1.0,-1.0,-1.0,383.3383
2026-05-27 10:09:42.979366000,457707.04549629986,697.622314453125,656.0957641601562,-1.0,-1.0,-1.0,383.9794
2026-05-27 10:09:43.620400000,458218.7368336618,698.4183959960938,656.08056640625,-1.0,-1.0,-1.0,384.6204
2026-05-27 10:09:44.261434000,457834.39736777544,698.1022338867188,655.8271484375,-1.0,-1.0,-1.0,385.2614
2026-05-27 10:09:44.902468000,457416.1753888428,697.1951293945312,656.08056640625,-1.0,-1.0,-1.0,385.9025
2026-05-27 10:09:45.543502000,457867.01799016446,698.0804443359375,655.8943481445312,-1.0,-1.0,-1.0,386.5435
2026-05-27 10:09:46.184536000,458259.2247255482,698.4639282226562,656.0957641601562,-1.0,-1.0,-1.0,387.1845
2026-05-27 10:09:46.825570000,457443.2119767554,697.1926879882812,656.1216430664062,-1.0,-1.0,-1.0,387.8256
2026-05-27 10:09:47.466604000,457830.81532958895,698.0397338867188,655.8807373046875,-1.0,-1.0,-1.0,388.4666
2026-05-27 10:09:48.107638000,457653.0249161087,697.5399780273438,656.0957641601562,-1.0,-1.0,-1.0,389.1076
2026-05-27 10:09:48.748672000,458239.92298739776,698.4183959960938,656.1109008789062,-1.0,-1.0,-1.0,389.7487
2026-05-27 10:09:49.389706000,457856.4122292027,698.1076049804688,655.8536376953125,-1.0,-1.0,-1.0,390.3897
2026-05-27 10:09:50.030740000,457848.05767536163,698.0804443359375,655.8671875,-1.0,-1.0,-1.0,391.0307
2026-05-27 10:09:50.671774000,457830.81532958895,698.0397338867188,655.8807373046875,-1.0,-1.0,-1.0,391.6718
2026-05-27 10:09:51.312808000,457572.6098210737,697.5704956054688,655.9517822265625,-1.0,-1.0,-1.0,392.3128
2026-05-27 10:09:51.953842000,457601.98955512047,697.5847778320312,655.98046875,-1.0,-1.0,-1.0,392.9538
2026-05-27 10:09:52.594876000,457805.596028924,698.021484375,655.8617553710938,-1.0,-1.0,-1.0,393.5949
2026-05-27 10:09:53.235910000,457620.2176197767,697.5108032226562,656.076171875,-1.0,-1.0,-1.0,394.2359
2026-05-27 10:09:53.876944000,457860.70896919817,698.1027221679688,655.8643798828125,-1.0,-1.0,-1.0,394.8769
2026-05-27 10:09:54.517978000,457682.29069027305,697.735107421875,655.9542236328125,-1.0,-1.0,-1.0,395.518
2026-05-27 10:09:55.159012000,457871.6531665325,698.03515625,655.9435424804688,-1.0,-1.0,-1.0,396.159
2026-05-27 10:09:55.800046000,457898.6438304931,697.9910278320312,656.023681640625,-1.0,-1.0,-1.0,396.8
2026-05-27 10:09:56.441080000,457860.70896919817,698.1027221679688,655.8643798828125,-1.0,-1.0,-1.0,397.4411
2026-05-27 10:09:57.082114000,457709.6752716303,697.6471557617188,656.076171875,-1.0,-1.0,-1.0,398.0821
2026-05-27 10:09:57.723148000,457694.7498741001,697.6507568359375,656.0513916015625,-1.0,-1.0,-1.0,398.7231
2026-05-27 10:09:58.364182000,458212.7486614324,698.4701538085938,656.0233764648438,-1.0,-1.0,-1.0,399.3642
2026-05-27 10:09:59.005216000,458186.75068835914,698.5191040039062,655.940185546875,-1.0,-1.0,-1.0,400.0052
2026-05-27 10:09:59.646250000,458181.3840412609,698.4758911132812,655.9730834960938,4096.0,64.0,64.0,400.6462
2026-05-27 10:10:00.287284000,457998.7308466397,697.9845581054688,656.1731567382812,4096.0,64.0,64.0,401.2873
2026-05-27 10:10:00.928318000,457794.2334072888,697.6000366210938,656.24169921875,-1.0,-1.0,-1.0,401.9283
2026-05-27 10:10:01.569352000,457699.3537957035,697.7609252929688,655.9544067382812,-1.0,-1.0,-1.0,402.5694
2026-05-27 10:10:02.210386000,457747.47410421073,697.7559204101562,656.028076171875,-1.0,-1.0,-1.0,403.2104
2026-05-27 10:10:02.851420000,458206.06399122253,698.5191040039062,655.9678344726562,-1.0,-1.0,-1.0,403.8514
2026-05-27 10:10:03.492454000,457863.43600583076,697.890869140625,656.0673828125,-1.0,-1.0,-1.0,404.4925
2026-05-27 10:10:04.133488000,457935.30243486166,698.1162109375,655.9585571289062,-1.0,-1.0,-1.0,405.1335
2026-05-27 10:10:04.774522000,457927.90457304195,698.1632690429688,655.9037475585938,-1.0,-1.0,-1.0,405.7745
2026-05-27 10:10:05.415556000,457945.20940450206,698.0762329101562,656.0103149414062,-1.0,-1.0,-1.0,406.4156
2026-05-27 10:10:06.056590000,457762.51829655096,697.6471557617188,656.1519165039062,-1.0,-1.0,-1.0,407.0566
2026-05-27 10:10:06.697624000,457878.1920498088,698.0397338867188,655.9486083984375,-1.0,-1.0,-1.0,407.6976
2026-05-27 10:10:07.338658000,457517.9748243578,698.4400024414062,655.0569458007812,-1.0,-1.0,-1.0,408.3387
2026-05-27 10:10:07.979692000,457796.29636871815,697.522216796875,656.31787109375,-1.0,-1.0,-1.0,408.9797
2026-05-27 10:10:08.620726000,457817.9845364094,697.877685546875,656.0146484375,-1.0,-1.0,-1.0,409.6207
2026-05-27 10:10:09.261760000,457936.26215972006,697.7570190429688,656.297607421875,-1.0,-1.0,-1.0,410.2618
2026-05-27 10:10:09.902794000,458025.0817604102,698.1951293945312,656.0130004882812,-1.0,-1.0,-1.0,410.9028
2026-05-27 10:10:10.543828000,457928.07552120835,697.9718627929688,656.0838623046875,-1.0,-1.0,-1.0,411.5438
2026-05-27 10:10:11.184862000,457896.6211535409,698.0533447265625,655.9622192382812,-1.0,-1.0,-1.0,412.1849
2026-05-27 10:10:11.825896000,457850.22364460304,697.6000366210938,656.3219604492188,-1.0,-1.0,-1.0,412.8259
2026-05-27 10:10:12.466930000,457938.4169039875,698.1988525390625,655.8853759765625,-1.0,-1.0,-1.0,413.4669
2026-05-27 10:10:13.107964000,457989.05437851325,698.1076049804688,656.0436401367188,-1.0,-1.0,-1.0,414.108
2026-05-27 10:10:13.748998000,458247.3587135598,698.5175170898438,656.0284423828125,-1.0,-1.0,-1.0,414.749
2026-05-27 10:10:14.390032000,457763.8161627576,697.6168823242188,656.1822509765625,-1.0,-1.0,-1.0,415.39
2026-05-27 10:10:15.031066000,458046.1278259568,697.9635620117188,656.2608032226562,-1.0,-1.0,-1.0,416.0311
2026-05-27 10:10:15.672100000,457433.1054764204,697.1714477539062,656.1271362304688,-1.0,-1.0,-1.0,416.6721
2026-05-27 10:10:16.313134000,457904.3649856746,698.0940551757812,655.93505859375,-1.0,-1.0,-1.0,417.3131
2026-05-27 10:10:16.954168000,457891.1821754649,698.0489501953125,655.9585571289062,-1.0,-1.0,-1.0,417.9542
2026-05-27 10:10:17.595202000,458228.63433098793,698.503662109375,656.0146484375,-1.0,-1.0,-1.0,418.5952
2026-05-27 10:10:18.236236000,457895.1022081375,698.1328125,655.8853759765625,-1.0,-1.0,-1.0,419.2362
2026-05-27 10:10:18.877270000,458245.775789693,698.454345703125,656.0855102539062,-1.0,-1.0,-1.0,419.8773
2026-05-27 10:10:19.518304000,457557.46744827926,698.454345703125,655.1000366210938,-1.0,-1.0,-1.0,420.5183
2026-05-27 10:10:20.159338000,457945.49653445557,698.0896606445312,655.9981079101562,-1.0,-1.0,-1.0,421.1593
2026-05-27 10:10:20.800372000,457556.88538360596,698.46875,655.085693359375,-1.0,-1.0,-1.0,421.8004
2026-05-27 10:10:21.441406000,457847.7102066614,697.6320190429688,656.2882690429688,-1.0,-1.0,-1.0,422.4414
2026-05-27 10:10:22.082440000,457645.8086354956,698.4974365234375,655.1860961914062,-1.0,-1.0,-1.0,423.0824
2026-05-27 10:10:22.723474000,457945.0968343802,698.0261840820312,656.0571899414062,-1.0,-1.0,-1.0,423.7235
2026-05-27 10:10:23.364508000,457196.90957758576,697.8915405273438,655.1116943359375,-1.0,-1.0,-1.0,424.3645
2026-05-27 10:10:24.005542000,458066.1079273671,698.106201171875,656.1553344726562,-1.0,-1.0,-1.0,425.0055
2026-05-27 10:10:24.646576000,457761.3640663251,697.5505981445312,656.2410888671875,4096.0,64.0,64.0,425.6466
2026-05-27 10:10:25.287610000,457613.1052639,698.5328979492188,655.1060180664062,4096.0,64.0,64.0,426.2876
2026-05-27 10:10:25.928644000,458039.34060551226,697.957763671875,656.2565307617188,-1.0,-1.0,-1.0,426.9286
2026-05-27 10:10:26.569678000,457973.3666594699,698.1027221679688,656.0257568359375,-1.0,-1.0,-1.0,427.5697
2026-05-27 10:10:27.210712000,458030.3104061894,698.0565795898438,656.1506958007812,-1.0,-1.0,-1.0,428.2107
2026-05-27 10:10:27.851746000,457891.1821754649,698.0489501953125,655.9585571289062,-1.0,-1.0,-1.0,428.8517
2026-05-27 10:10:28.492780000,457322.93433491886,698.004638671875,655.1860961914062,-1.0,-1.0,-1.0,429.4928
2026-05-27 10:10:29.133814000,457982.2156397104,698.1162109375,656.0257568359375,-1.0,-1.0,-1.0,430.1338
2026-05-27 10:10:29.774848000,458084.61090248823,698.4608764648438,655.8486328125,-1.0,-1.0,-1.0,430.7748
2026-05-27 10:10:30.415882000,457214.41052150726,697.983154296875,655.05078125,-1.0,-1.0,-1.0,431.4159
2026-05-27 10:10:31.056916000,457626.9721005857,698.3729858398438,655.27587890625,-1.0,-1.0,-1.0,432.0569
2026-05-27 10:10:31.697950000,458080.8776361123,698.4183959960938,655.8831787109375,-1.0,-1.0,-1.0,432.698
2026-05-27 10:10:32.338984000,457217.1417565346,698.022705078125,655.017578125,-1.0,-1.0,-1.0,433.339
2026-05-27 10:10:32.980018000,457473.7043331638,697.5980224609375,655.7841186523438,-1.0,-1.0,-1.0,433.98
2026-05-27 10:10:33.621052000,457056.5250470266,697.5980224609375,655.1860961914062,-1.0,-1.0,-1.0,434.6211
2026-05-27 10:10:34.262086000,457866.943253763,697.6251220703125,656.3223266601562,-1.0,-1.0,-1.0,435.2621
2026-05-27 10:10:34.903120000,457252.9648888558,697.983154296875,655.1060180664062,-1.0,-1.0,-1.0,435.9031
2026-05-27 10:10:35.544154000,457047.08755198866,697.5836181640625,655.1860961914062,-1.0,-1.0,-1.0,436.5442
2026-05-27 10:10:36.185188000,457179.7090596333,697.5867919921875,655.3732299804688,-1.0,-1.0,-1.0,437.1852
2026-05-27 10:10:36.826222000,457861.0531306751,698.0713500976562,655.8943481445312,-1.0,-1.0,-1.0,437.8262
2026-05-27 10:10:37.467256000,457091.2491945103,697.5260009765625,655.3035278320312,-1.0,-1.0,-1.0,438.4673
2026-05-27 10:10:38.108290000,457121.0066301003,697.5714111328125,655.3035278320312,-1.0,-1.0,-1.0,439.1083
2026-05-27 10:10:38.749324000,457428.3664133772,697.9998779296875,655.3416137695312,-1.0,-1.0,-1.0,439.7493
2026-05-27 10:10:39.390358000,457449.5049057007,698.096435546875,655.28125,-1.0,-1.0,-1.0,440.3904
2026-05-27 10:10:40.031392000,456927.54823872447,697.27099609375,655.3084106445312,-1.0,-1.0,-1.0,441.0314
2026-05-27 10:10:40.672426000,458013.96899536997,698.1119384765625,656.0752563476562,-1.0,-1.0,-1.0,441.6724
2026-05-27 10:10:41.313460000,457217.09666259214,698.0316772460938,655.0090942382812,-1.0,-1.0,-1.0,442.3135
2026-05-27 10:10:41.954494000,456907.66980366036,697.2406616210938,655.3084106445312,-1.0,-1.0,-1.0,442.9545
2026-05-27 10:10:42.595528000,457794.6626801044,698.1047973632812,655.767822265625,-1.0,-1.0,-1.0,443.5955
2026-05-27 10:10:43.236562000,457098.1348092444,697.5313110351562,655.3084106445312,-1.0,-1.0,-1.0,444.2366
2026-05-27 10:10:43.877596000,457982.78320619836,698.1027221679688,656.0392456054688,-1.0,-1.0,-1.0,444.8776
2026-05-27 10:10:44.518630000,457570.218624115,697.57373046875,655.9453125,-1.0,-1.0,-1.0,445.5186
2026-05-27 10:10:45.159664000,457228.6957165003,698.0403442382812,655.017578125,-1.0,-1.0,-1.0,446.1597
2026-05-27 10:10:45.800698000,457257.93643918633,698.07568359375,655.0263061523438,-1.0,-1.0,-1.0,446.8007
2026-05-27 10:10:46.441732000,457938.0908604115,698.0489501953125,656.0257568359375,-1.0,-1.0,-1.0,447.4417
2026-05-27 10:10:47.082766000,457019.96966171265,697.40625,655.3138427734375,-1.0,-1.0,-1.0,448.0828
2026-05-27 10:10:47.723800000,457637.0319442749,698.46875,655.200439453125,-1.0,-1.0,-1.0,448.7238
2026-05-27 10:10:48.364834000,457159.2286461964,697.5555419921875,655.3732299804688,-1.0,-1.0,-1.0,449.3648
2026-05-27 10:10:49.005868000,456807.5250558108,697.228759765625,655.1759643554688,-1.0,-1.0,-1.0,450.0059
2026-05-27 10:10:49.646902000,457796.8422871269,697.5358276367188,656.3058471679688,-1.0,-1.0,-1.0,450.6469
2026-05-27 10:10:50.287936000,457655.82736703753,698.4974365234375,655.200439453125,-1.0,-1.0,-1.0,451.2879
2026-05-27 10:10:50.928970000,457179.7090596333,697.5867919921875,655.3732299804688,-1.0,-1.0,-1.0,451.929
2026-05-27 10:10:51.570004000,458015.84352482855,698.4400024414062,655.769775390625,-1.0,-1.0,-1.0,452.57
2026-05-27 10:10:52.211038000,457738.1050578952,698.1162109375,655.6760864257812,-1.0,-1.0,-1.0,453.211
2026-05-27 10:10:52.852072000,458077.17489715666,697.9207763671875,656.3455200195312,-1.0,-1.0,-1.0,453.8521
2026-05-27 10:10:53.493106000,457483.71016417444,697.5980224609375,655.7984619140625,-1.0,-1.0,-1.0,454.4931
2026-05-27 10:10:54.134140000,457294.65511247143,698.1500854492188,655.0090942382812,-1.0,-1.0,-1.0,455.1341
2026-05-27 10:10:54.775174000,457563.490339648,697.5266723632812,655.9799194335938,-1.0,-1.0,-1.0,455.7752
2026-05-27 10:10:55.416208000,457319.42467981204,697.2658081054688,655.8753051757812,-1.0,-1.0,-1.0,456.4162
2026-05-27 10:10:56.057242000,457693.3920394778,698.0623779296875,655.66259765625,-1.0,-1.0,-1.0,457.0572
2026-05-27 10:10:56.698276000,457452.06611670554,697.614501953125,655.7376098632812,-1.0,-1.0,-1.0,457.6983
2026-05-27 10:10:57.339310000,457615.8601386547,697.583984375,656.0010986328125,-1.0,-1.0,-1.0,458.3393
2026-05-27 10:10:57.980344000,457721.5548343882,698.0623779296875,655.7029418945312,-1.0,-1.0,-1.0,458.9803
2026-05-27 10:10:58.621378000,457701.30843103677,698.0535278320312,655.6822509765625,-1.0,-1.0,-1.0,459.6214
2026-05-27 10:10:59.262412000,457585.4657088518,697.5654296875,655.9749755859375,-1.0,-1.0,-1.0,460.2624
2026-05-27 10:10:59.903446000,457284.118268732,697.2078247070312,655.8792114257812,-1.0,-1.0,-1.0,460.9034
2026-05-27 10:11:00.544480000,457207.6455894783,697.1770629882812,655.7984619140625,-1.0,-1.0,-1.0,461.5445
2026-05-27 10:11:01.185514000,457727.51476585865,698.123779296875,655.65380859375,-1.0,-1.0,-1.0,462.1855
2026-05-27 10:11:01.826548000,456953.678360939,697.42578125,655.200439453125,-1.0,-1.0,-1.0,462.8265
2026-05-27 10:11:02.467582000,457780.13201870024,698.023193359375,655.8236694335938,-1.0,-1.0,-1.0,463.4676
2026-05-27 10:11:03.108616000,457286.01798867434,697.2965698242188,655.7984619140625,-1.0,-1.0,-1.0,464.1086
2026-05-27 10:11:03.749650000,457324.4960049316,697.2532958984375,655.8943481445312,-1.0,-1.0,-1.0,464.7496
2026-05-27 10:11:04.390684000,456963.8361560777,697.4926147460938,655.1522216796875,-1.0,-1.0,-1.0,465.3907
2026-05-27 10:11:05.031718000,457498.0509913154,697.6521606445312,655.7681274414062,-1.0,-1.0,-1.0,466.0317
2026-05-27 10:11:05.672752000,457483.46551521495,697.4956665039062,655.8943481445312,-1.0,-1.0,-1.0,466.6728
2026-05-27 10:11:06.313786000,457681.56506456435,697.9693603515625,655.7330322265625,-1.0,-1.0,-1.0,467.3138
2026-05-27 10:11:06.954820000,457390.5354235247,697.4751586914062,655.7803955078125,-1.0,-1.0,-1.0,467.9548
2026-05-27 10:11:07.595854000,457529.56467443705,697.715087890625,655.754150390625,-1.0,-1.0,-1.0,468.5959
2026-05-27 10:11:08.236888000,457274.19040957466,697.1926879882812,655.8792114257812,-1.0,-1.0,-1.0,469.2369
2026-05-27 10:11:08.877922000,458026.0366405733,698.4898071289062,655.7376098632812,-1.0,-1.0,-1.0,469.8779
2026-05-27 10:11:09.518956000,457484.2694728449,697.5836181640625,655.8128051757812,-1.0,-1.0,-1.0,470.519
2026-05-27 10:11:10.159990000,457058.3081795275,697.554931640625,655.2291259765625,-1.0,-1.0,-1.0,471.16
2026-05-27 10:11:10.801024000,457634.7778237462,697.8565673828125,655.77197265625,-1.0,-1.0,-1.0,471.801
2026-05-27 10:11:11.442058000,457560.5087668225,697.7945556640625,655.7238159179688,-1.0,-1.0,-1.0,472.4421
2026-05-27 10:11:12.083092000,458045.94349523634,698.4758911132812,655.7791748046875,-1.0,-1.0,-1.0,473.0831
2026-05-27 10:11:12.724126000,457580.5376317352,697.7750244140625,655.7708740234375,-1.0,-1.0,-1.0,473.7241
2026-05-27 10:11:13.365160000,458045.89724807814,698.4400024414062,655.8128051757812,-1.0,-1.0,-1.0,474.3652
2026-05-27 10:11:14.006194000,457644.5743942112,697.8565673828125,655.7860107421875,-1.0,-1.0,-1.0,475.0062
2026-05-27 10:11:14.647228000,457635.36841383576,697.842529296875,655.7860107421875,-1.0,-1.0,-1.0,475.6472
2026-05-27 10:11:15.288262000,457453.26578064635,697.5868530273438,655.7653198242188,-1.0,-1.0,-1.0,476.2883
2026-05-27 10:11:15.929296000,457437.83489465714,697.49755859375,655.8271484375,-1.0,-1.0,-1.0,476.9293
2026-05-27 10:11:16.570330000,457185.31874243915,697.1170654296875,655.8228759765625,-1.0,-1.0,-1.0,477.5703
2026-05-27 10:11:17.211364000,457237.01184755564,697.1913452148438,655.8271484375,-1.0,-1.0,-1.0,478.2114
2026-05-27 10:11:17.852398000,457453.26578064635,697.5868530273438,655.7653198242188,-1.0,-1.0,-1.0,478.8524
2026-05-27 10:11:18.493432000,457472.725764513,697.5704956054688,655.80859375,-1.0,-1.0,-1.0,479.4934
2026-05-27 10:11:19.134466000,457396.47725474834,697.46435546875,655.799072265625,-1.0,-1.0,-1.0,480.1345
2026-05-27 10:11:19.775500000,457562.7975096479,697.7360229492188,655.7821044921875,-1.0,-1.0,-1.0,480.7755
2026-05-27 10:11:20.416534000,457175.3623585701,697.1170654296875,655.80859375,-1.0,-1.0,-1.0,481.4165
2026-05-27 10:11:21.057568000,457492.7366368845,697.5704956054688,655.8372802734375,-1.0,-1.0,-1.0,482.0576
2026-05-27 10:11:21.698602000,457591.51097106934,697.75,655.8101196289062,-1.0,-1.0,-1.0,482.6986
2026-05-27 10:11:22.339636000,457149.9182855934,697.124267578125,655.7653198242188,-1.0,-1.0,-1.0,483.3396
2026-05-27 10:11:22.980670000,457472.01664052904,697.6007080078125,655.7791748046875,-1.0,-1.0,-1.0,483.9807
2026-05-27 10:11:23.621704000,457443.6007284224,697.5868530273438,655.75146484375,-1.0,-1.0,-1.0,484.6217
2026-05-27 10:11:24.262738000,458037.7123450935,698.39697265625,655.8414916992188,-1.0,-1.0,-1.0,485.2627
2026-05-27 10:11:24.903772000,457600.213660866,697.7750244140625,655.799072265625,-1.0,-1.0,-1.0,485.9038
2026-05-27 10:11:25.544806000,457752.65420883894,698.1278076171875,655.68603515625,-1.0,-1.0,-1.0,486.5448
2026-05-27 10:11:26.185840000,457622.395871073,697.826904296875,655.7821044921875,-1.0,-1.0,-1.0,487.1858
2026-05-27 10:11:26.826874000,457579.30283886194,697.7506713867188,655.7919921875,-1.0,-1.0,-1.0,487.8269
2026-05-27 10:11:27.467908000,457721.52649670094,698.0932006835938,655.6739501953125,-1.0,-1.0,-1.0,488.4679
2026-05-27 10:11:28.108942000,457677.3537109606,697.8671264648438,655.8230590820312,-1.0,-1.0,-1.0,489.1089
2026-05-27 10:11:28.749976000,457600.8478740603,697.7609252929688,655.813232421875,-1.0,-1.0,-1.0,489.75
2026-05-27 10:11:29.391010000,457351.20742415264,697.2814331054688,655.9061889648438,-1.0,-1.0,-1.0,490.391
2026-05-27 10:11:30.032044000,457590.967470333,697.7609252929688,655.799072265625,-1.0,-1.0,-1.0,491.032
2026-05-27 10:11:30.673078000,457476.18267893046,697.4650268554688,655.9127197265625,-1.0,-1.0,-1.0,491.6731
2026-05-27 10:11:31.314112000,457709.71285656095,698.0623168945312,655.68603515625,-1.0,-1.0,-1.0,492.3141
2026-05-27 10:11:31.955146000,457469.5786528252,697.6019897460938,655.7744750976562,-1.0,-1.0,-1.0,492.9551
2026-05-27 10:11:32.596180000,457218.2384752035,697.1627197265625,655.8271484375,-1.0,-1.0,-1.0,493.5962
2026-05-27 10:11:33.237214000,457752.65420883894,698.1278076171875,655.68603515625,-1.0,-1.0,-1.0,494.2372
2026-05-27 10:11:33.878248000,457450.8704176992,697.588134765625,655.7606811523438,-1.0,-1.0,-1.0,494.8782
2026-05-27 10:11:34.519282000,457653.29982664436,697.6184692382812,656.0223388671875,-1.0,-1.0,-1.0,495.5193
2026-05-27 10:11:35.160315999,457478.62437007204,697.6157836914062,655.7744750976562,-1.0,-1.0,-1.0,496.1603
2026-05-27 10:11:35.801350000,457439.49535057694,697.4893798828125,655.8372192382812,-1.0,-1.0,-1.0,496.8014
2026-05-27 10:11:36.442384000,457453.26578064635,697.5868530273438,655.7653198242188,-1.0,-1.0,-1.0,497.4424
2026-05-27 10:11:37.083418000,457581.4722567424,697.5764770507812,655.9588623046875,-1.0,-1.0,-1.0,498.0834
2026-05-27 10:11:37.724452000,457535.0364890769,697.5260009765625,655.9397583007812,-1.0,-1.0,-1.0,498.7245
2026-05-27 10:11:38.365486000,457578.6773607731,697.53515625,655.9937133789062,-1.0,-1.0,-1.0,499.3655
2026-05-27 10:11:39.006519999,457453.8450252116,697.572998046875,655.7791748046875,-1.0,-1.0,-1.0,500.0065
2026-05-27 10:11:39.647554000,457439.13672596216,697.3328857421875,655.98388671875,-1.0,-1.0,-1.0,500.6476
2026-05-27 10:11:40.288588000,457472.59588509426,697.5868530273438,655.7930297851562,-1.0,-1.0,-1.0,501.2886
2026-05-27 10:11:40.929622000,457687.2356185131,697.8671264648438,655.8372192382812,-1.0,-1.0,-1.0,501.9296
2026-05-27 10:11:41.570656000,457573.1783883795,697.7220458984375,655.8101196289062,-1.0,-1.0,-1.0,502.5707
2026-05-27 10:11:42.211690000,457563.4262919128,697.7220458984375,655.796142578125,-1.0,-1.0,-1.0,503.2117
2026-05-27 10:11:42.852723999,457747.97176647186,698.03515625,655.766357421875,-1.0,-1.0,-1.0,503.8527
2026-05-27 10:11:43.493758000,457731.1822614856,697.9625854492188,655.8104858398438,-1.0,-1.0,-1.0,504.4938
2026-05-27 10:11:44.134792000,457195.3602236062,697.1170654296875,655.8372802734375,-1.0,-1.0,-1.0,505.1348
2026-05-27 10:11:44.775826000,458064.74689111486,698.4898071289062,655.7930297851562,-1.0,-1.0,-1.0,505.7758
2026-05-27 10:11:45.416860000,457717.76329417527,698.0885009765625,655.6729736328125,-1.0,-1.0,-1.0,506.4169
2026-05-27 10:11:46.057894000,458073.96766376495,698.4415283203125,655.8515625,-1.0,-1.0,-1.0,507.0579
2026-05-27 10:11:46.698927999,457593.35343432426,697.64794921875,655.90869140625,-1.0,-1.0,-1.0,507.6989
2026-05-27 10:11:47.339962000,458027.8119055033,698.4482421875,655.7791748046875,-1.0,-1.0,-1.0,508.34
2026-05-27 10:11:47.980996000,457588.80714650825,697.5505981445312,655.9937133789062,-1.0,-1.0,-1.0,508.981
2026-05-27 10:11:48.622030000,458006.5282396972,698.3795166015625,655.813232421875,-1.0,-1.0,-1.0,509.622
2026-05-27 10:11:49.263064000,457654.37096467614,697.8565673828125,655.800048828125,-1.0,-1.0,-1.0,510.2631
2026-05-27 10:11:49.904098000,457492.7366368845,697.5704956054688,655.8372802734375,-1.0,-1.0,-1.0,510.9041
2026-05-27 10:11:50.545131999,457512.7049329318,697.5704956054688,655.8659057617188,-1.0,-1.0,-1.0,511.5451
2026-05-27 10:11:51.186165999,457444.5543326959,697.4926147460938,655.8414306640625,-1.0,-1.0,-1.0,512.1862
2026-05-27 10:11:51.827199999,457594.26466079056,697.735107421875,655.8280639648438,-1.0,-1.0,-1.0,512.8272
2026-05-27 10:11:52.468233999,457589.56156248227,697.5897827148438,655.9579467773438,-1.0,-1.0,-1.0,513.4682
2026-05-27 10:11:53.109268000,457538.5179825425,697.6650390625,655.8140258789062,-1.0,-1.0,-1.0,514.1093
2026-05-27 10:11:53.750302000,457177.74854402244,697.1519775390625,655.7791748046875,-1.0,-1.0,-1.0,514.7503
2026-05-27 10:11:54.391336000,457601.84926337376,697.7360229492188,655.8380737304688,-1.0,-1.0,-1.0,515.3913
2026-05-27 10:11:55.032370000,457503.29767659307,697.55615234375,655.8659057617188,-1.0,-1.0,-1.0,516.0324
2026-05-27 10:11:55.673404000,457687.83313162625,697.8529052734375,655.8514404296875,-1.0,-1.0,-1.0,516.6734
2026-05-27 10:11:56.314438000,458016.3747770712,698.3795166015625,655.8273315429688,-1.0,-1.0,-1.0,517.3144
2026-05-27 10:11:56.955472000,457570.86224961653,697.6134643554688,655.9088745117188,-1.0,-1.0,-1.0,517.9555
2026-05-27 10:11:57.596506000,457501.54846444353,697.5868530273438,655.8345336914062,-1.0,-1.0,-1.0,518.5965
2026-05-27 10:11:58.237539999,457489.9789788276,697.5743408203125,655.8297119140625,-1.0,-1.0,-1.0,519.2375
2026-05-27 10:11:58.878573999,457348.338147711,697.3198852539062,655.8659057617188,-1.0,-1.0,-1.0,519.8786
2026-05-27 10:11:59.519607999,457630.36132140085,697.7609252929688,655.8555297851562,-1.0,-1.0,-1.0,520.5196
2026-05-27 10:12:00.160641999,457510.63503909856,697.6007080078125,655.8345336914062,-1.0,-1.0,-1.0,521.1606
2026-05-27 10:12:00.801676000,457580.8232899457,697.5357666015625,655.9962158203125,-1.0,-1.0,-1.0,521.8017
2026-05-27 10:12:01.442710000,457499.02545800805,697.588134765625,655.8297119140625,-1.0,-1.0,-1.0,522.4427
2026-05-27 10:12:02.083744000,457597.1714683622,697.5562744140625,656.0003662109375,-1.0,-1.0,-1.0,523.0837
2026-05-27 10:12:02.724778000,457473.1747457385,697.572998046875,655.806884765625,-1.0,-1.0,-1.0,523.7248
2026-05-27 10:12:03.365812000,457395.8872413188,697.377197265625,655.8801879882812,-1.0,-1.0,-1.0,524.3658
2026-05-27 10:12:04.006846000,457349.5239686966,697.291259765625,655.89453125,-1.0,-1.0,-1.0,525.0068
2026-05-27 10:12:04.647880000,457542.0408632755,697.5847778320312,655.89453125,-1.0,-1.0,-1.0,525.6479
2026-05-27 10:12:05.288914000,457508.28237605095,697.615234375,655.8175048828125,-1.0,-1.0,-1.0,526.2889
2026-05-27 10:12:05.929947999,457393.1472445987,697.3683471679688,655.8845825195312,-1.0,-1.0,-1.0,526.9299
2026-05-27 10:12:06.570981999,457564.35704521835,697.5836181640625,655.9276123046875,-1.0,-1.0,-1.0,527.571
2026-05-27 10:12:07.212015999,457383.73972037435,697.35400390625,655.8845825195312,-1.0,-1.0,-1.0,528.212
2026-05-27 10:12:07.853049999,457435.22071089596,697.3914794921875,655.9231567382812,-1.0,-1.0,-1.0,528.853
2026-05-27 10:12:08.494084000,457393.1472445987,697.3683471679688,655.8845825195312,-1.0,-1.0,-1.0,529.4941
2026-05-27 10:12:09.135118000,457499.02545800805,697.588134765625,655.8297119140625,-1.0,-1.0,-1.0,530.1351
2026-05-27 10:12:09.776152000,457562.00956815854,697.5847778320312,655.9231567382812,-1.0,-1.0,-1.0,530.7762
2026-05-27 10:12:10.417186000,457526.3277935982,697.48046875,655.9700927734375,-1.0,-1.0,-1.0,531.4172
2026-05-27 10:12:11.058220000,457230.56797778606,697.105224609375,655.89892578125,-1.0,-1.0,-1.0,532.0582
2026-05-27 10:12:11.699254000,457405.2546707615,697.3914794921875,655.8801879882812,-1.0,-1.0,-1.0,532.6993
2026-05-27 10:12:12.340288000,457482.839606002,697.572998046875,655.8207397460938,-1.0,-1.0,-1.0,533.3403
2026-05-27 10:12:12.981322000,457297.68627949804,697.1770629882812,655.9276123046875,-1.0,-1.0,-1.0,533.9813
2026-05-27 10:12:13.622355999,457508.64795058966,697.588134765625,655.843505859375,-1.0,-1.0,-1.0,534.6224
2026-05-27 10:12:14.263389999,457296.81459052116,697.3092041015625,655.8020629882812,-1.0,-1.0,-1.0,535.2634
2026-05-27 10:12:14.904423999,458048.3040733114,698.4205322265625,655.8345336914062,-1.0,-1.0,-1.0,535.9044
2026-05-27 10:12:15.545457999,457523.7005621642,697.4298706054688,656.013916015625,-1.0,-1.0,-1.0,536.5455
2026-05-27 10:12:16.186492000,457528.9737077281,697.5386962890625,655.9191284179688,-1.0,-1.0,-1.0,537.1865
2026-05-27 10:12:16.827526000,457252.86450359225,697.17431640625,655.8659057617188,-1.0,-1.0,-1.0,537.8275
2026-05-27 10:12:17.468560000,457544.34579640627,697.5836181640625,655.89892578125,-1.0,-1.0,-1.0,538.4686
2026-05-27 10:12:18.109594000,457534.93806645274,697.5692749023438,655.89892578125,-1.0,-1.0,-1.0,539.1096
2026-05-27 10:12:18.750628000,457254.6776615493,697.1314086914062,655.9088745117188,-1.0,-1.0,-1.0,539.7506
2026-05-27 10:12:19.391662000,457530.00810563564,697.6007080078125,655.8623046875,-1.0,-1.0,-1.0,540.3917
2026-05-27 10:12:20.032696000,457740.5778160542,698.0316772460938,655.759033203125,-1.0,-1.0,-1.0,541.0327
2026-05-27 10:12:20.673730000,457433.1573914699,697.3683471679688,655.9419555664062,-1.0,-1.0,-1.0,541.6737
2026-05-27 10:12:21.314763999,457499.6012811363,697.5743408203125,655.843505859375,-1.0,-1.0,-1.0,542.3148
2026-05-27 10:12:21.955797999,457806.94021739066,698.140869140625,655.7515258789062,-1.0,-1.0,-1.0,542.9558
2026-05-27 10:12:22.596831999,457520.3428614512,697.6007080078125,655.8484497070312,-1.0,-1.0,-1.0,543.5968
2026-05-27 10:12:23.237865999,457775.0788101107,698.0842895507812,655.759033203125,-1.0,-1.0,-1.0,544.2379
2026-05-27 10:12:23.878900000,457796.1423229426,698.0758666992188,655.797119140625,-1.0,-1.0,-1.0,544.8789
2026-05-27 10:12:24.519934000,457438.5131575316,697.385986328125,655.9330444335938,-1.0,-1.0,-1.0,545.5199
2026-05-27 10:12:25.160968000,457287.05439040065,697.1913452148438,655.89892578125,-1.0,-1.0,-1.0,546.161
2026-05-27 10:12:25.802002000,457463.40490903705,697.4344482421875,655.9231567382812,-1.0,-1.0,-1.0,546.802
2026-05-27 10:12:26.443036000,457419.6242040098,698.39697265625,654.9564819335938,-1.0,-1.0,-1.0,547.443
2026-05-27 10:12:27.084070000,457792.92750428617,698.0974731445312,655.772216796875,-1.0,-1.0,-1.0,548.0841
2026-05-27 10:12:27.725104000,457579.2007637024,697.48046875,656.0458984375,-1.0,-1.0,-1.0,548.7251
2026-05-27 10:12:28.366138000,457287.6864864193,697.1770629882812,655.9132690429688,-1.0,-1.0,-1.0,549.3661
2026-05-27 10:12:29.007172000,457800.97456783056,698.123779296875,655.759033203125,-1.0,-1.0,-1.0,550.0072
2026-05-27 10:12:29.648206000,457801.57293878496,698.1106567382812,655.772216796875,-1.0,-1.0,-1.0,550.6482
2026-05-27 10:12:30.289240000,457423.1548547521,697.3683471679688,655.9276123046875,-1.0,-1.0,-1.0,551.2892
2026-05-27 10:12:30.930274000,456610.59411421046,697.1770629882812,654.9420776367188,-1.0,-1.0,-1.0,551.9303
2026-05-27 10:12:31.571308000,456842.70697495714,697.5868530273438,654.8900756835938,-1.0,-1.0,-1.0,552.5713
2026-05-27 10:12:32.212342000,457661.5927520022,697.5684814453125,656.0812377929688,-1.0,-1.0,-1.0,553.2123
2026-05-27 10:12:32.853376000,456540.1445850134,697.0930786132812,654.919921875,-1.0,-1.0,-1.0,553.8534
2026-05-27 10:12:33.494410000,456702.5947133638,697.3782348632812,654.8850708007812,-1.0,-1.0,-1.0,554.4944
2026-05-27 10:12:34.135444000,457535.53554944694,697.554931640625,655.9132690429688,-1.0,-1.0,-1.0,555.1354
2026-05-27 10:12:34.776478000,456830.54713383317,697.49755859375,654.9564819335938,-1.0,-1.0,-1.0,555.7765
2026-05-27 10:12:35.417512000,456896.9180316478,697.5836181640625,654.9708251953125,-1.0,-1.0,-1.0,556.4175
2026-05-27 10:12:36.058546000,456877.518195007,697.5692749023438,654.9564819335938,-1.0,-1.0,-1.0,557.0585
2026-05-27 10:12:36.699580000,457203.21690268815,697.911376953125,655.1021118164062,-1.0,-1.0,-1.0,557.6996
2026-05-27 10:12:37.340614000,456804.16095838696,697.4773559570312,654.9376220703125,-1.0,-1.0,-1.0,558.3406
2026-05-27 10:12:37.981648000,458104.59533341974,698.4620971679688,655.8760986328125,-1.0,-1.0,-1.0,558.9816
2026-05-27 10:12:38.622682000,456498.1829548143,697.0661010742188,654.8850708007812,-1.0,-1.0,-1.0,559.6227
2026-05-27 10:12:39.263716000,456841.1213130802,697.483154296875,654.9851684570312,-1.0,-1.0,-1.0,560.2637
2026-05-27 10:12:39.904750000,456631.2414220646,697.1627197265625,654.9851684570312,-1.0,-1.0,-1.0,560.9048
2026-05-27 10:12:40.545784000,456558.1942046359,697.1170654296875,654.9232788085938,-1.0,-1.0,-1.0,561.5458
2026-05-27 10:12:41.186818000,456897.52903236076,697.5692749023438,654.9851684570312,-1.0,-1.0,-1.0,562.1868
2026-05-27 10:12:41.827852000,457527.9355131537,697.588134765625,655.8711547851562,-1.0,-1.0,-1.0,562.8279
2026-05-27 10:12:42.468886000,456748.76139108837,697.4437255859375,654.8897705078125,-1.0,-1.0,-1.0,563.4689
2026-05-27 10:12:43.109920000,456757.87753382325,697.3914794921875,654.951904296875,-1.0,-1.0,-1.0,564.1099
2026-05-27 10:12:43.750954000,456767.62065095454,697.4577026367188,654.9036865234375,-1.0,-1.0,-1.0,564.751
2026-05-27 10:12:44.391988000,456833.0419227332,697.5868530273438,654.876220703125,-1.0,-1.0,-1.0,565.392
2026-05-27 10:12:45.033022000,456858.1618944891,697.6157836914062,654.8850708007812,-1.0,-1.0,-1.0,566.033
2026-05-27 10:12:45.674056000,457797.27959451824,698.0489501953125,655.8240356445312,-1.0,-1.0,-1.0,566.6741
2026-05-27 10:12:46.315090000,456981.05295106396,697.5153198242188,655.1555786132812,-1.0,-1.0,-1.0,567.3151
2026-05-27 10:12:46.956124000,457131.0731039196,698.1106567382812,654.811767578125,4096.0,64.0,64.0,567.9561
2026-05-27 10:12:47.597158000,456851.7804641649,697.6007080078125,654.8900756835938,4096.0,64.0,64.0,568.5972
2026-05-27 10:12:48.238192000,456511.43568525463,697.0716552734375,654.8988647460938,-1.0,-1.0,-1.0,569.2382
2026-05-27 10:12:48.879226000,457140.2341019176,698.1106567382812,654.8248901367188,-1.0,-1.0,-1.0,569.8792
2026-05-27 10:12:49.520260000,457036.43194307014,698.1969604492188,654.5952758789062,-1.0,-1.0,-1.0,570.5203
2026-05-27 10:12:50.161294000,456868.0336180441,697.5740356445312,654.9384155273438,-1.0,-1.0,-1.0,571.1613
2026-05-27 10:12:50.802328000,457133.76261518896,698.1449584960938,654.783447265625,-1.0,-1.0,-1.0,571.8023
2026-05-27 10:12:51.443362000,457122.44033159316,698.0974731445312,654.811767578125,-1.0,-1.0,-1.0,572.4434
2026-05-27 10:12:52.084396000,456758.5260259956,697.377197265625,654.9662475585938,-1.0,-1.0,-1.0,573.0844
2026-05-27 10:12:52.725430000,457000.58999088407,697.5335083007812,655.16650390625,-1.0,-1.0,-1.0,573.7254
2026-05-27 10:12:53.366464000,456877.4502215162,697.6157836914062,654.9127197265625,-1.0,-1.0,-1.0,574.3665
2026-05-27 10:12:54.007498000,457790.44299807027,698.0443725585938,655.8185424804688,-1.0,-1.0,-1.0,575.0075
2026-05-27 10:12:54.648532000,457109.2717574537,698.0354614257812,654.85107421875,-1.0,-1.0,-1.0,575.6485
2026-05-27 10:12:55.289566000,456593.5829730481,697.105224609375,654.9851684570312,-1.0,-1.0,-1.0,576.2896
2026-05-27 10:12:55.930600000,457686.92651965097,697.5335083007812,656.1504516601562,-1.0,-1.0,-1.0,576.9306
2026-05-27 10:12:56.571634000,457811.8987254724,698.0397338867188,655.8536376953125,-1.0,-1.0,-1.0,577.5716
2026-05-27 10:12:57.212668000,456877.518195007,697.5692749023438,654.9564819335938,-1.0,-1.0,-1.0,578.2127
2026-05-27 10:12:57.853702000,457151.1901648119,698.0533447265625,654.8943481445312,-1.0,-1.0,-1.0,578.8537
2026-05-27 10:12:58.494736000,456969.2392499745,697.4856567382812,655.16650390625,-1.0,-1.0,-1.0,579.4947
2026-05-27 10:12:59.135770000,457779.060300488,698.0354614257812,655.8106079101562,-1.0,-1.0,-1.0,580.1358
2026-05-27 10:12:59.776804000,456831.1171296537,697.483154296875,654.9708251953125,-1.0,-1.0,-1.0,580.7768
2026-05-27 10:13:00.417838000,456858.75112933293,697.6019897460938,654.8988647460938,-1.0,-1.0,-1.0,581.4178
2026-05-27 10:13:01.058872000,456790.9002614245,697.2658081054688,655.1173095703125,-1.0,-1.0,-1.0,582.0589
2026-05-27 10:13:01.699906000,456879.5530985221,697.6283569335938,654.9039306640625,-1.0,-1.0,-1.0,582.6999
2026-05-27 10:13:02.340940000,456993.33608387783,697.5288696289062,655.1604614257812,-1.0,-1.0,-1.0,583.3409
2026-05-27 10:13:02.981974000,456935.8055761494,697.6801147460938,654.9359741210938,-1.0,-1.0,-1.0,583.982
2026-05-27 10:13:03.623008000,457118.1048926711,698.0489501953125,654.85107421875,-1.0,-1.0,-1.0,584.623
2026-05-27 10:13:04.264042000,456956.3815809116,697.5980224609375,655.0425415039062,-1.0,-1.0,-1.0,585.264
2026-05-27 10:13:04.905076000,456882.5480063595,697.5591430664062,654.9732055664062,-1.0,-1.0,-1.0,585.9051
2026-05-27 10:13:05.546110000,456542.7726535052,697.099365234375,654.9177856445312,-1.0,-1.0,-1.0,586.5461
2026-05-27 10:13:06.187144000,456871.1109525338,697.6007080078125,654.9177856445312,-1.0,-1.0,-1.0,587.1871
2026-05-27 10:13:06.828178000,457111.76448008046,698.0753784179688,654.8171997070312,-1.0,-1.0,-1.0,587.8282
2026-05-27 10:13:07.469212000,456806.6330997348,697.420166015625,654.994873046875,-1.0,-1.0,-1.0,588.4692
2026-05-27 10:13:08.110246000,456889.8102879524,697.614501953125,654.931640625,-1.0,-1.0,-1.0,589.1102
2026-05-27 10:13:08.751280000,456969.95571792126,697.4697265625,655.1824951171875,-1.0,-1.0,-1.0,589.7513
2026-05-27 10:13:09.392314000,457425.5728551671,698.4620971679688,654.9039306640625,-1.0,-1.0,-1.0,590.3923
2026-05-27 10:13:10.033348000,456603.5817357302,697.105224609375,654.99951171875,-1.0,-1.0,-1.0,591.0333
2026-05-27 10:13:10.674382000,457044.01265341043,697.8056640625,654.9732055664062,-1.0,-1.0,-1.0,591.6744
2026-05-27 10:13:11.315416000,456634.59935568273,697.1658325195312,654.987060546875,-1.0,-1.0,-1.0,592.3154
2026-05-27 10:13:11.956450000,456836.2976757139,697.4784545898438,654.982666015625,-1.0,-1.0,-1.0,592.9564
2026-05-27 10:13:12.597484000,456591.55391448736,697.1351928710938,654.9541015625,-1.0,-1.0,-1.0,593.5975
2026-05-27 10:13:13.238518000,456598.14738605917,697.1170654296875,654.9805908203125,-1.0,-1.0,-1.0,594.2385
2026-05-27 10:13:13.879552000,457473.3160434887,698.4758911132812,654.9593505859375,-1.0,-1.0,-1.0,594.8796
2026-05-27 10:13:14.520586000,456768.2555017993,697.3846435546875,654.9732055664062,-1.0,-1.0,-1.0,595.5206
2026-05-27 10:13:15.161620000,457518.4711405076,698.4913940429688,655.0094604492188,-1.0,-1.0,-1.0,596.1616
2026-05-27 10:13:15.802654000,456756.0084056109,697.271728515625,655.0617065429688,-1.0,-1.0,-1.0,596.8027
2026-05-27 10:13:16.443688000,457021.14230436087,697.5206909179688,655.2080078125,-1.0,-1.0,-1.0,597.4437
2026-05-27 10:13:17.084722000,456803.99403422326,697.3145751953125,655.0902709960938,-1.0,-1.0,-1.0,598.0847
2026-05-27 10:13:17.725756000,456826.51091767475,697.2518920898438,655.1814575195312,-1.0,-1.0,-1.0,598.7258
2026-05-27 10:13:18.366790000,456590.3912757039,697.06884765625,655.0147705078125,-1.0,-1.0,-1.0,599.3668
2026-05-27 10:13:19.007824000,457090.4462275505,697.62646484375,655.2080078125,-1.0,-1.0,-1.0,600.0078
2026-05-27 10:13:19.648858000,457017.29883661866,697.5260009765625,655.197509765625,-1.0,-1.0,-1.0,600.6489
2026-05-27 10:13:20.289892000,456650.63583883643,697.1770629882812,654.99951171875,-1.0,-1.0,-1.0,601.2899
2026-05-27 10:13:20.930926000,456946.946153678,697.5836181640625,655.0425415039062,-1.0,-1.0,-1.0,601.9309
2026-05-27 10:13:21.571960000,457160.3054528758,698.0711669921875,654.8906860351562,-1.0,-1.0,-1.0,602.572
2026-05-27 10:13:22.212994000,456836.57458599657,697.4859619140625,654.9760131835938,-1.0,-1.0,-1.0,603.213
2026-05-27 10:13:22.854028000,456954.5609505363,697.6157836914062,655.0232543945312,-1.0,-1.0,-1.0,603.854
2026-05-27 10:13:23.495062000,457112.7750442475,697.5828247070312,655.281005859375,-1.0,-1.0,-1.0,604.4951
2026-05-27 10:13:24.136096000,456828.4169780165,697.377197265625,655.0664672851562,-1.0,-1.0,-1.0,605.1361
2026-05-27 10:13:24.777130000,457133.72812923044,697.5887451171875,655.3054809570312,-1.0,-1.0,-1.0,605.7771
2026-05-27 10:13:25.418164000,457040.13345336914,697.75,655.0198974609375,-1.0,-1.0,-1.0,606.4182
2026-05-27 10:13:26.059198000,457265.50219922885,698.1146850585938,655.0005493164062,-1.0,-1.0,-1.0,607.0592
2026-05-27 10:13:26.700232000,456833.0400902927,697.25146484375,655.1912231445312,-1.0,-1.0,-1.0,607.7002
2026-05-27 10:13:27.341266000,457178.66901934147,698.0711669921875,654.9169921875,-1.0,-1.0,-1.0,608.3413
2026-05-27 10:13:27.982300000,456871.1109525338,697.6007080078125,654.9177856445312,-1.0,-1.0,-1.0,608.9823
2026-05-27 10:13:28.623334000,456922.4123546183,697.4544677734375,655.128662109375,-1.0,-1.0,-1.0,609.6233
2026-05-27 10:13:29.264368000,456913.4276739359,697.49169921875,655.080810546875,-1.0,-1.0,-1.0,610.2644
2026-05-27 10:13:29.905402000,456917.3818276897,697.2658081054688,655.2987060546875,-1.0,-1.0,-1.0,610.9054
2026-05-27 10:13:30.546436000,457268.8289482333,698.1106567382812,655.0090942382812,-1.0,-1.0,-1.0,611.5464
2026-05-27 10:13:31.187470000,456948.979972098,697.5868530273438,655.0424194335938,-1.0,-1.0,-1.0,612.1875
2026-05-27 10:13:31.828504000,457193.4725834504,698.0885009765625,654.9219360351562,-1.0,-1.0,-1.0,612.8285
2026-05-27 10:13:32.469538000,457274.0974823162,698.1278076171875,655.0005493164062,-1.0,-1.0,-1.0,613.4695
2026-05-27 10:13:33.110572000,457454.852140788,697.5692749023438,655.7841186523438,-1.0,-1.0,-1.0,614.1106
2026-05-27 10:13:33.751606000,457267.75463984907,698.0623779296875,655.0528564453125,-1.0,-1.0,-1.0,614.7516
2026-05-27 10:13:34.392640000,456873.91200270504,697.3984985351562,655.1116943359375,-1.0,-1.0,-1.0,615.3926
2026-05-27 10:13:35.033674000,456891.8213773966,697.357421875,655.1759643554688,-1.0,-1.0,-1.0,616.0337
2026-05-27 10:13:35.674708000,457232.0997376554,698.1106567382812,654.9564819335938,-1.0,-1.0,-1.0,616.6747
2026-05-27 10:13:36.315742000,456873.91200270504,697.3984985351562,655.1116943359375,-1.0,-1.0,-1.0,617.3157
2026-05-27 10:13:36.956776000,457130.925775297,697.5865478515625,655.3035278320312,-1.0,-1.0,-1.0,617.9568
2026-05-27 10:13:37.597810000,457277.42434345186,698.123779296875,655.0090942382812,-1.0,-1.0,-1.0,618.5978
2026-05-27 10:13:38.238844000,457318.301491715,698.1204833984375,655.0707397460938,-1.0,-1.0,-1.0,619.2388
2026-05-27 10:13:38.879878000,456910.53612051904,697.385986328125,655.1759643554688,-1.0,-1.0,-1.0,619.8799
2026-05-27 10:13:39.520912000,456814.0969917029,697.2030029296875,655.2095947265625,-1.0,-1.0,-1.0,620.5209
2026-05-27 10:13:40.161946000,456865.7150240503,697.3920288085938,655.1060180664062,-1.0,-1.0,-1.0,621.1619
2026-05-27 10:13:40.802980000,456908.31059369445,697.377197265625,655.1810302734375,-1.0,-1.0,-1.0,621.803
2026-05-27 10:13:41.444014000,457256.9069161415,698.1015625,655.0005493164062,-1.0,-1.0,-1.0,622.444
2026-05-27 10:13:42.085048000,456677.4082632512,697.1314086914062,655.080810546875,-1.0,-1.0,-1.0,623.085
2026-05-27 10:13:42.726082000,456861.4034068957,697.3056030273438,655.1810302734375,-1.0,-1.0,-1.0,623.7261
2026-05-27 10:13:43.367116000,457279.9718066007,698.1318969726562,655.005126953125,-1.0,-1.0,-1.0,624.3671
2026-05-27 10:13:44.008150000,457267.75463984907,698.0623779296875,655.0528564453125,-1.0,-1.0,-1.0,625.0082
2026-05-27 10:13:44.649184000,457265.49005926773,698.0397338867188,655.0708618164062,-1.0,-1.0,-1.0,625.6492
2026-05-27 10:13:45.290218000,457015.4183678329,697.614501953125,655.1116943359375,-1.0,-1.0,-1.0,626.2902
2026-05-27 10:13:45.931252000,457346.38739811257,698.2290649414062,655.0090942382812,-1.0,-1.0,-1.0,626.9313
2026-05-27 10:13:46.572286000,457267.75463984907,698.0623779296875,655.0528564453125,-1.0,-1.0,-1.0,627.5723
2026-05-27 10:13:47.213320000,457627.5942426324,698.454345703125,655.200439453125,-1.0,-1.0,-1.0,628.2133
2026-05-27 10:13:47.854354000,457708.73032414913,698.0623779296875,655.6845703125,-1.0,-1.0,-1.0,628.8544
2026-05-27 10:13:48.495388000,457788.58327015117,698.2008666992188,655.6688842773438,-1.0,-1.0,-1.0,629.4954
2026-05-27 10:13:49.136422000,457284.35929270834,697.2606201171875,655.8298950195312,-1.0,-1.0,-1.0,630.1364
2026-05-27 10:13:49.777456000,457270.5294585526,698.0711669921875,655.048583984375,-1.0,-1.0,-1.0,630.7775
2026-05-27 10:13:50.418490000,457202.314556472,697.1886596679688,655.7799072265625,-1.0,-1.0,-1.0,631.4185
2026-05-27 10:13:51.059524000,457381.7168231495,697.4773559570312,655.7656860351562,-1.0,-1.0,-1.0,632.0595
2026-05-27 10:13:51.700558000,456976.03772144765,697.4859619140625,655.1759643554688,-1.0,-1.0,-1.0,632.7006
2026-05-27 10:13:52.341592000,457607.5953389257,698.503662109375,655.1255493164062,-1.0,-1.0,-1.0,633.3416
2026-05-27 10:13:52.982626000,456784.78433621675,697.1886596679688,655.1810302734375,-1.0,-1.0,-1.0,633.9826
2026-05-27 10:13:53.623660000,456712.4132152647,697.1519775390625,655.1116943359375,-1.0,-1.0,-1.0,634.6237
2026-05-27 10:13:54.264694000,456917.66803760827,697.3914794921875,655.1810302734375,-1.0,-1.0,-1.0,635.2647
2026-05-27 10:13:54.905728000,456874.7915051356,697.4058837890625,655.1060180664062,-1.0,-1.0,-1.0,635.9057
2026-05-27 10:13:55.546762000,456954.55909825116,697.4784545898438,655.1522216796875,-1.0,-1.0,-1.0,636.5468
2026-05-27 10:13:56.187796000,457291.29795156047,698.0101928710938,655.1355590820312,-1.0,-1.0,-1.0,637.1878
2026-05-27 10:13:56.828830000,457034.3078020178,697.5847778320312,655.1666870117188,-1.0,-1.0,-1.0,637.8288
2026-05-27 10:13:57.469864000,457043.705029279,697.59912109375,655.1666870117188,-1.0,-1.0,-1.0,638.4699
2026-05-27 10:13:58.110898000,457414.6481490731,697.5868530273438,655.7099609375,-1.0,-1.0,-1.0,639.1109
2026-05-27 10:13:58.751932000,457214.04418832064,697.93408203125,655.0963134765625,-1.0,-1.0,-1.0,639.7519
2026-05-27 10:13:59.392966000,456997.3052332178,697.5868530273438,655.1116943359375,-1.0,-1.0,-1.0,640.393
2026-05-27 10:14:00.034000000,457571.43523201346,698.4576416015625,655.116943359375,-1.0,-1.0,-1.0,641.034
2026-05-27 10:14:00.675034000,457709.7073030472,698.1106567382812,655.640625,-1.0,-1.0,-1.0,641.675
2026-05-27 10:14:01.316068000,457098.3132653311,697.0798950195312,655.7330322265625,-1.0,-1.0,-1.0,642.3161
2026-05-27 10:14:01.957102000,457139.6174550578,697.5218505859375,655.3767700195312,-1.0,-1.0,-1.0,642.9571
2026-05-27 10:14:02.598136000,457233.7597187385,698.0711669921875,654.9959106445312,-1.0,-1.0,-1.0,643.5981
2026-05-27 10:14:03.239170000,457025.7122813165,697.6007080078125,655.139404296875,-1.0,-1.0,-1.0,644.2392
2026-05-27 10:14:03.880204000,457282.0573836565,697.3846435546875,655.7099609375,-1.0,-1.0,-1.0,644.8802
2026-05-27 10:14:04.521238000,457150.3271544054,697.1287841796875,655.7616577148438,-1.0,-1.0,-1.0,645.5212
2026-05-27 10:14:05.162272000,457484.8802604228,697.680908203125,655.7222290039062,-1.0,-1.0,-1.0,646.1623
2026-05-27 10:14:05.803306000,457418.24886127934,697.4035034179688,655.8875122070312,-1.0,-1.0,-1.0,646.8033
2026-05-27 10:14:06.444340000,457683.8162212372,698.0711669921875,655.640625,-1.0,-1.0,-1.0,647.4443
2026-05-27 10:14:07.085374000,457356.8095125705,697.485595703125,655.7222290039062,-1.0,-1.0,-1.0,648.0854
2026-05-27 10:14:07.726408000,457987.376678966,698.3878173828125,655.7780151367188,-1.0,-1.0,-1.0,648.7264
2026-05-27 10:14:08.367442000,457522.0022911392,697.5374145507812,655.9103393554688,-1.0,-1.0,-1.0,649.3674
2026-05-27 10:14:09.008476000,457292.79234612733,697.4058837890625,655.7053833007812,-1.0,-1.0,-1.0,650.0085
2026-05-27 10:14:09.649510000,457297.2645772062,697.3485717773438,655.7656860351562,-1.0,-1.0,-1.0,650.6495
2026-05-27 10:14:10.290544000,457513.9646265507,697.53515625,655.9009399414062,-1.0,-1.0,-1.0,651.2905
2026-05-27 10:14:10.931578000,457348.80819015205,697.4437255859375,655.7501220703125,-1.0,-1.0,-1.0,651.9316
2026-05-27 10:14:11.572612000,457282.0573836565,697.3846435546875,655.7099609375,-1.0,-1.0,-1.0,652.5726
2026-05-27 10:14:12.213646000,457134.0026037991,697.1489868164062,655.71923828125,-1.0,-1.0,-1.0,653.2136
2026-05-27 10:14:12.854680000,456822.40183050185,697.3362426757812,655.0963134765625,-1.0,-1.0,-1.0,653.8547
2026-05-27 10:14:13.495714000,456928.1992453858,697.4977416992188,655.0963134765625,-1.0,-1.0,-1.0,654.4957
2026-05-27 10:14:14.136748000,457347.6444496773,697.4716186523438,655.7222290039062,-1.0,-1.0,-1.0,655.1367
2026-05-27 10:14:14.777782000,457540.6617578119,697.5555419921875,655.9200439453125,-1.0,-1.0,-1.0,655.7778
2026-05-27 10:14:15.418816000,457220.9302274287,697.2815551757812,655.71923828125,-1.0,-1.0,-1.0,656.4188
2026-05-27 10:14:16.059850000,457248.1651341319,697.2867431640625,655.75341796875,-1.0,-1.0,-1.0,657.0598
2026-05-27 10:14:16.700884000,457164.2222712748,697.1456909179688,655.7656860351562,-1.0,-1.0,-1.0,657.7009
2026-05-27 10:14:17.341918000,457229.9751827419,697.2953491210938,655.71923828125,-1.0,-1.0,-1.0,658.3419
2026-05-27 10:14:17.982952000,457443.6007284224,697.5868530273438,655.75146484375,-1.0,-1.0,-1.0,658.983
2026-05-27 10:14:18.623986000,456668.0219788179,697.3914794921875,654.8230590820312,-1.0,-1.0,-1.0,659.624
2026-05-27 10:14:19.265019999,457701.6231634319,698.0842895507812,655.65380859375,-1.0,-1.0,-1.0,660.265
2026-05-27 10:14:19.906054000,457702.17978770286,698.0711669921875,655.6669311523438,-1.0,-1.0,-1.0,660.9061
2026-05-27 10:14:20.547088000,457554.52906022593,697.5374145507812,655.9569702148438,-1.0,-1.0,-1.0,661.5471
2026-05-27 10:14:21.188122000,456632.8235800266,697.357421875,654.8045654296875,-1.0,-1.0,-1.0,662.1881
2026-05-27 10:14:21.829156000,457274.0836245753,697.3430786132812,655.7376098632812,-1.0,-1.0,-1.0,662.8292
2026-05-27 10:14:22.470190000,457726.0701562911,698.0533447265625,655.7178955078125,-1.0,-1.0,-1.0,663.4702
2026-05-27 10:14:23.111224000,457703.90560359135,698.0354614257812,655.7029418945312,-1.0,-1.0,-1.0,664.1112
2026-05-27 10:14:23.752258000,457415.2422987893,697.3250732421875,655.9569702148438,-1.0,-1.0,-1.0,664.7523
2026-05-27 10:14:24.393292000,456594.8081738055,697.3145751953125,654.790283203125,-1.0,-1.0,-1.0,665.3933
2026-05-27 10:14:25.034326000,456748.7659750879,697.5772705078125,654.764404296875,-1.0,-1.0,-1.0,666.0343
2026-05-27 10:14:25.675360000,457368.26203430444,697.4437255859375,655.7780151367188,-1.0,-1.0,-1.0,666.6754
2026-05-27 10:14:26.316394000,456604.76737855375,697.3145751953125,654.8045654296875,-1.0,-1.0,-1.0,667.3164
2026-05-27 10:14:26.957427999,457306.0210030675,697.2965698242188,655.8271484375,-1.0,-1.0,-1.0,667.9574
2026-05-27 10:14:27.598462000,456552.63113923743,697.2815551757812,654.7608032226562,-1.0,-1.0,-1.0,668.5985
2026-05-27 10:14:28.239496000,457370.1935370639,697.4423217773438,655.7821044921875,-1.0,-1.0,-1.0,669.2395
2026-05-27 10:14:28.880530000,456953.24991040677,698.1354370117188,654.5338134765625,-1.0,-1.0,-1.0,669.8805
2026-05-27 10:14:29.521564000,456894.6210320033,697.5315551757812,655.0164184570312,-1.0,-1.0,-1.0,670.5216
2026-05-27 10:14:30.162598000,456507.4325022474,697.2125244140625,654.7608032226562,-1.0,-1.0,-1.0,671.1626
2026-05-27 10:14:30.803632000,456634.0382631719,697.328857421875,654.8331298828125,-1.0,-1.0,-1.0,671.8036
2026-05-27 10:14:31.444666000,456614.726583302,697.3145751953125,654.81884765625,-1.0,-1.0,-1.0,672.4447
2026-05-27 10:14:32.085700000,456542.346979022,697.2461547851562,654.779296875,-1.0,-1.0,-1.0,673.0857
2026-05-27 10:14:32.726734000,456753.3674377352,697.588134765625,654.7608032226562,-1.0,-1.0,-1.0,673.7267
2026-05-27 10:14:33.367768000,456652.1356678605,697.3717041015625,654.81884765625,-1.0,-1.0,-1.0,674.3678
2026-05-27 10:14:34.008802000,456655.8113145456,697.3683471679688,654.8272705078125,-1.0,-1.0,-1.0,675.0088
2026-05-27 10:14:34.649835999,456762.9899303168,697.588134765625,654.7745971679688,-1.0,-1.0,-1.0,675.6498
2026-05-27 10:14:35.290870000,456791.8999854624,697.588134765625,654.8160400390625,-1.0,-1.0,-1.0,676.2909
2026-05-27 10:14:35.931904000,456421.17553031817,697.0661010742188,654.7745971679688,-1.0,-1.0,-1.0,676.9319
2026-05-27 10:14:36.572938000,456626.14028828964,697.3644409179688,654.7883911132812,-1.0,-1.0,-1.0,677.5729
2026-05-27 10:14:37.213972000,456817.8669832796,697.5882568359375,654.8531494140625,-1.0,-1.0,-1.0,678.214
2026-05-27 10:14:37.855006000,456810.00494555384,697.6157836914062,654.8160400390625,-1.0,-1.0,-1.0,678.855
2026-05-27 10:14:38.496040000,456589.22986850515,697.2896118164062,654.8057250976562,-1.0,-1.0,-1.0,679.496
2026-05-27 10:14:39.137074000,457088.21104288474,698.1449584960938,654.7182006835938,-1.0,-1.0,-1.0,680.1371
2026-05-27 10:14:39.778108000,456813.1620655954,697.6007080078125,654.834716796875,-1.0,-1.0,-1.0,680.7781
2026-05-27 10:14:40.419142000,456926.3766111657,697.5867309570312,655.0101318359375,-1.0,-1.0,-1.0,681.4191
2026-05-27 10:14:41.060176000,456528.39049838483,697.1658325195312,654.834716796875,-1.0,-1.0,-1.0,682.0602
2026-05-27 10:14:41.701210000,456495.3063677177,697.1351928710938,654.8160400390625,-1.0,-1.0,-1.0,682.7012
2026-05-27 10:14:42.342243999,457011.693146009,698.0623168945312,654.6860961914062,-1.0,-1.0,-1.0,683.3422
2026-05-27 10:14:42.983278000,457385.6974741258,698.4898071289062,654.8208618164062,-1.0,-1.0,-1.0,683.9833
2026-05-27 10:14:43.624312000,457081.44299827516,698.140869140625,654.7123413085938,-1.0,-1.0,-1.0,684.6243
2026-05-27 10:14:44.265346000,456532.28966134787,697.14306640625,654.8616943359375,-1.0,-1.0,-1.0,685.2653
2026-05-27 10:14:44.906380000,456522.9879862815,697.1627807617188,654.829833984375,-1.0,-1.0,-1.0,685.9064
2026-05-27 10:14:45.547414000,457385.6974741258,698.4898071289062,654.8208618164062,-1.0,-1.0,-1.0,686.5474
2026-05-27 10:14:46.188448000,456968.1244764626,697.85302734375,654.8200073242188,-1.0,-1.0,-1.0,687.1884
2026-05-27 10:14:46.829482000,456801.52247804403,697.588134765625,654.829833984375,-1.0,-1.0,-1.0,687.8295
2026-05-27 10:14:47.470516000,457026.3415899575,698.027099609375,654.7401123046875,-1.0,-1.0,-1.0,688.4705
2026-05-27 10:14:48.111550000,457294.89710652083,698.3284912109375,654.8421020507812,-1.0,-1.0,-1.0,689.1116
2026-05-27 10:14:48.752584000,456785.35176090896,697.572998046875,654.8208618164062,-1.0,-1.0,-1.0,689.7526
2026-05-27 10:14:49.393618000,456509.6587491408,697.1519775390625,654.8208618164062,-1.0,-1.0,-1.0,690.3936
2026-05-27 10:14:50.034651999,456989.8430727795,697.6521606445312,655.0396728515625,-1.0,-1.0,-1.0,691.0347
2026-05-27 10:14:50.675686000,456653.82430631295,697.3920288085938,654.8021850585938,-1.0,-1.0,-1.0,691.6757
2026-05-27 10:14:51.316720000,456618.87035760283,697.3092041015625,654.829833984375,-1.0,-1.0,-1.0,692.3167
2026-05-27 10:14:51.957754000,457020.7416655496,698.1903076171875,654.5790405273438,-1.0,-1.0,-1.0,692.9578
2026-05-27 10:14:52.598788000,456834.53559879586,697.5847778320312,654.8803100585938,-1.0,-1.0,-1.0,693.5988
2026-05-27 10:14:53.239822000,457056.2750142887,698.0885009765625,654.7254028320312,-1.0,-1.0,-1.0,694.2398
2026-05-27 10:14:53.880856000,456804.0893433839,697.5868530273438,654.834716796875,-1.0,-1.0,-1.0,694.8809
2026-05-27 10:14:54.521890000,456554.97679910064,697.226318359375,654.8160400390625,-1.0,-1.0,-1.0,695.5219
2026-05-27 10:14:55.162924000,456681.33781123906,697.3846435546875,654.8485717773438,-1.0,-1.0,-1.0,696.1629
2026-05-27 10:14:55.803958000,456813.1620655954,697.6007080078125,654.834716796875,-1.0,-1.0,-1.0,696.804
2026-05-27 10:14:56.444992000,457349.9590937197,698.4412841796875,654.815185546875,-1.0,-1.0,-1.0,697.445
2026-05-27 10:14:57.086026000,456671.6755606234,697.3846435546875,654.834716796875,-1.0,-1.0,-1.0,698.086
2026-05-27 10:14:57.727059999,457414.1255135685,698.503662109375,654.8485717773438,-1.0,-1.0,-1.0,698.7271
2026-05-27 10:14:58.368094000,457176.6975865066,697.9149169921875,655.060791015625,-1.0,-1.0,-1.0,699.3681
2026-05-27 10:14:59.009128000,456841.52569046617,697.614501953125,654.8624267578125,-1.0,-1.0,-1.0,700.0091
2026-05-27 10:14:59.650162000,457115.15186429024,698.1063842773438,654.79296875,-1.0,-1.0,-1.0,700.6502
2026-05-27 10:15:00.291196000,456828.6605064422,697.6295776367188,654.829833984375,-1.0,-1.0,-1.0,701.2912
2026-05-27 10:15:00.932230000,457058.6732165739,698.0842895507812,654.7327880859375,-1.0,-1.0,-1.0,701.9322
2026-05-27 10:15:01.573264000,456662.01331000775,697.3846435546875,654.8208618164062,-1.0,-1.0,-1.0,702.5733
2026-05-27 10:15:02.214298000,456634.07392188907,697.17626953125,654.9765014648438,-1.0,-1.0,-1.0,703.2143
2026-05-27 10:15:02.855332000,456519.31777617335,697.1519775390625,654.834716796875,-1.0,-1.0,-1.0,703.8553
2026-05-27 10:15:03.496366000,456645.42166595906,697.3644409179688,654.8160400390625,-1.0,-1.0,-1.0,704.4964
2026-05-27 10:15:04.137400000,457084.282874912,698.0753784179688,654.77783203125,-1.0,-1.0,-1.0,705.1374
2026-05-27 10:15:04.778434000,456790.56026666984,697.5098266601562,654.8876342773438,-1.0,-1.0,-1.0,705.7784
2026-05-27 10:15:05.419467999,457045.9684500843,698.049072265625,654.7476196289062,-1.0,-1.0,-1.0,706.4195
2026-05-27 10:15:06.060502000,456673.3121388778,697.3431396484375,654.8760375976562,-1.0,-1.0,-1.0,707.0605
2026-05-27 10:15:06.701536000,456731.2520766705,697.385986328125,654.9188842773438,-1.0,-1.0,-1.0,707.7015
2026-05-27 10:15:07.342570000,456697.0602636896,697.4022827148438,654.8545532226562,-1.0,-1.0,-1.0,708.3426
2026-05-27 10:15:07.983604000,456708.59783676267,697.377197265625,654.8946533203125,-1.0,-1.0,-1.0,708.9836
2026-05-27 10:15:08.624638000,456768.05933152884,697.4573974609375,654.9046020507812,-1.0,-1.0,-1.0,709.6246
2026-05-27 10:15:09.265672000,457062.7066307366,698.0403442382812,654.77978515625,-1.0,-1.0,-1.0,710.2657
2026-05-27 10:15:09.906706000,456655.32867346704,697.3596801757812,654.834716796875,-1.0,-1.0,-1.0,710.9067
2026-05-27 10:15:10.547740000,456620.0015434027,697.2815551757812,654.857421875,-1.0,-1.0,-1.0,711.5477
2026-05-27 10:15:11.188774000,456497.0159301758,697.09375,654.857421875,-1.0,-1.0,-1.0,712.1888
2026-05-27 10:15:11.829808000,456715.40610352904,697.4302978515625,654.8545532226562,-1.0,-1.0,-1.0,712.8298
2026-05-27 10:15:12.470842000,456813.5660194531,697.5783081054688,654.8563232421875,-1.0,-1.0,-1.0,713.4708
2026-05-27 10:15:13.111875999,456750.77927777544,697.4423217773438,654.8939819335938,-1.0,-1.0,-1.0,714.1119
2026-05-27 10:15:13.752910000,456629.0346108675,697.2953491210938,654.857421875,-1.0,-1.0,-1.0,714.7529
2026-05-27 10:15:14.393944000,456606.1387070492,697.2391357421875,654.8773803710938,-1.0,-1.0,-1.0,715.3939
2026-05-27 10:15:15.034978000,456840.64387922734,697.5743408203125,654.8988647460938,-1.0,-1.0,-1.0,716.035
2026-05-27 10:15:15.676012000,456890.8092571646,697.6549072265625,654.8951416015625,-1.0,-1.0,-1.0,716.676
2026-05-27 10:15:16.317046000,456665.83537022024,697.3367919921875,654.8712768554688,-1.0,-1.0,-1.0,717.317
2026-05-27 10:15:16.958080000,456721.876472421,697.3782348632812,654.9127197265625,-1.0,-1.0,-1.0,717.9581
2026-05-27 10:15:17.599114000,456840.64387922734,697.5743408203125,654.8988647460938,-1.0,-1.0,-1.0,718.5991
2026-05-27 10:15:18.240148000,456510.2714658305,697.0992431640625,654.8712768554688,-1.0,-1.0,-1.0,719.2401
2026-05-27 10:15:18.881182000,456739.0131847188,697.4437255859375,654.8757934570312,-1.0,-1.0,-1.0,719.8812
2026-05-27 10:15:19.522216000,456666.4209469408,697.322998046875,654.8850708007812,-1.0,-1.0,-1.0,720.5222
2026-05-27 10:15:20.163250000,456674.8686287999,697.3505859375,654.8712768554688,-1.0,-1.0,-1.0,721.1632
2026-05-27 10:15:20.804283999,456739.0131847188,697.4437255859375,654.8757934570312,-1.0,-1.0,-1.0,721.8043
2026-05-27 10:15:21.445318000,456478.90982592106,697.0661010742188,654.857421875,-1.0,-1.0,-1.0,722.4453
2026-05-27 10:15:22.086352000,456731.2520766705,697.385986328125,654.9188842773438,-1.0,-1.0,-1.0,723.0864
2026-05-27 10:15:22.727386000,456782.9037039578,697.5794677734375,654.811279296875,-1.0,-1.0,-1.0,723.7274
2026-05-27 10:15:23.368420000,456521.6173766926,697.0965576171875,654.8900756835938,-1.0,-1.0,-1.0,724.3684
2026-05-27 10:15:24.009454000,456692.97511612996,697.3782348632812,654.8712768554688,-1.0,-1.0,-1.0,725.0095
2026-05-27 10:15:24.650488000,456728.68839260936,697.42626953125,654.8773803710938,-1.0,-1.0,-1.0,725.6505
2026-05-27 10:15:25.291522000,456646.17996400595,697.301513671875,654.876220703125,-1.0,-1.0,-1.0,726.2915
2026-05-27 10:15:25.932556000,456488.56766313687,697.0661010742188,654.8712768554688,-1.0,-1.0,-1.0,726.9326
2026-05-27 10:15:26.573590000,456833.63348574936,697.572998046875,654.8900756835938,-1.0,-1.0,-1.0,727.5736
2026-05-27 10:15:27.214624000,456565.0426652469,697.1735229492188,654.8800659179688,-1.0,-1.0,-1.0,728.2146
2026-05-27 10:15:27.855658000,456533.81389637664,697.1351928710938,654.8712768554688,-1.0,-1.0,-1.0,728.8557
2026-05-27 10:15:28.496692000,456563.44815390185,697.1145629882812,654.9331665039062,-1.0,-1.0,-1.0,729.4967
2026-05-27 10:15:29.137726000,456627.5282885581,697.2877197265625,654.8624267578125,-1.0,-1.0,-1.0,730.1377
2026-05-27 10:15:29.778760000,456748.16641693935,697.4577026367188,654.8757934570312,-1.0,-1.0,-1.0,730.7788
2026-05-27 10:15:30.419794000,456585.58088332415,697.2341918945312,654.8525390625,-1.0,-1.0,-1.0,731.4198
2026-05-27 10:15:31.060828000,456533.18816936016,697.1489868164062,654.857421875,-1.0,-1.0,-1.0,732.0608
2026-05-27 10:15:31.701862000,456822.51913324744,697.5919799804688,654.8563232421875,-1.0,-1.0,-1.0,732.7019
2026-05-27 10:15:32.342896000,456639.28062937036,697.2815551757812,654.8850708007812,-1.0,-1.0,-1.0,733.3429
2026-05-27 10:15:32.983930000,456751.172525987,697.385986328125,654.9474487304688,-1.0,-1.0,-1.0,733.9839
2026-05-27 10:15:33.624964000,456648.31407822296,697.2953491210938,654.8850708007812,-1.0,-1.0,-1.0,734.625
2026-05-27 10:15:34.265998000,456704.5244089514,697.3718872070312,654.893798828125,-1.0,-1.0,-1.0,735.266
2026-05-27 10:15:34.907032000,456704.40198674053,697.3145751953125,654.9474487304688,-1.0,-1.0,-1.0,735.907
2026-05-27 10:15:35.548066000,456840.05502577126,697.588134765625,654.8850708007812,-1.0,-1.0,-1.0,736.5481
2026-05-27 10:15:36.189100000,456702.5947133638,697.3782348632812,654.8850708007812,-1.0,-1.0,-1.0,737.1891
2026-05-27 10:15:36.830134000,456648.31407822296,697.2953491210938,654.8850708007812,-1.0,-1.0,-1.0,737.8301
2026-05-27 10:15:37.471168000,456507.2164036669,697.0798950195312,654.8850708007812,-1.0,-1.0,-1.0,738.4712
2026-05-27 10:15:38.112202000,456657.9325321354,697.2953491210938,654.8988647460938,-1.0,-1.0,-1.0,739.1122
2026-05-27 10:15:38.753236000,456750.7352641225,697.3782348632812,654.9541015625,-1.0,-1.0,-1.0,739.7532
2026-05-27 10:15:39.394270000,456074.3384339474,697.3056030273438,654.0523071289062,-1.0,-1.0,-1.0,740.3943
2026-05-27 10:15:40.035304000,456686.8304534033,697.2953491210938,654.9403076171875,-1.0,-1.0,-1.0,741.0353
2026-05-27 10:15:40.676338000,456760.9460016489,697.3994140625,654.9488525390625,-1.0,-1.0,-1.0,741.6763
2026-05-27 10:15:41.317372000,456810.93387393653,697.385986328125,655.0331420898438,-1.0,-1.0,-1.0,742.3174
2026-05-27 10:15:41.958406000,456669.0524781868,697.3031005859375,654.9075317382812,-1.0,-1.0,-1.0,742.9584
2026-05-27 10:15:42.599440000,456820.8940985948,697.385986328125,655.0474243164062,-1.0,-1.0,-1.0,743.5994
2026-05-27 10:15:43.240474000,456787.8435739577,697.3914794921875,654.994873046875,-1.0,-1.0,-1.0,744.2405
2026-05-27 10:15:43.881508000,456764.2313325107,697.4302978515625,654.924560546875,-1.0,-1.0,-1.0,744.8815
2026-05-27 10:15:44.522542000,457102.710006848,698.159423828125,654.7254028320312,-1.0,-1.0,-1.0,745.5225
2026-05-27 10:15:45.163576000,456908.5259569511,697.5919799804688,654.9796142578125,-1.0,-1.0,-1.0,746.1636
2026-05-27 10:15:45.804610000,456762.73836286366,697.358154296875,654.9901733398438,-1.0,-1.0,-1.0,746.8046
2026-05-27 10:15:46.445644000,456745.28962276876,697.416259765625,654.9105834960938,-1.0,-1.0,-1.0,747.4456
2026-05-27 10:15:47.086678000,456909.15093776956,697.5783081054688,654.9933471679688,-1.0,-1.0,-1.0,748.0867
2026-05-27 10:15:47.727712000,456571.0755251646,697.06884765625,654.987060546875,-1.0,-1.0,-1.0,748.7277
2026-05-27 10:15:48.368746000,456781.5179932676,697.3056030273438,655.0664672851562,-1.0,-1.0,-1.0,749.3687
2026-05-27 10:15:49.009780000,456047.3735063486,697.2953491210938,654.0232543945312,-1.0,-1.0,-1.0,750.0098
2026-05-27 10:15:49.650814000,456720.98859274015,697.3198852539062,654.9662475585938,-1.0,-1.0,-1.0,750.6508
2026-05-27 10:15:50.291848000,456906.94970430806,697.6019897460938,654.9679565429688,-1.0,-1.0,-1.0,751.2918
2026-05-27 10:15:50.932882000,456729.7750442773,697.3485717773438,654.951904296875,-1.0,-1.0,-1.0,751.9329
2026-05-27 10:15:51.573916000,456522.78614881635,697.06884765625,654.9177856445312,-1.0,-1.0,-1.0,752.5739
2026-05-27 10:15:52.214950000,455896.24909973145,697.09375,653.99560546875,-1.0,-1.0,-1.0,753.215
2026-05-27 10:15:52.855984000,456611.9612554237,697.1537475585938,654.9659423828125,-1.0,-1.0,-1.0,753.856
2026-05-27 10:15:53.497018000,456213.4044249058,697.4302978515625,654.134765625,-1.0,-1.0,-1.0,754.497
2026-05-27 10:15:54.138052000,456276.5404536426,697.4773559570312,654.18115234375,-1.0,-1.0,-1.0,755.1381
2026-05-27 10:15:54.779086000,456141.12757346034,697.377197265625,654.0809326171875,-1.0,-1.0,-1.0,755.7791
2026-05-27 10:15:55.420120000,456667.5935455784,697.2953491210938,654.9127197265625,4096.0,64.0,64.0,756.4201
2026-05-27 10:15:56.061154000,456140.4664370194,697.3914794921875,654.0665893554688,4096.0,64.0,64.0,757.0612
2026-05-27 10:15:56.702188000,456106.3241092935,697.3031005859375,654.1005249023438,-1.0,-1.0,-1.0,757.7022
2026-05-27 10:15:57.343222000,456798.376511503,697.3920288085938,655.0094604492188,-1.0,-1.0,-1.0,758.3432
2026-05-27 10:15:57.984256000,456113.6001599729,697.3198852539062,654.09521484375,-1.0,-1.0,-1.0,758.9843
2026-05-27 10:15:58.625290000,456211.59532827884,697.3628540039062,654.1954345703125,-1.0,-1.0,-1.0,759.6253
2026-05-27 10:15:59.266324000,456859.75747928023,697.474365234375,655.0201416015625,-1.0,-1.0,-1.0,760.2663
2026-05-27 10:15:59.907358000,457103.2294601798,698.1474609375,654.7373657226562,-1.0,-1.0,-1.0,760.9074
2026-05-27 10:16:00.548392000,456655.04248017445,697.1381225585938,655.0424194335938,-1.0,-1.0,-1.0,761.5484
2026-05-27 10:16:01.189426000,456127.24374881387,697.38818359375,654.0507202148438,-1.0,-1.0,-1.0,762.1894
2026-05-27 10:16:01.830460000,456158.47322294116,697.3707885742188,654.11181640625,-1.0,-1.0,-1.0,762.8305
2026-05-27 10:16:02.471494000,456587.90587449074,697.08544921875,654.99560546875,-1.0,-1.0,-1.0,763.4715
2026-05-27 10:16:03.112528000,455979.57835848257,697.0991821289062,654.1100463867188,-1.0,-1.0,-1.0,764.1125
2026-05-27 10:16:03.753562000,456060.7234469466,697.3958129882812,653.9481811523438,-1.0,-1.0,-1.0,764.7536
2026-05-27 10:16:04.394596000,456821.6071435474,697.4605102539062,654.9784545898438,-1.0,-1.0,-1.0,765.3946
2026-05-27 10:16:05.035630000,455877.5725214407,697.0798950195312,653.9818115234375,-1.0,-1.0,-1.0,766.0356
2026-05-27 10:16:05.676664000,456566.9850301258,696.9879760742188,655.0571899414062,-1.0,-1.0,-1.0,766.6767
2026-05-27 10:16:06.317698000,456105.1267893538,697.2953491210938,654.1060791015625,-1.0,-1.0,-1.0,767.3177
2026-05-27 10:16:06.958732000,456116.6364510879,697.3087158203125,654.1100463867188,-1.0,-1.0,-1.0,767.9587
2026-05-27 10:16:07.599766000,456232.7516668141,697.572998046875,654.0286865234375,-1.0,-1.0,-1.0,768.5998
2026-05-27 10:16:08.240800000,456569.21298675984,697.0716552734375,654.9817504882812,-1.0,-1.0,-1.0,769.2408
2026-05-27 10:16:08.881834000,455829.45256530866,697.0798950195312,653.9127807617188,-1.0,-1.0,-1.0,769.8818
2026-05-27 10:16:09.522868000,456267.2686047144,697.5390014648438,654.1100463867188,-1.0,-1.0,-1.0,770.5229
2026-05-27 10:16:10.163902000,455899.6925266497,697.1046752929688,653.9902954101562,-1.0,-1.0,-1.0,771.1639
2026-05-27 10:16:10.804936000,455981.45305844396,697.3031005859375,653.9214477539062,-1.0,-1.0,-1.0,771.8049
2026-05-27 10:16:11.445970000,456014.4532893896,697.14306640625,654.118896484375,-1.0,-1.0,-1.0,772.446
2026-05-27 10:16:12.087004000,456037.75505243614,697.2953491210938,654.0094604492188,-1.0,-1.0,-1.0,773.087
2026-05-27 10:16:12.728038000,456300.40568865836,697.572998046875,654.1256713867188,-1.0,-1.0,-1.0,773.728
2026-05-27 10:16:13.369072000,456105.1267893538,697.2953491210938,654.1060791015625,-1.0,-1.0,-1.0,774.3691
2026-05-27 10:16:14.010106000,456315.3675482087,697.6019897460938,654.1199340820312,-1.0,-1.0,-1.0,775.0101
2026-05-27 10:16:14.651140000,456136.46528911963,697.4022827148438,654.0507202148438,-1.0,-1.0,-1.0,775.6511
2026-05-27 10:16:15.292174000,455973.85498008505,697.0798950195312,654.1199340820312,-1.0,-1.0,-1.0,776.2922
2026-05-27 10:16:15.933208000,456485.067089092,698.1300659179688,653.8682250976562,-1.0,-1.0,-1.0,776.9332
2026-05-27 10:16:16.574242000,456464.16743829846,698.1122436523438,653.85498046875,-1.0,-1.0,-1.0,777.5742
2026-05-27 10:16:17.215276000,456096.7819379121,697.267822265625,654.1199340820312,-1.0,-1.0,-1.0,778.2153
2026-05-27 10:16:17.856310000,456487.66819894314,698.17138671875,653.833251953125,-1.0,-1.0,-1.0,778.8563
2026-05-27 10:16:18.497344000,455983.58691047877,697.2125244140625,654.0094604492188,-1.0,-1.0,-1.0,779.4973
2026-05-27 10:16:19.138378000,456538.7177605629,698.0797729492188,653.9921875,-1.0,-1.0,-1.0,780.1384
2026-05-27 10:16:19.779412000,456131.7210112922,697.4390258789062,654.0094604492188,-1.0,-1.0,-1.0,780.7794
2026-05-27 10:16:20.420446000,455887.188003391,697.0798950195312,653.99560546875,-1.0,-1.0,-1.0,781.4204
2026-05-27 10:16:21.061480000,455896.8460317217,697.0798950195312,654.0094604492188,-1.0,-1.0,-1.0,782.0615
2026-05-27 10:16:21.702514000,456467.94103012607,698.1165161132812,653.8563842773438,-1.0,-1.0,-1.0,782.7025
2026-05-27 10:16:22.343548000,456124.40625670925,697.2953491210938,654.1337280273438,-1.0,-1.0,-1.0,783.3435
2026-05-27 10:16:22.984582000,456488.097511366,698.181884765625,653.8240356445312,-1.0,-1.0,-1.0,783.9846
2026-05-27 10:16:23.625616000,456054.62093800306,697.2359619140625,654.08935546875,-1.0,-1.0,-1.0,784.6256
2026-05-27 10:16:24.266650000,456099.6787835285,697.2341918945312,654.1556396484375,-1.0,-1.0,-1.0,785.2666
2026-05-27 10:16:24.907684000,456125.0014354773,697.2815551757812,654.1475219726562,-1.0,-1.0,-1.0,785.9077
2026-05-27 10:16:25.548718000,456197.90637530386,697.3782348632812,654.161376953125,-1.0,-1.0,-1.0,786.5487
2026-05-27 10:16:26.189752000,456099.4139224291,697.304443359375,654.08935546875,-1.0,-1.0,-1.0,787.1898
2026-05-27 10:16:26.830786000,456475.946377445,698.1647338867188,653.8226928710938,-1.0,-1.0,-1.0,787.8308
2026-05-27 10:16:27.471820000,456472.1091583371,698.1243896484375,653.85498046875,-1.0,-1.0,-1.0,788.4718
2026-05-27 10:16:28.112854000,456144.9148668051,697.267822265625,654.18896484375,-1.0,-1.0,-1.0,789.1129
2026-05-27 10:16:28.753888000,456499.85942979157,698.1885986328125,653.8345947265625,-1.0,-1.0,-1.0,789.7539
2026-05-27 10:16:29.394922000,456565.7056143619,698.1122436523438,654.0004272460938,-1.0,-1.0,-1.0,790.3949
2026-05-27 10:16:30.035956000,456295.4183663428,697.328857421875,654.3475341796875,-1.0,-1.0,-1.0,791.036
2026-05-27 10:16:30.676990000,456348.88393481076,697.458251953125,654.3027954101562,-1.0,-1.0,-1.0,791.677
2026-05-27 10:16:31.318024000,456303.0380114019,697.38818359375,654.3027954101562,-1.0,-1.0,-1.0,792.318
2026-05-27 10:16:31.959058000,456220.7184744254,697.2953491210938,654.2718505859375,-1.0,-1.0,-1.0,792.9591
2026-05-27 10:16:32.600092000,456677.1922958717,698.1146850585938,654.1578369140625,-1.0,-1.0,-1.0,793.6001
2026-05-27 10:16:33.241126000,456492.43657007813,698.1541748046875,653.856201171875,-1.0,-1.0,-1.0,794.2411
2026-05-27 10:16:33.882160000,456278.0255906582,697.48828125,654.1730346679688,-1.0,-1.0,-1.0,794.8822
2026-05-27 10:16:34.523194000,456468.2359504178,698.1300659179688,653.8441162109375,-1.0,-1.0,-1.0,795.5232
2026-05-27 10:16:35.164228000,456225.9995045811,697.431396484375,654.1517944335938,-1.0,-1.0,-1.0,796.1642
2026-05-27 10:16:35.805262000,456501.3634704575,698.1421508789062,653.8802490234375,-1.0,-1.0,-1.0,796.8053
2026-05-27 10:16:36.446296000,456203.0564059317,697.2716064453125,654.268798828125,-1.0,-1.0,-1.0,797.4463
2026-05-27 10:16:37.087330000,456295.4183663428,697.328857421875,654.3475341796875,-1.0,-1.0,-1.0,798.0873
2026-05-27 10:16:37.728364000,456884.2672459781,698.228759765625,654.3475341796875,-1.0,-1.0,-1.0,798.7284
2026-05-27 10:16:38.369398000,456547.7931384705,698.0797729492188,654.0051879882812,-1.0,-1.0,-1.0,799.3694
2026-05-27 10:16:39.010432000,456176.4494428411,697.2341918945312,654.2657470703125,-1.0,-1.0,-1.0,800.0104
2026-05-27 10:16:39.651466000,456098.67078208923,697.28125,654.1100463867188,-1.0,-1.0,-1.0,800.6515
2026-05-27 10:16:40.292500000,456551.5432045162,697.922607421875,654.1578369140625,-1.0,-1.0,-1.0,801.2925
2026-05-27 10:16:40.933534000,456560.12742906064,697.9357299804688,654.1578369140625,-1.0,-1.0,-1.0,801.9335
2026-05-27 10:16:41.574568000,456175.5535902083,697.226318359375,654.2718505859375,-1.0,-1.0,-1.0,802.5746
2026-05-27 10:16:42.215602000,456089.6879475899,697.2675170898438,654.1100463867188,-1.0,-1.0,-1.0,803.2156
2026-05-27 10:16:42.856636000,456946.594724074,698.1541748046875,654.5067138671875,-1.0,-1.0,-1.0,803.8566
2026-05-27 10:16:43.497670000,456107.65361658856,697.2949829101562,654.1100463867188,-1.0,-1.0,-1.0,804.4977
2026-05-27 10:16:44.138704000,456464.16743829846,698.1122436523438,653.85498046875,-1.0,-1.0,-1.0,805.1387
2026-05-27 10:16:44.779738000,456646.53397830576,698.0579833984375,654.1670532226562,-1.0,-1.0,-1.0,805.7797
2026-05-27 10:16:45.420772000,456080.6651893817,697.2537231445312,654.1100463867188,-1.0,-1.0,-1.0,806.4208
2026-05-27 10:16:46.061806000,456827.3284571171,697.53515625,654.9165649414062,-1.0,-1.0,-1.0,807.0618
2026-05-27 10:16:46.702840000,456251.71805396676,697.5372924804688,654.08935546875,-1.0,-1.0,-1.0,807.7028
2026-05-27 10:16:47.343874000,456639.4189763814,698.0667114257812,654.148681640625,-1.0,-1.0,-1.0,808.3439
2026-05-27 10:16:47.984908000,456642.9352509454,698.0623168945312,654.1578369140625,-1.0,-1.0,-1.0,808.9849
2026-05-27 10:16:48.625942000,456622.3705457747,698.0406494140625,654.148681640625,-1.0,-1.0,-1.0,809.6259
2026-05-27 10:16:49.266976000,456512.13099927455,698.3390502929688,653.7113037109375,-1.0,-1.0,-1.0,810.267
2026-05-27 10:16:49.908010000,456222.2745848,697.47021484375,654.1100463867188,-1.0,-1.0,-1.0,810.908
2026-05-27 10:16:50.549044000,456646.53397830576,698.0579833984375,654.1670532226562,-1.0,-1.0,-1.0,811.549
2026-05-27 10:16:51.190078000,456609.67768880725,697.38818359375,654.7424926757812,-1.0,-1.0,-1.0,812.1901
2026-05-27 10:16:51.831112000,456685.77652041614,698.1278076171875,654.1578369140625,-1.0,-1.0,-1.0,812.8311
2026-05-27 10:16:52.472146000,456321.49743651226,697.4428100585938,654.2780151367188,-1.0,-1.0,-1.0,813.4721
2026-05-27 10:16:53.113180000,456673.6014321372,698.0489501953125,654.2142944335938,-1.0,-1.0,-1.0,814.1132
2026-05-27 10:16:53.754214000,456342.1460650116,697.4002685546875,654.3475341796875,-1.0,-1.0,-1.0,814.7542
2026-05-27 10:16:54.395248000,456979.8667609468,698.0308837890625,654.6699829101562,-1.0,-1.0,-1.0,815.3952
2026-05-27 10:16:55.036282000,456596.9141885936,697.35009765625,654.7599487304688,-1.0,-1.0,-1.0,816.0363
2026-05-27 10:16:55.677316000,456983.6874178536,698.0753784179688,654.6337280273438,-1.0,-1.0,-1.0,816.6773
2026-05-27 10:16:56.318350000,456604.76737855375,697.3145751953125,654.8045654296875,-1.0,-1.0,-1.0,817.3184
2026-05-27 10:16:56.959384000,456983.6874178536,698.0753784179688,654.6337280273438,-1.0,-1.0,-1.0,817.9594
2026-05-27 10:16:57.600418000,456735.1092197411,697.4324340820312,654.8807983398438,-1.0,-1.0,-1.0,818.6004
2026-05-27 10:16:58.241452000,456570.33512686193,697.340576171875,654.7307739257812,-1.0,-1.0,-1.0,819.2415
2026-05-27 10:16:58.882486000,456949.1507622525,698.1766357421875,654.4893188476562,-1.0,-1.0,-1.0,819.8825
2026-05-27 10:16:59.523520000,456632.215626508,697.3717041015625,654.790283203125,-1.0,-1.0,-1.0,820.5235
2026-05-27 10:17:00.164554000,456838.09972143173,697.53515625,654.9320068359375,-1.0,-1.0,-1.0,821.1646
2026-05-27 10:17:00.805588000,456563.3336482048,697.2880859375,654.77001953125,-1.0,-1.0,-1.0,821.8056
2026-05-27 10:17:01.446621999,456533.35205326974,697.2815551757812,654.733154296875,-1.0,-1.0,-1.0,822.4466
2026-05-27 10:17:02.087656000,456508.1387914419,697.2479858398438,654.728515625,-1.0,-1.0,-1.0,823.0877
2026-05-27 10:17:02.728690000,457001.39598662406,698.0885009765625,654.6467895507812,-1.0,-1.0,-1.0,823.7287
2026-05-27 10:17:03.369724000,456980.54525937885,698.0623779296875,654.6414184570312,-1.0,-1.0,-1.0,824.3697
2026-05-27 10:17:04.010758000,457081.1493699923,697.9328002929688,654.9071044921875,-1.0,-1.0,-1.0,825.0108
2026-05-27 10:17:04.651792000,456324.0692625046,697.357421875,654.36181640625,-1.0,-1.0,-1.0,825.6518
2026-05-27 10:17:05.292826000,456844.5227455795,697.5242919921875,654.951416015625,-1.0,-1.0,-1.0,826.2928
2026-05-27 10:17:05.933860000,456846.26292079315,697.5374145507812,654.9415893554688,-1.0,-1.0,-1.0,826.9339
2026-05-27 10:17:06.574894000,456838.09972143173,697.53515625,654.9320068359375,-1.0,-1.0,-1.0,827.5749
2026-05-27 10:17:07.215928000,456604.1600369811,697.328857421875,654.790283203125,-1.0,-1.0,-1.0,828.2159
2026-05-27 10:17:07.856962000,456952.4188468978,698.1310424804688,654.5367431640625,-1.0,-1.0,-1.0,828.857
2026-05-27 10:17:08.497996000,456994.0094432719,698.0535278320312,654.6690063476562,-1.0,-1.0,-1.0,829.498
2026-05-27 10:17:09.139029999,456629.21511411667,697.38818359375,654.7705078125,-1.0,-1.0,-1.0,830.139
2026-05-27 10:17:09.780064000,457094.6520663947,697.9268798828125,654.9320068359375,-1.0,-1.0,-1.0,830.7801
2026-05-27 10:17:10.421098000,456648.70954839885,697.377197265625,654.8087768554688,-1.0,-1.0,-1.0,831.4211
2026-05-27 10:17:11.062132000,456963.7287895568,698.0953979492188,654.5863647460938,-1.0,-1.0,-1.0,832.0621
2026-05-27 10:17:11.703166000,456992.80534577,698.0753784179688,654.6467895507812,-1.0,-1.0,-1.0,832.7032
2026-05-27 10:17:12.344200000,456984.8242119849,698.0491943359375,654.659912109375,-1.0,-1.0,-1.0,833.3442
2026-05-27 10:17:12.985234000,456993.4150250405,698.0623168945312,654.659912109375,-1.0,-1.0,-1.0,833.9852
2026-05-27 10:17:13.626268000,456983.6874178536,698.0753784179688,654.6337280273438,-1.0,-1.0,-1.0,834.6263
2026-05-27 10:17:14.267302000,457103.28004496545,697.9174194335938,654.9532470703125,-1.0,-1.0,-1.0,835.2673
2026-05-27 10:17:14.908336000,456869.7986930497,697.5505981445312,654.9629516601562,-1.0,-1.0,-1.0,835.9083
2026-05-27 10:17:15.549370000,456641.45468327776,697.4385375976562,654.7407836914062,-1.0,-1.0,-1.0,836.5494
2026-05-27 10:17:16.190404000,457082.4719680622,697.9020385742188,654.9378662109375,-1.0,-1.0,-1.0,837.1904
2026-05-27 10:17:16.831437999,456966.4209446646,698.1196899414062,654.5674438476562,-1.0,-1.0,-1.0,837.8314
2026-05-27 10:17:17.472472000,457077.03549131006,697.8897705078125,654.9415893554688,-1.0,-1.0,-1.0,838.4725
2026-05-27 10:17:18.113506000,456858.9846151732,697.5505981445312,654.9474487304688,-1.0,-1.0,-1.0,839.1135
2026-05-27 10:17:18.754540000,456716.5843752064,697.3895874023438,654.8944702148438,-1.0,-1.0,-1.0,839.7545
2026-05-27 10:17:19.395574000,456971.86360991746,698.1541748046875,654.5429077148438,-1.0,-1.0,-1.0,840.3956
2026-05-27 10:17:20.036608000,456852.91929249465,697.508056640625,654.9786987304688,-1.0,-1.0,-1.0,841.0366
2026-05-27 10:17:20.677642000,456842.60529687256,697.4923095703125,654.9786987304688,-1.0,-1.0,-1.0,841.6776
2026-05-27 10:17:21.318676000,456823.3905567825,697.5086669921875,654.935791015625,-1.0,-1.0,-1.0,842.3187
2026-05-27 10:17:21.959710000,456838.09972143173,697.53515625,654.9320068359375,-1.0,-1.0,-1.0,842.9597
2026-05-27 10:17:22.600744000,456729.54740348086,697.4310913085938,654.8740844726562,-1.0,-1.0,-1.0,843.6007
2026-05-27 10:17:23.241778000,456823.3905567825,697.5086669921875,654.935791015625,-1.0,-1.0,-1.0,844.2418
2026-05-27 10:17:23.882812000,457085.1621459909,697.8959350585938,654.9474487304688,-1.0,-1.0,-1.0,844.8828
2026-05-27 10:17:24.523845999,457102.6189825013,697.9328002929688,654.9378662109375,-1.0,-1.0,-1.0,845.5238
2026-05-27 10:17:25.164880000,456724.0655451156,697.4298706054688,654.8673706054688,-1.0,-1.0,-1.0,846.1649
2026-05-27 10:17:25.805914000,456843.12450289726,697.4951171875,654.976806640625,-1.0,-1.0,-1.0,846.8059
2026-05-27 10:17:26.446948000,456999.6136288792,698.049072265625,654.6812133789062,-1.0,-1.0,-1.0,847.4469
2026-05-27 10:17:27.087982000,456852.65395060927,697.4842529296875,655.0006713867188,-1.0,-1.0,-1.0,848.088
2026-05-27 10:17:27.729016000,457002.57538869604,698.0623168945312,654.6730346679688,-1.0,-1.0,-1.0,848.729
2026-05-27 10:17:28.370050000,457020.2443437986,698.0753784179688,654.6860961914062,-1.0,-1.0,-1.0,849.37
2026-05-27 10:17:29.011084000,457020.2443437986,698.0753784179688,654.6860961914062,-1.0,-1.0,-1.0,850.0111
2026-05-27 10:17:29.652118000,457011.693146009,698.0623168945312,654.6860961914062,-1.0,-1.0,-1.0,850.6521
2026-05-27 10:17:30.293152000,456674.3891440667,697.4528198242188,654.7745971679688,-1.0,-1.0,-1.0,851.2932
2026-05-27 10:17:30.934186000,457003.1019893512,698.0491943359375,654.6860961914062,-1.0,-1.0,-1.0,851.9342
2026-05-27 10:17:31.575220000,456880.57019581646,697.5505981445312,654.9783935546875,-1.0,-1.0,-1.0,852.5752
2026-05-27 10:17:32.216253999,457127.0266042799,697.9268798828125,654.9783935546875,-1.0,-1.0,-1.0,853.2163
2026-05-27 10:17:32.857288000,456624.6857880503,697.3145751953125,654.8331298828125,4031.9990310669527,62.99999237060547,63.99999237060547,853.8573
2026-05-27 10:17:33.498322000,457022.55740094185,698.0711669921875,654.693359375,4031.9990310669527,62.99999237060547,63.99999237060547,854.4983
2026-05-27 10:17:34.139356000,456961.5468685627,698.2050170898438,654.48046875,-1.0,-1.0,-1.0,855.1394
2026-05-27 10:17:34.780390000,457041.44971610606,698.0579833984375,654.7327880859375,-1.0,-1.0,-1.0,855.7804
2026-05-27 10:17:35.421424000,456900.4174368642,697.5374145507812,655.0192260742188,-1.0,-1.0,-1.0,856.4214
2026-05-27 10:17:36.062458000,456900.4174368642,697.5374145507812,655.0192260742188,-1.0,-1.0,-1.0,857.0625
2026-05-27 10:17:36.703492000,457049.5125645809,698.0842895507812,654.7196655273438,-1.0,-1.0,-1.0,857.7035
2026-05-27 10:17:37.344526000,456997.61368341744,698.1421508789062,654.591064453125,-1.0,-1.0,-1.0,858.3445
2026-05-27 10:17:37.985560000,457013.0028022975,698.095947265625,654.6564331054688,-1.0,-1.0,-1.0,858.9856
2026-05-27 10:17:38.626594000,457042.9913490191,698.0489501953125,654.7434692382812,-1.0,-1.0,-1.0,859.6266
2026-05-27 10:17:39.267628000,457027.90605369955,698.0667114257812,654.7052001953125,-1.0,-1.0,-1.0,860.2676
2026-05-27 10:17:39.908661999,457042.9913490191,698.0489501953125,654.7434692382812,-1.0,-1.0,-1.0,860.9087
2026-05-27 10:17:40.549696000,457044.96898829937,698.0927734375,654.7052001953125,-1.0,-1.0,-1.0,861.5497
2026-05-27 10:17:41.190730000,457052.3645649031,698.0489501953125,654.7568969726562,-1.0,-1.0,-1.0,862.1907
2026-05-27 10:17:41.831764000,457023.08649645,698.0579833984375,654.7064819335938,-1.0,-1.0,-1.0,862.8318
2026-05-27 10:17:42.472798000,457009.6704242751,698.0667114257812,654.6790771484375,-1.0,-1.0,-1.0,863.4728
2026-05-27 10:17:43.113832000,457027.90605369955,698.0667114257812,654.7052001953125,-1.0,-1.0,-1.0,864.1138
2026-05-27 10:17:43.754866000,456703.29359137267,697.4528198242188,654.8160400390625,-1.0,-1.0,-1.0,864.7549
2026-05-27 10:17:44.395900000,457011.0329308808,698.10009765625,654.6497192382812,-1.0,-1.0,-1.0,865.3959
2026-05-27 10:17:45.036934000,457041.44971610606,698.0579833984375,654.7327880859375,-1.0,-1.0,-1.0,866.0369
2026-05-27 10:17:45.677968000,456340.38133975863,698.2243041992188,653.57275390625,-1.0,-1.0,-1.0,866.678
2026-05-27 10:17:46.319002000,457050.081447199,698.0711669921875,654.7327880859375,-1.0,-1.0,-1.0,867.319
2026-05-27 10:17:46.960036000,457045.53287892416,698.0797729492188,654.7182006835938,-1.0,-1.0,-1.0,867.96
2026-05-27 10:17:47.601069999,456893.0022178441,697.5635986328125,654.9840087890625,-1.0,-1.0,-1.0,868.6011
2026-05-27 10:17:48.242104000,457034.15966526046,698.0354614257812,654.7434692382812,-1.0,-1.0,-1.0,869.2421
2026-05-27 10:17:48.883138000,456912.23038298264,697.5659790039062,655.0093383789062,-1.0,-1.0,-1.0,869.8831
2026-05-27 10:17:49.524172000,457304.48073627055,698.3864135742188,654.801513671875,-1.0,-1.0,-1.0,870.5242
2026-05-27 10:17:50.165206000,456914.4604730755,697.5635986328125,655.0147705078125,-1.0,-1.0,-1.0,871.1652
2026-05-27 10:17:50.806240000,456912.9272792265,697.5505981445312,655.0247802734375,-1.0,-1.0,-1.0,871.8062
2026-05-27 10:17:51.447274000,456882.92800091207,697.5482177734375,654.9840087890625,-1.0,-1.0,-1.0,872.4473
2026-05-27 10:17:52.088308000,456632.81698943675,697.2462768554688,654.908935546875,-1.0,-1.0,-1.0,873.0883
2026-05-27 10:17:52.729342000,456903.7313454598,697.5635986328125,654.9993896484375,-1.0,-1.0,-1.0,873.7293
2026-05-27 10:17:53.370376000,456709.47584793717,697.4715576171875,654.8073120117188,-1.0,-1.0,-1.0,874.3704
2026-05-27 10:17:54.011410000,457173.95598485693,697.9053344726562,655.0658569335938,-1.0,-1.0,-1.0,875.0114
2026-05-27 10:17:54.652444000,456900.4174368642,697.5374145507812,655.0192260742188,-1.0,-1.0,-1.0,875.6524
2026-05-27 10:17:55.293477999,456899.01683089137,697.5242919921875,655.029541015625,-1.0,-1.0,-1.0,876.2935
2026-05-27 10:17:55.934512000,455859.5789720863,697.2341918945312,653.811279296875,-1.0,-1.0,-1.0,876.9345
2026-05-27 10:17:56.575546000,456932.28293788433,697.552978515625,655.05029296875,-1.0,-1.0,-1.0,877.5755
2026-05-27 10:17:57.216580000,456922.0877581537,697.5374145507812,655.05029296875,-1.0,-1.0,-1.0,878.2166
2026-05-27 10:17:57.857614000,455953.8686213158,697.3198852539062,653.8661499023438,-1.0,-1.0,-1.0,878.8576
2026-05-27 10:17:58.498648000,457023.08649645,698.0579833984375,654.7064819335938,-1.0,-1.0,-1.0,879.4986
2026-05-27 10:17:59.139682000,456910.6121330708,697.552978515625,655.0192260742188,-1.0,-1.0,-1.0,880.1397
2026-05-27 10:17:59.780716000,457167.02782002836,697.9328002929688,655.0301513671875,-1.0,-1.0,-1.0,880.7807
2026-05-27 10:18:00.421750000,456972.50290583074,698.1737060546875,654.5255126953125,4095.999023437558,63.99999237060547,63.99999237060547,881.4218
2026-05-27 10:18:01.062784000,457268.6313125789,698.3316650390625,654.801513671875,4095.999023437558,63.99999237060547,63.99999237060547,882.0628
2026-05-27 10:18:01.703818000,455866.61925215274,697.1837158203125,653.8687133789062,-1.0,-1.0,-1.0,882.7038
2026-05-27 10:18:02.344852000,456968.9768836498,698.2163696289062,654.48046875,-1.0,-1.0,-1.0,883.3449
2026-05-27 10:18:02.985885999,456922.0877581537,697.5374145507812,655.05029296875,-1.0,-1.0,-1.0,883.9859
2026-05-27 10:18:03.626920000,455914.250812605,697.3031005859375,653.8250732421875,-1.0,-1.0,-1.0,884.6269
2026-05-27 10:18:04.267954000,456912.9272792265,697.5505981445312,655.0247802734375,-1.0,-1.0,-1.0,885.268
2026-05-27 10:18:04.908988000,455981.4279411882,697.3742065429688,653.854736328125,-1.0,-1.0,-1.0,885.909
2026-05-27 10:18:05.550022000,456687.800247781,697.4188232421875,654.8257446289062,-1.0,-1.0,-1.0,886.55
2026-05-27 10:18:06.191056000,456300.0523951091,698.1300659179688,653.6032104492188,-1.0,-1.0,-1.0,887.1911
2026-05-27 10:18:06.832090000,456013.01132936776,697.428955078125,653.8486938476562,-1.0,-1.0,-1.0,887.8321
2026-05-27 10:18:07.473124000,456356.6136986986,698.0797729492188,653.7313232421875,-1.0,-1.0,-1.0,888.4731
2026-05-27 10:18:08.114158000,455981.4279411882,697.3742065429688,653.854736328125,-1.0,-1.0,-1.0,889.1142
2026-05-27 10:18:08.755192000,455971.68070648983,697.3742065429688,653.8407592773438,-1.0,-1.0,-1.0,889.7552
2026-05-27 10:18:09.396226000,457027.90605369955,698.0667114257812,654.7052001953125,-1.0,-1.0,-1.0,890.3962
2026-05-27 10:18:10.037260000,456660.23707403615,697.3933715820312,654.8101196289062,-1.0,-1.0,-1.0,891.0373
2026-05-27 10:18:10.678293999,455876.68212270737,697.2578125,653.8136596679688,-1.0,-1.0,-1.0,891.6783
2026-05-27 10:18:11.319328000,456557.6988004334,698.3351440429688,653.7802124023438,-1.0,-1.0,-1.0,892.3193
2026-05-27 10:18:11.960362000,456021.88913685456,697.3628540039062,653.9234008789062,-1.0,-1.0,-1.0,892.9604
2026-05-27 10:18:12.601396000,455999.5652096495,697.4327392578125,653.8258666992188,-1.0,-1.0,-1.0,893.6014
2026-05-27 10:18:13.242430000,456459.7954543978,697.9020385742188,654.045654296875,-1.0,-1.0,-1.0,894.2424
2026-05-27 10:18:13.883464000,456365.7316840142,698.0797729492188,653.744384765625,-1.0,-1.0,-1.0,894.8835
2026-05-27 10:18:14.524498000,456019.3234994449,697.4022827148438,653.8827514648438,-1.0,-1.0,-1.0,895.5245
2026-05-27 10:18:15.165532000,455874.67354074866,697.2374267578125,653.8298950195312,-1.0,-1.0,-1.0,896.1655
2026-05-27 10:18:15.806566000,456298.226305604,698.1853637695312,653.548828125,-1.0,-1.0,-1.0,896.8066
2026-05-27 10:18:16.447600000,455960.9581933394,697.2457275390625,653.9458618164062,-1.0,-1.0,-1.0,897.4476
2026-05-27 10:18:17.088634000,456261.76666104794,698.2392578125,653.4461669921875,-1.0,-1.0,-1.0,898.0886
2026-05-27 10:18:17.729668000,455987.7171199024,697.3783569335938,653.85986328125,-1.0,-1.0,-1.0,898.7297
2026-05-27 10:18:18.370701999,456098.3700186759,697.370849609375,654.0255737304688,-1.0,-1.0,-1.0,899.3707
2026-05-27 10:18:19.011736000,455711.815059118,696.9893188476562,653.8289794921875,-1.0,-1.0,-1.0,900.0117
2026-05-27 10:18:19.652770000,456899.68056723475,697.5086669921875,655.045166015625,-1.0,-1.0,-1.0,900.6528
2026-05-27 10:18:20.293804000,456537.32633510605,696.9830932617188,655.0192260742188,-1.0,-1.0,-1.0,901.2938
2026-05-27 10:18:20.934838000,455983.0749808252,697.37939453125,653.8522338867188,-1.0,-1.0,-1.0,901.9348
2026-05-27 10:18:21.575872000,456809.1359565705,697.4173583984375,655.0010986328125,-1.0,-1.0,-1.0,902.5759
2026-05-27 10:18:22.216906000,456764.2912559211,697.4098510742188,654.94384765625,-1.0,-1.0,-1.0,903.2169
2026-05-27 10:18:22.857940000,456439.67588593066,697.8712768554688,654.045654296875,-1.0,-1.0,-1.0,903.8579
2026-05-27 10:18:23.498974000,456004.82067391276,697.2381591796875,654.015869140625,-1.0,-1.0,-1.0,904.499
2026-05-27 10:18:24.140008000,456311.8814788982,698.1122436523438,653.6368408203125,-1.0,-1.0,-1.0,905.14
2026-05-27 10:18:24.781042000,456011.27401246503,697.4385375976562,653.8372192382812,-1.0,-1.0,-1.0,905.781
2026-05-27 10:18:25.422076000,456246.981917873,697.5218505859375,654.0970458984375,-1.0,-1.0,-1.0,906.4221
2026-05-27 10:18:26.063109999,455960.74294482917,697.3252563476562,653.8709716796875,-1.0,-1.0,-1.0,907.0631
2026-05-27 10:18:26.704144000,455988.80631210655,697.4276123046875,653.8152465820312,-1.0,-1.0,-1.0,907.7041
2026-05-27 10:18:27.345178000,457108.74706522375,697.8495483398438,655.0247802734375,-1.0,-1.0,-1.0,908.3452
2026-05-27 10:18:27.986212000,455731.01842966676,697.0125732421875,653.834716796875,-1.0,-1.0,-1.0,908.9862
2026-05-27 10:18:28.627246000,456245.13038065284,697.5242919921875,654.0921020507812,-1.0,-1.0,-1.0,909.6272
2026-05-27 10:18:29.268280000,455711.815059118,696.9893188476562,653.8289794921875,-1.0,-1.0,-1.0,910.2683
2026-05-27 10:18:29.909314000,456025.8375833705,697.4550170898438,653.8426513671875,-1.0,-1.0,-1.0,910.9093
2026-05-27 10:18:30.550348000,455693.89701640606,696.9619140625,653.8289794921875,-1.0,-1.0,-1.0,911.5503
2026-05-27 10:18:31.191382000,455983.39768886566,697.318115234375,653.91015625,-1.0,-1.0,-1.0,912.1914
2026-05-27 10:18:31.832416000,456001.9841373116,697.377197265625,653.8814086914062,-1.0,-1.0,-1.0,912.8324
2026-05-27 10:18:32.473450000,456006.723978471,697.4550170898438,653.8152465820312,-1.0,-1.0,-1.0,913.4734
2026-05-27 10:18:33.114484000,455993.1030835584,697.4715576171875,653.7802124023438,-1.0,-1.0,-1.0,914.1145
2026-05-27 10:18:33.755517999,455851.0393150449,697.23974609375,653.7938232421875,-1.0,-1.0,-1.0,914.7555
2026-05-27 10:18:34.396552000,456444.23212029785,697.8897705078125,654.0348510742188,-1.0,-1.0,-1.0,915.3966
2026-05-27 10:18:35.037586000,455987.7171199024,697.3783569335938,653.85986328125,-1.0,-1.0,-1.0,916.0376
2026-05-27 10:18:35.678620000,456370.4164535552,698.0711669921875,653.7591552734375,-1.0,-1.0,-1.0,916.6786
2026-05-27 10:18:36.319654000,455748.2685723156,697.053466796875,653.8211059570312,-1.0,-1.0,-1.0,917.3197
2026-05-27 10:18:36.960688000,456374.8070619218,698.0797729492188,653.7573852539062,-1.0,-1.0,-1.0,917.9607
2026-05-27 10:18:37.601722000,455670.3808702193,696.9489135742188,653.8074340820312,-1.0,-1.0,-1.0,918.6017
2026-05-27 10:18:38.242756000,455931.666906178,697.344970703125,653.810791015625,-1.0,-1.0,-1.0,919.2428
2026-05-27 10:18:38.883790000,456456.72169700265,697.9080200195312,654.03564453125,-1.0,-1.0,-1.0,919.8838
2026-05-27 10:18:39.524824000,456022.17920199037,697.4578857421875,653.834716796875,-1.0,-1.0,-1.0,920.5248
2026-05-27 10:18:40.165858000,455739.81280272454,697.0029907226562,653.8563232421875,-1.0,-1.0,-1.0,921.1659
2026-05-27 10:18:40.806892000,456487.0704305619,697.9027099609375,654.0841064453125,-1.0,-1.0,-1.0,921.8069
2026-05-27 10:18:41.447925999,455731.01842966676,697.0125732421875,653.834716796875,-1.0,-1.0,-1.0,922.4479
2026-05-27 10:18:42.088960000,455870.69259402156,697.2261962890625,653.834716796875,-1.0,-1.0,-1.0,923.089
2026-05-27 10:18:42.729994000,456122.2326416001,697.4173583984375,654.0161743164062,-1.0,-1.0,-1.0,923.73
2026-05-27 10:18:43.371028000,455959.4702653885,697.273193359375,653.91796875,-1.0,-1.0,-1.0,924.371
2026-05-27 10:18:44.012062000,456480.58980831504,697.9174194335938,654.06103515625,-1.0,-1.0,-1.0,925.0121
2026-05-27 10:18:44.653096000,456474.37037236243,697.8804931640625,654.0867309570312,-1.0,-1.0,-1.0,925.6531
2026-05-27 10:18:45.294130000,455996.81624397635,697.3922729492188,653.85986328125,-1.0,-1.0,-1.0,926.2941
2026-05-27 10:18:45.935164000,455893.522127267,697.0305786132812,654.0509643554688,-1.0,-1.0,-1.0,926.9352
2026-05-27 10:18:46.576198000,456502.10322518647,697.9338989257812,654.076416015625,-1.0,-1.0,-1.0,927.5762
2026-05-27 10:18:47.217232000,455955.71290587634,697.2449951171875,653.9390258789062,-1.0,-1.0,-1.0,928.2172
2026-05-27 10:18:47.858266000,456490.64982911944,697.9328002929688,654.06103515625,-1.0,-1.0,-1.0,928.8583
2026-05-27 10:18:48.499300000,456122.9266357422,697.40234375,654.03125,-1.0,-1.0,-1.0,929.4993
2026-05-27 10:18:49.140333999,456484.47071067616,697.8959350585938,654.0867309570312,-1.0,-1.0,-1.0,930.1403
2026-05-27 10:18:49.781368000,456020.1430753581,697.4049682617188,653.8814086914062,-1.0,-1.0,-1.0,930.7814
2026-05-27 10:18:50.422402000,456245.13038065284,697.5242919921875,654.0921020507812,-1.0,-1.0,-1.0,931.4224
2026-05-27 10:18:51.063436000,456249.16940909624,697.5635986328125,654.06103515625,-1.0,-1.0,-1.0,932.0634
2026-05-27 10:18:51.704470000,456282.2574958205,697.5732421875,654.0994262695312,-1.0,-1.0,-1.0,932.7045
2026-05-27 10:18:52.345504000,456506.4393402375,697.9486694335938,654.0687866210938,-1.0,-1.0,-1.0,933.3455
2026-05-27 10:18:52.986538000,456490.64982911944,697.9328002929688,654.06103515625,-1.0,-1.0,-1.0,933.9865
2026-05-27 10:18:53.627572000,456097.94565499574,697.3884887695312,654.0084228515625,-1.0,-1.0,-1.0,934.6276
2026-05-27 10:18:54.268606000,456111.7611651495,697.4173583984375,654.0011596679688,-1.0,-1.0,-1.0,935.2686
2026-05-27 10:18:54.909640000,456235.49194001034,697.5374145507812,654.0659790039062,-1.0,-1.0,-1.0,935.9096
2026-05-27 10:18:55.550674000,456490.64982911944,697.9328002929688,654.06103515625,-1.0,-1.0,-1.0,936.5507
2026-05-27 10:18:56.191708000,456021.4928364754,697.4248046875,653.86474609375,-1.0,-1.0,-1.0,937.1917
2026-05-27 10:18:56.832742000,456128.18161447346,697.4185791015625,654.0235595703125,-1.0,-1.0,-1.0,937.8327
2026-05-27 10:18:57.473776000,455987.2541234568,697.3145751953125,653.9190063476562,-1.0,-1.0,-1.0,938.4738
2026-05-27 10:18:58.114810000,456466.74140810966,697.92333984375,654.03564453125,-1.0,-1.0,-1.0,939.1148
2026-05-27 10:18:58.755844000,456253.17136760056,697.6017456054688,654.031005859375,-1.0,-1.0,-1.0,939.7558
2026-05-27 10:18:59.396878000,456242.8999573365,697.5618896484375,654.0536499023438,-1.0,-1.0,-1.0,940.3969
2026-05-27 10:19:00.037912000,456443.353654325,697.8495483398438,654.0712890625,-1.0,-1.0,-1.0,941.0379
2026-05-27 10:19:00.678946000,456271.5707963705,697.5732421875,654.0841064453125,-1.0,-1.0,-1.0,941.6789
2026-05-27 10:19:01.319980000,456022.0908542536,697.4110717773438,653.8784790039062,-1.0,-1.0,-1.0,942.32
2026-05-27 10:19:01.961014000,456326.37617383525,698.1647338867188,653.6084594726562,-1.0,-1.0,-1.0,942.961
2026-05-27 10:19:02.602048000,456472.16198299825,697.8881225585938,654.076416015625,-1.0,-1.0,-1.0,943.602
2026-05-27 10:19:03.243082000,456038.30201340467,697.4327392578125,653.8814086914062,-1.0,-1.0,-1.0,944.2431
2026-05-27 10:19:03.884116000,456338.2244939804,698.1474609375,653.6416015625,-1.0,-1.0,-1.0,944.8841
2026-05-27 10:19:04.525150000,456338.2244939804,698.1474609375,653.6416015625,-1.0,-1.0,-1.0,945.5252
2026-05-27 10:19:05.166184000,456321.5207705498,698.1474609375,653.61767578125,-1.0,-1.0,-1.0,946.1662
2026-05-27 10:19:05.807218000,455886.6455411762,697.226318359375,653.8574829101562,-1.0,-1.0,-1.0,946.8072
2026-05-27 10:19:06.448252000,455811.2313069105,697.13525390625,653.834716796875,-1.0,-1.0,-1.0,947.4483
2026-05-27 10:19:07.089286000,455933.77215493843,697.1747436523438,653.9734497070312,-1.0,-1.0,-1.0,948.0893
2026-05-27 10:19:07.730320000,455895.70472383127,697.2401733398438,653.8574829101562,-1.0,-1.0,-1.0,948.7303
2026-05-27 10:19:08.371354000,455923.82681343704,697.3031005859375,653.8388061523438,-1.0,-1.0,-1.0,949.3714
2026-05-27 10:19:09.012388000,456362.42130548507,698.0448608398438,653.7723388671875,-1.0,-1.0,-1.0,950.0124
2026-05-27 10:19:09.653422000,456252.2183336243,697.5923461914062,654.0384521484375,-1.0,-1.0,-1.0,950.6534
2026-05-27 10:19:10.294456000,455897.0750963427,697.2301635742188,653.8688354492188,-1.0,-1.0,-1.0,951.2945
2026-05-27 10:19:10.935490000,455730.28346496075,697.0029907226562,653.8426513671875,-1.0,-1.0,-1.0,951.9355
2026-05-27 10:19:11.576524000,455886.6455411762,697.226318359375,653.8574829101562,-1.0,-1.0,-1.0,952.5765
2026-05-27 10:19:12.217558000,455950.31302174553,697.3624877929688,653.8211059570312,-1.0,-1.0,-1.0,953.2176
2026-05-27 10:19:12.858592000,455886.6455411762,697.226318359375,653.8574829101562,-1.0,-1.0,-1.0,953.8586
2026-05-27 10:19:13.499626000,455834.08193347603,697.0859985351562,653.9136962890625,-1.0,-1.0,-1.0,954.4996
2026-05-27 10:19:14.140660000,455987.2541234568,697.3145751953125,653.9190063476562,-1.0,-1.0,-1.0,955.1407
2026-05-27 10:19:14.781694000,456234.9101915583,697.5086669921875,654.0921020507812,-1.0,-1.0,-1.0,955.7817
2026-05-27 10:19:15.422728000,455987.2541234568,697.3145751953125,653.9190063476562,-1.0,-1.0,-1.0,956.4227
2026-05-27 10:19:16.063762000,456126.92541249096,697.4161376953125,654.0240478515625,-1.0,-1.0,-1.0,957.0638
2026-05-27 10:19:16.704796000,456490.64982911944,697.9328002929688,654.06103515625,-1.0,-1.0,-1.0,957.7048
2026-05-27 10:19:17.345830000,456292.0034191869,697.5635375976562,654.1224975585938,-1.0,-1.0,-1.0,958.3458
2026-05-27 10:19:17.986864000,456527.152244702,697.9639892578125,654.0841064453125,-1.0,-1.0,-1.0,958.9869
2026-05-27 10:19:18.627898000,456338.2244939804,698.1474609375,653.6416015625,-1.0,-1.0,-1.0,959.6279
2026-05-27 10:19:19.268932000,456392.4243822694,698.0927734375,653.7704467773438,-1.0,-1.0,-1.0,960.2689
2026-05-27 10:19:19.909966000,456368.5930110477,698.0623168945312,653.7648315429688,-1.0,-1.0,-1.0,960.91
2026-05-27 10:19:20.551000000,456000.4526899569,697.3252563476562,653.9279174804688,-1.0,-1.0,-1.0,961.551
2026-05-27 10:19:21.192034000,456025.72594449297,697.4390258789062,653.8574829101562,-1.0,-1.0,-1.0,962.192
2026-05-27 10:19:21.833068000,456316.8409233056,698.1300659179688,653.6272583007812,-1.0,-1.0,-1.0,962.8331
2026-05-27 10:19:22.474102000,456342.066326078,698.1300659179688,653.6633911132812,-1.0,-1.0,-1.0,963.4741
2026-05-27 10:19:23.115136000,456478.0627564527,697.9080200195312,654.0662231445312,-1.0,-1.0,-1.0,964.1151
2026-05-27 10:19:23.756170000,455940.84100393206,697.3092041015625,653.8574829101562,-1.0,-1.0,-1.0,964.7562
2026-05-27 10:19:24.397204000,456331.4870355837,698.1188354492188,653.6587524414062,-1.0,-1.0,-1.0,965.3972
2026-05-27 10:19:25.038238000,455958.6246690005,697.301513671875,653.8901977539062,-1.0,-1.0,-1.0,966.0382
2026-05-27 10:19:25.679272000,455962.8145311922,697.289306640625,653.9076538085938,-1.0,-1.0,-1.0,966.6793
2026-05-27 10:19:26.320306000,456023.898486346,697.3920288085938,653.89892578125,-1.0,-1.0,-1.0,967.3203
2026-05-27 10:19:26.961340000,455899.2022718489,697.239990234375,653.8626708984375,-1.0,-1.0,-1.0,967.9613
2026-05-27 10:19:27.602374000,455942.04163288325,697.2815551757812,653.8851318359375,-1.0,-1.0,-1.0,968.6024
2026-05-27 10:19:28.243408000,456379.0779335946,698.0881958007812,653.755615234375,-1.0,-1.0,-1.0,969.2434
2026-05-27 10:19:28.884442000,455997.21332820505,697.3145751953125,653.9332885742188,-1.0,-1.0,-1.0,969.8844
2026-05-27 10:19:29.525476000,455932.42336924374,697.2815551757812,653.871337890625,-1.0,-1.0,-1.0,970.5255
2026-05-27 10:19:30.166510000,456332.59914883226,698.1541748046875,653.6272583007812,-1.0,-1.0,-1.0,971.1665
2026-05-27 10:19:30.807544000,455896.30559819937,697.226318359375,653.871337890625,4096.0,64.0,64.0,971.8075
2026-05-27 10:19:31.448578000,455914.98266563565,697.2401733398438,653.8851318359375,4096.0,64.0,64.0,972.4486
2026-05-27 10:19:32.089612000,456029.6417526603,697.38818359375,653.9107666015625,-1.0,-1.0,-1.0,973.0896
2026-05-27 10:19:32.730646000,455888.38924722746,697.2341918945312,653.8526000976562,-1.0,-1.0,-1.0,973.7306
2026-05-27 10:19:33.371680000,455895.93807418644,697.1837158203125,653.9107666015625,-1.0,-1.0,-1.0,974.3717
2026-05-27 10:19:34.012714000,455949.6049433723,697.2877197265625,653.8901977539062,-1.0,-1.0,-1.0,975.0127
2026-05-27 10:19:34.653748000,455924.6003584564,697.2401733398438,653.89892578125,-1.0,-1.0,-1.0,975.6537
2026-05-27 10:19:35.294782000,456342.066326078,698.1300659179688,653.6633911132812,-1.0,-1.0,-1.0,976.2948
2026-05-27 10:19:35.935816000,455920.860022258,697.2371215820312,653.8964233398438,-1.0,-1.0,-1.0,976.9358
2026-05-27 10:19:36.576850000,456017.1317377016,697.3145751953125,653.9618530273438,-1.0,-1.0,-1.0,977.5768
2026-05-27 10:19:37.217884000,456220.9557010755,697.4161376953125,654.1588745117188,-1.0,-1.0,-1.0,978.2179
2026-05-27 10:19:37.858918000,455936.39218719676,697.2341918945312,653.9214477539062,-1.0,-1.0,-1.0,978.8589
2026-05-27 10:19:38.499952000,456523.402477473,697.9338989257812,654.10693359375,-1.0,-1.0,-1.0,979.5
2026-05-27 10:19:39.140986000,455934.26060744,697.2401733398438,653.9127807617188,-1.0,-1.0,-1.0,980.141
2026-05-27 10:19:39.782020000,456412.34220191464,698.1365356445312,653.7579956054688,-1.0,-1.0,-1.0,980.782
2026-05-27 10:19:40.423054000,455999.7086904682,697.2461547851562,654.0010375976562,-1.0,-1.0,-1.0,981.4231
2026-05-27 10:19:41.064088000,455942.67996132374,697.267822265625,653.89892578125,-1.0,-1.0,-1.0,982.0641
2026-05-27 10:19:41.705122000,455935.7945432998,697.2479858398438,653.9076538085938,-1.0,-1.0,-1.0,982.7051
2026-05-27 10:19:42.346156000,455896.90344415605,697.2125244140625,653.8851318359375,-1.0,-1.0,-1.0,983.3462
2026-05-27 10:19:42.987190000,455924.6003584564,697.2401733398438,653.89892578125,-1.0,-1.0,-1.0,983.9872
2026-05-27 10:19:43.628224000,455886.6455411762,697.226318359375,653.8574829101562,-1.0,-1.0,-1.0,984.6282
2026-05-27 10:19:44.269258000,456273.4220072329,697.5923461914062,654.06884765625,-1.0,-1.0,-1.0,985.2693
2026-05-27 10:19:44.910292000,455909.4152809493,697.2262573242188,653.8901977539062,-1.0,-1.0,-1.0,985.9103
2026-05-27 10:19:45.551326000,456283.1181276068,697.5828247070312,654.0916748046875,-1.0,-1.0,-1.0,986.5513
2026-05-27 10:19:46.192360000,455950.20602323115,697.2738647460938,653.904052734375,-1.0,-1.0,-1.0,987.1924
2026-05-27 10:19:46.833394000,456020.9453974664,697.31103515625,653.9706420898438,-1.0,-1.0,-1.0,987.8334
2026-05-27 10:19:47.474428000,456263.7307690233,697.6017456054688,654.046142578125,-1.0,-1.0,-1.0,988.4744
2026-05-27 10:19:48.115462000,455969.7394993901,697.3092041015625,653.89892578125,-1.0,-1.0,-1.0,989.1155
2026-05-27 10:19:48.756496000,456007.1725329533,697.3145751953125,653.9475708007812,-1.0,-1.0,-1.0,989.7565
2026-05-27 10:19:49.397530000,456512.0836392492,697.9491577148438,654.076416015625,-1.0,-1.0,-1.0,990.3975
2026-05-27 10:19:50.038564000,455885.5873718858,697.20458984375,653.8763427734375,-1.0,-1.0,-1.0,991.0386
2026-05-27 10:19:50.679598000,456404.57117374614,698.0753784179688,653.8041381835938,-1.0,-1.0,-1.0,991.6796
2026-05-27 10:19:51.320631999,455905.92309990525,697.226318359375,653.8851318359375,-1.0,-1.0,-1.0,992.3206
2026-05-27 10:19:51.961666000,456491.59303598106,697.9501342773438,654.046142578125,-1.0,-1.0,-1.0,992.9617
2026-05-27 10:19:52.602700000,455997.83270558715,697.30029296875,653.9475708007812,-1.0,-1.0,-1.0,993.6027
2026-05-27 10:19:53.243734000,456251.84940802306,697.5675659179688,654.0611572265625,-1.0,-1.0,-1.0,994.2437
2026-05-27 10:19:53.884768000,456536.98173210025,697.9953002929688,654.06884765625,-1.0,-1.0,-1.0,994.8848
2026-05-27 10:19:54.525802000,456017.1317377016,697.3145751953125,653.9618530273438,-1.0,-1.0,-1.0,995.5258
2026-05-27 10:19:55.166836000,456533.46660676226,697.9326782226562,654.1224975585938,-1.0,-1.0,-1.0,996.1668
2026-05-27 10:19:55.807870000,456143.21816147864,697.4173583984375,654.0462646484375,-1.0,-1.0,-1.0,996.8079
2026-05-27 10:19:56.448904000,456325.2777978815,698.1300659179688,653.6393432617188,-1.0,-1.0,-1.0,997.4489
2026-05-27 10:19:57.089938000,456272.2368075885,697.5579223632812,654.0994262695312,-1.0,-1.0,-1.0,998.0899
2026-05-27 10:19:57.730972000,456035.81180039793,697.3431396484375,653.9618530273438,-1.0,-1.0,-1.0,998.731
2026-05-27 10:19:58.372006000,456033.21146196127,697.3843994140625,653.91943359375,-1.0,-1.0,-1.0,999.372
2026-05-27 10:19:59.013039999,456325.8126064539,698.1180419921875,653.6513671875,-1.0,-1.0,-1.0,1000.013
2026-05-27 10:19:59.654074000,456006.5529515892,697.328857421875,653.9332885742188,-1.0,-1.0,-1.0,1000.6541
2026-05-27 10:20:00.295108000,456342.066326078,698.1300659179688,653.6633911132812,-1.0,-1.0,-1.0,1001.2951
2026-05-27 10:20:00.936142000,456284.0238440372,697.5923461914062,654.0840454101562,-1.0,-1.0,-1.0,1001.9361
2026-05-27 10:20:01.577176000,456027.09094244987,697.3145751953125,653.9761352539062,-1.0,-1.0,-1.0,1002.5772
2026-05-27 10:20:02.218210000,456388.02445859835,698.1122436523438,653.7459106445312,-1.0,-1.0,-1.0,1003.2182
2026-05-27 10:20:02.859244000,456353.65299358964,698.1243896484375,653.685302734375,-1.0,-1.0,-1.0,1003.8592
2026-05-27 10:20:03.500278000,456333.58846399933,697.5186157226562,654.2242431640625,-1.0,-1.0,-1.0,1004.5003
2026-05-27 10:20:04.141312000,456374.43872931227,697.5554809570312,654.2482299804688,-1.0,-1.0,-1.0,1005.1413
2026-05-27 10:20:04.782346000,456440.3368810192,698.1903076171875,653.7477416992188,-1.0,-1.0,-1.0,1005.7823
2026-05-27 10:20:05.423380000,455941.39491453767,697.1627807617188,653.99560546875,-1.0,-1.0,-1.0,1006.4234
2026-05-27 10:20:06.064414000,456535.73115862906,698.0711669921875,653.9959716796875,-1.0,-1.0,-1.0,1007.0644
2026-05-27 10:20:06.705447999,456090.2804894373,697.3846435546875,654.0010375976562,-1.0,-1.0,-1.0,1007.7054
2026-05-27 10:20:07.346482000,456273.1374807134,697.5675659179688,654.0916748046875,-1.0,-1.0,-1.0,1008.3465
2026-05-27 10:20:07.987516000,455997.36020615324,697.1408081054688,654.0964965820312,-1.0,-1.0,-1.0,1008.9875
2026-05-27 10:20:08.628550000,455942.04163288325,697.2815551757812,653.8851318359375,-1.0,-1.0,-1.0,1009.6286
2026-05-27 10:20:09.269584000,456335.2156486213,698.15283203125,653.6322631835938,-1.0,-1.0,-1.0,1010.2696
2026-05-27 10:20:09.910618000,456090.2804894373,697.3846435546875,654.0010375976562,-1.0,-1.0,-1.0,1010.9106
2026-05-27 10:20:10.551652000,456400.9540061988,698.1300659179688,653.7477416992188,-1.0,-1.0,-1.0,1011.5517
2026-05-27 10:20:11.192686000,456178.0224700123,697.353759765625,654.1558227539062,-1.0,-1.0,-1.0,1012.1927
2026-05-27 10:20:11.833720000,455927.37491162494,697.2537231445312,653.8901977539062,-1.0,-1.0,-1.0,1012.8337
2026-05-27 10:20:12.474754000,455921.9893049896,697.2562255859375,653.880126953125,-1.0,-1.0,-1.0,1013.4748
2026-05-27 10:20:13.115788000,456059.97334846854,697.226318359375,654.1060791015625,-1.0,-1.0,-1.0,1014.1158
2026-05-27 10:20:13.756822000,456002.43733990565,697.2617797851562,653.9902954101562,-1.0,-1.0,-1.0,1014.7568
2026-05-27 10:20:14.397855999,455951.65989652276,697.2815551757812,653.89892578125,-1.0,-1.0,-1.0,1015.3979
2026-05-27 10:20:15.038890000,456079.4791681506,697.4402465820312,653.9334106445312,-1.0,-1.0,-1.0,1016.0389
2026-05-27 10:20:15.679924000,455996.23938734084,697.3644409179688,653.8851318359375,-1.0,-1.0,-1.0,1016.6799
2026-05-27 10:20:16.320958000,456030.36662888527,697.3087158203125,653.986328125,-1.0,-1.0,-1.0,1017.321
2026-05-27 10:20:16.961992000,456159.836183276,697.4620971679688,654.0281372070312,-1.0,-1.0,-1.0,1017.962
2026-05-27 10:20:17.603026000,456401.16127564013,698.1647338867188,653.715576171875,-1.0,-1.0,-1.0,1018.603
2026-05-27 10:20:18.244060000,456248.4846190065,697.588134765625,654.0370483398438,-1.0,-1.0,-1.0,1019.2441
2026-05-27 10:20:18.885094000,455931.48567153513,697.260009765625,653.8901977539062,-1.0,-1.0,-1.0,1019.8851
2026-05-27 10:20:19.526128000,456101.35797218233,697.3843994140625,654.0171508789062,4096.0,64.0,64.0,1020.5261
2026-05-27 10:20:20.167162000,456100.38322609663,697.4058837890625,653.99560546875,4096.0,64.0,64.0,1021.1672
2026-05-27 10:20:20.808196000,455940.8888014257,697.2757568359375,653.888916015625,-1.0,-1.0,-1.0,1021.8082
2026-05-27 10:20:21.449230000,455238.67422737926,697.2479858398438,652.9078369140625,-1.0,-1.0,-1.0,1022.4492
2026-05-27 10:20:22.090263999,455926.77457688376,697.2341918945312,653.9076538085938,-1.0,-1.0,-1.0,1023.0903
2026-05-27 10:20:22.731298000,456064.2186741829,697.3505859375,653.99560546875,-1.0,-1.0,-1.0,1023.7313
2026-05-27 10:20:23.372331999,455908.17974538356,697.2203979492188,653.8939208984375,-1.0,-1.0,-1.0,1024.3723
2026-05-27 10:20:24.013365999,455608.80174933374,697.588134765625,653.1200561523438,-1.0,-1.0,-1.0,1025.0134
2026-05-27 10:20:24.654399999,456210.9339769706,697.5919799804688,653.9796142578125,-1.0,-1.0,-1.0,1025.6544
2026-05-27 10:20:25.295433999,455985.42103528976,697.239990234375,653.986328125,-1.0,-1.0,-1.0,1026.2954
2026-05-27 10:20:25.936467999,455270.5454689935,697.0909423828125,653.1006469726562,-1.0,-1.0,-1.0,1026.9365
2026-05-27 10:20:26.577502000,455916.18062149733,697.2125244140625,653.9127807617188,-1.0,-1.0,-1.0,1027.5775
2026-05-27 10:20:27.218536000,456425.07177167386,698.1885986328125,653.7274780273438,-1.0,-1.0,-1.0,1028.2185
2026-05-27 10:20:27.859570000,455351.47988370806,697.3031005859375,653.0180053710938,-1.0,-1.0,-1.0,1028.8596
2026-05-27 10:20:28.500604000,455904.120065853,697.1351928710938,653.968017578125,-1.0,-1.0,-1.0,1029.5006
2026-05-27 10:20:29.141638000,455810.7746909559,697.0661010742188,653.89892578125,-1.0,-1.0,-1.0,1030.1416
2026-05-27 10:20:29.782672000,455892.81081579253,697.0827026367188,654.0010375976562,-1.0,-1.0,-1.0,1030.7827
2026-05-27 10:20:30.423706000,455237.6769526154,697.226318359375,652.9266967773438,-1.0,-1.0,-1.0,1031.4237
2026-05-27 10:20:31.064740000,455183.0530848503,697.1519775390625,652.91796875,-1.0,-1.0,-1.0,1032.0647
2026-05-27 10:20:31.705774000,455099.5881290622,697.0496215820312,652.8941040039062,-1.0,-1.0,-1.0,1032.7058
2026-05-27 10:20:32.346808000,455869.1456441581,697.0523071289062,653.99560546875,-1.0,-1.0,-1.0,1033.3468
2026-05-27 10:20:32.987842000,456399.88341653347,698.1541748046875,653.7236328125,-1.0,-1.0,-1.0,1033.9878
2026-05-27 10:20:33.628876000,455835.1646451503,697.1239624023438,653.879638671875,-1.0,-1.0,-1.0,1034.6289
2026-05-27 10:20:34.269910000,456068.79215820134,697.4451904296875,653.9134521484375,-1.0,-1.0,-1.0,1035.2699
2026-05-27 10:20:34.910944000,456295.8711333275,697.6292724609375,654.06640625,-1.0,-1.0,-1.0,1035.9109
2026-05-27 10:20:35.551978000,456585.30944695324,697.8897705078125,654.2369995117188,-1.0,-1.0,-1.0,1036.552
2026-05-27 10:20:36.193012000,456051.00659077987,697.4508666992188,653.8826293945312,-1.0,-1.0,-1.0,1037.193
2026-05-27 10:20:36.834046000,456263.4816298485,697.5771484375,654.06884765625,-1.0,-1.0,-1.0,1037.834
2026-05-27 10:20:37.475079999,456055.19749456644,697.3367919921875,653.99560546875,-1.0,-1.0,-1.0,1038.4751
2026-05-27 10:20:38.116113999,456142.50946840644,697.588134765625,653.8851318359375,-1.0,-1.0,-1.0,1039.1161
2026-05-27 10:20:38.757147999,456070.33910766244,697.42626953125,653.9334106445312,-1.0,-1.0,-1.0,1039.7571
2026-05-27 10:20:39.398181999,456409.6388236731,698.0667724609375,653.8194580078125,-1.0,-1.0,-1.0,1040.3982
2026-05-27 10:20:40.039215999,456151.4475890249,697.5930786132812,653.893310546875,-1.0,-1.0,-1.0,1041.0392
2026-05-27 10:20:40.680249999,456307.87966952473,698.1504516601562,653.5953369140625,-1.0,-1.0,-1.0,1041.6802
2026-05-27 10:20:41.321283999,456517.7678678334,697.94970703125,654.0840454101562,-1.0,-1.0,-1.0,1042.3213
2026-05-27 10:20:41.962318000,456051.63328776136,697.2341918945312,654.0867309570312,-1.0,-1.0,-1.0,1042.9623
2026-05-27 10:20:42.603352000,456142.1793424897,697.2601928710938,654.1921997070312,-1.0,-1.0,-1.0,1043.6034
2026-05-27 10:20:43.244386000,455985.58410060406,697.35400390625,653.879638671875,-1.0,-1.0,-1.0,1044.2444
2026-05-27 10:20:43.885420000,455917.3536538482,697.05615234375,654.0611572265625,-1.0,-1.0,-1.0,1044.8854
2026-05-27 10:20:44.526454000,455966.8649542518,697.2262573242188,653.9725952148438,-1.0,-1.0,-1.0,1045.5265
2026-05-27 10:20:45.167488000,455878.10321252793,697.2897338867188,653.7857666015625,-1.0,-1.0,-1.0,1046.1675
2026-05-27 10:20:45.808522000,456263.4816298485,697.5771484375,654.06884765625,-1.0,-1.0,-1.0,1046.8085
2026-05-27 10:20:46.449556000,455903.209343113,697.0100708007812,654.0841064453125,-1.0,-1.0,-1.0,1047.4496
2026-05-27 10:20:47.090590000,456425.31673796475,697.7603759765625,654.1290283203125,-1.0,-1.0,-1.0,1048.0906
2026-05-27 10:20:47.731624000,455889.9619694464,697.2979125976562,653.7951049804688,-1.0,-1.0,-1.0,1048.7316
2026-05-27 10:20:48.372658000,455385.6624278091,697.3644409179688,653.0095825195312,-1.0,-1.0,-1.0,1049.3727
2026-05-27 10:20:49.013692000,455282.5912834145,697.2720336914062,652.9483032226562,-1.0,-1.0,-1.0,1050.0137
2026-05-27 10:20:49.654726000,455944.8641558513,697.0228271484375,654.1318969726562,-1.0,-1.0,-1.0,1050.6547
2026-05-27 10:20:50.295760000,456517.7678678334,697.94970703125,654.0840454101562,-1.0,-1.0,-1.0,1051.2958
2026-05-27 10:20:50.936794000,456490.92824448645,697.9652709960938,654.031005859375,-1.0,-1.0,-1.0,1051.9368
2026-05-27 10:20:51.577828000,456475.4854293689,697.9657592773438,654.0084228515625,-1.0,-1.0,-1.0,1052.5778
2026-05-27 10:20:52.218862000,455295.46707348526,697.226318359375,653.0095825195312,-1.0,-1.0,-1.0,1053.2189
2026-05-27 10:20:52.859895999,455267.8510754891,697.0661010742188,653.1200561523438,-1.0,-1.0,-1.0,1053.8599
2026-05-27 10:20:53.500929999,455469.4011846185,697.2125244140625,653.27197265625,-1.0,-1.0,-1.0,1054.5009
2026-05-27 10:20:54.141963999,455355.58086078614,697.1697387695312,653.1488037109375,-1.0,-1.0,-1.0,1055.142
2026-05-27 10:20:54.782997999,456353.65299358964,698.1243896484375,653.685302734375,-1.0,-1.0,-1.0,1055.783
2026-05-27 10:20:55.424031999,455826.22488446534,697.1102905273438,653.879638671875,-1.0,-1.0,-1.0,1056.424
2026-05-27 10:20:56.065065999,455124.06037470326,697.0523071289062,652.9266967773438,-1.0,-1.0,-1.0,1057.0651
2026-05-27 10:20:56.706099999,455313.5619435087,697.2540283203125,653.0095825195312,-1.0,-1.0,-1.0,1057.7061
2026-05-27 10:20:57.347134000,455219.053206034,697.2125244140625,652.9129028320312,-1.0,-1.0,-1.0,1058.3471
2026-05-27 10:20:57.988168000,455303.1179146394,697.2322998046875,653.0149536132812,-1.0,-1.0,-1.0,1058.9882
2026-05-27 10:20:58.629202000,455302.7209641114,697.2374267578125,653.0095825195312,-1.0,-1.0,-1.0,1059.6292
2026-05-27 10:20:59.270236000,455288.9162539691,697.2262573242188,653.000244140625,-1.0,-1.0,-1.0,1060.2702
2026-05-27 10:20:59.911270000,455295.46707348526,697.226318359375,653.0095825195312,-1.0,-1.0,-1.0,1060.9113
2026-05-27 10:21:00.552304000,455443.37470048293,697.4528198242188,653.0095825195312,-1.0,-1.0,-1.0,1061.5523
2026-05-27 10:21:01.193338000,455340.5448223762,697.2953491210938,653.0095825195312,-1.0,-1.0,-1.0,1062.1933
2026-05-27 10:21:01.834372000,455315.8588909954,697.2675170898438,653.000244140625,-1.0,-1.0,-1.0,1062.8344
2026-05-27 10:21:02.475406000,455370.12966064364,697.2374267578125,653.1062622070312,-1.0,-1.0,-1.0,1063.4754
2026-05-27 10:21:03.116440000,455411.0231717862,697.3742065429688,653.0368041992188,-1.0,-1.0,-1.0,1064.1164
2026-05-27 10:21:03.757474000,456344.4446192123,697.5186157226562,654.2398071289062,-1.0,-1.0,-1.0,1064.7575
2026-05-27 10:21:04.398508000,455296.06303578615,697.2301635742188,653.0068359375,-1.0,-1.0,-1.0,1065.3985
2026-05-27 10:21:05.039542000,455235.83593814075,697.2342529296875,652.9166259765625,-1.0,-1.0,-1.0,1066.0395
2026-05-27 10:21:05.680576000,456274.08323568106,697.5771484375,654.0840454101562,-1.0,-1.0,-1.0,1066.6806
2026-05-27 10:21:06.321610000,455380.53493514657,697.359130859375,653.0072021484375,-1.0,-1.0,-1.0,1067.3216
2026-05-27 10:21:06.962644000,455288.9162539691,697.2262573242188,653.000244140625,-1.0,-1.0,-1.0,1067.9626
2026-05-27 10:21:07.603678000,455715.4568461776,698.1474609375,652.7495727539062,-1.0,-1.0,-1.0,1068.6037
2026-05-27 10:21:08.244711999,456346.04393696785,698.159423828125,653.6416015625,-1.0,-1.0,-1.0,1069.2447
2026-05-27 10:21:08.885745999,455408.5684703998,697.2815551757812,653.1200561523438,-1.0,-1.0,-1.0,1069.8857
2026-05-27 10:21:09.526779999,455360.3458411768,697.1832885742188,653.1429443359375,-1.0,-1.0,-1.0,1070.5268
2026-05-27 10:21:10.167813999,456019.4150508754,697.5697631835938,653.7258911132812,-1.0,-1.0,-1.0,1071.1678
2026-05-27 10:21:10.808847999,455730.0652302727,697.9505615234375,652.9546508789062,-1.0,-1.0,-1.0,1071.8088
2026-05-27 10:21:11.449881999,455878.9840603173,698.1421508789062,652.98876953125,-1.0,-1.0,-1.0,1072.4499
2026-05-27 10:21:12.090915999,455373.67687229067,697.2341918945312,653.1143798828125,-1.0,-1.0,-1.0,1073.0909
2026-05-27 10:21:12.731950000,455621.7749532461,697.4327392578125,653.2841796875,-1.0,-1.0,-1.0,1073.732
2026-05-27 10:21:13.372984000,455953.4467775859,698.0753784179688,653.1578979492188,-1.0,-1.0,-1.0,1074.373
2026-05-27 10:21:14.014018000,456176.79245996475,698.2144775390625,653.34765625,-1.0,-1.0,-1.0,1075.014
2026-05-27 10:21:14.655052000,455479.3003625423,697.2341918945312,653.265869140625,-1.0,-1.0,-1.0,1075.6551
2026-05-27 10:21:15.296086000,455487.8050477132,697.2440185546875,653.2688598632812,-1.0,-1.0,-1.0,1076.2961
2026-05-27 10:21:15.937120000,455515.86365459114,697.2949829101562,653.2613525390625,-1.0,-1.0,-1.0,1076.9371
2026-05-27 10:21:16.578154000,455861.946589835,697.9450073242188,653.1488037109375,-1.0,-1.0,-1.0,1077.5782
2026-05-27 10:21:17.219188000,455479.3003625423,697.2341918945312,653.265869140625,-1.0,-1.0,-1.0,1078.2192
2026-05-27 10:21:17.860222000,455614.9459551461,697.4022827148438,653.3029174804688,-1.0,-1.0,-1.0,1078.8602
2026-05-27 10:21:18.501256000,455605.73495820165,697.38818359375,653.3029174804688,-1.0,-1.0,-1.0,1079.5013
2026-05-27 10:21:19.142290000,455472.1555652842,697.1837158203125,653.3029174804688,-1.0,-1.0,-1.0,1080.1423
2026-05-27 10:21:19.783324000,455838.3731367104,698.3037719726562,652.7794799804688,-1.0,-1.0,-1.0,1080.7833
2026-05-27 10:21:20.424358000,455614.9459551461,697.4022827148438,653.3029174804688,-1.0,-1.0,-1.0,1081.4244
2026-05-27 10:21:21.065392000,455518.81582197547,697.31298828125,653.2487182617188,-1.0,-1.0,-1.0,1082.0654
2026-05-27 10:21:21.706426000,455422.3558179438,697.34033203125,653.0847778320312,-1.0,-1.0,-1.0,1082.7064
2026-05-27 10:21:22.347460000,455773.14814666286,697.2341918945312,653.6873168945312,-1.0,-1.0,-1.0,1083.3475
2026-05-27 10:21:22.988494000,455492.70654027164,697.2583618164062,653.262451171875,-1.0,-1.0,-1.0,1083.9885
2026-05-27 10:21:23.629527999,456009.11163564026,697.5794677734375,653.7020263671875,-1.0,-1.0,-1.0,1084.6295
2026-05-27 10:21:24.270561999,455445.11467799544,697.19482421875,653.2537231445312,-1.0,-1.0,-1.0,1085.2706
2026-05-27 10:21:24.911595999,455479.3003625423,697.2341918945312,653.265869140625,-1.0,-1.0,-1.0,1085.9116
2026-05-27 10:21:25.552629999,455506.940580748,697.2617797851562,653.2796630859375,-1.0,-1.0,-1.0,1086.5526
2026-05-27 10:21:26.193663999,455494.2794284299,697.2806396484375,653.2438354492188,-1.0,-1.0,-1.0,1087.1937
2026-05-27 10:21:26.834697999,455831.263978824,697.1747436523438,653.826416015625,-1.0,-1.0,-1.0,1087.8347
2026-05-27 10:21:27.475731999,455495.3808785789,697.3280639648438,653.2009887695312,-1.0,-1.0,-1.0,1088.4757
2026-05-27 10:21:28.116766000,455783.32350468636,697.2203979492188,653.71484375,-1.0,-1.0,-1.0,1089.1168
2026-05-27 10:21:28.757800000,455626.3794412315,697.4528198242188,653.27197265625,-1.0,-1.0,-1.0,1089.7578
2026-05-27 10:21:29.398834000,455463.5780286491,697.20849609375,653.2673950195312,-1.0,-1.0,-1.0,1090.3988
2026-05-27 10:21:30.039868000,455499.089333117,697.239990234375,653.288818359375,-1.0,-1.0,-1.0,1091.0399
2026-05-27 10:21:30.680902000,455742.3504559882,697.1674194335938,653.7057495117188,-1.0,-1.0,-1.0,1091.6809
2026-05-27 10:21:31.321936000,455603.2246889323,696.9368286132812,653.722412109375,-1.0,-1.0,-1.0,1092.3219
2026-05-27 10:21:31.962970000,455717.76200416684,697.6542358398438,653.21435546875,-1.0,-1.0,-1.0,1092.963
2026-05-27 10:21:32.604004000,455634.20605129004,697.053466796875,653.657470703125,-1.0,-1.0,-1.0,1093.604
2026-05-27 10:21:33.245038000,455626.98867914826,697.4390258789062,653.2857666015625,-1.0,-1.0,-1.0,1094.245
2026-05-27 10:21:33.886072000,455488.3114762157,697.2479858398438,653.265869140625,4031.9990310669527,62.99999237060547,63.99999237060547,1094.8861
2026-05-27 10:21:34.527106000,455480.542830918,697.2262573242188,653.2750854492188,4031.9990310669527,62.99999237060547,63.99999237060547,1095.5271
2026-05-27 10:21:35.168140000,455393.8198056333,697.1216430664062,653.2487182617188,-1.0,-1.0,-1.0,1096.1681
2026-05-27 10:21:35.809174000,455404.9084496051,697.1239624023438,653.262451171875,-1.0,-1.0,-1.0,1096.8092
2026-05-27 10:21:36.450208000,455438.4754797332,697.1900024414062,653.2487182617188,-1.0,-1.0,-1.0,1097.4502
2026-05-27 10:21:37.091242000,455712.04742809385,697.5757446289062,653.2796630859375,-1.0,-1.0,-1.0,1098.0912
2026-05-27 10:21:37.732276000,455449.78357147425,697.2125244140625,653.2438354492188,-1.0,-1.0,-1.0,1098.7323
2026-05-27 10:21:38.373310000,455359.3306373432,697.0358276367188,653.2796630859375,-1.0,-1.0,-1.0,1099.3733
2026-05-27 10:21:39.014344000,455688.8921517059,697.1080322265625,653.6847534179688,-1.0,-1.0,-1.0,1100.0143
2026-05-27 10:21:39.655378000,455378.5178418271,697.0358276367188,653.3071899414062,-1.0,-1.0,-1.0,1100.6554
2026-05-27 10:21:40.296412000,455612.67286113277,697.2875366210938,653.4071655273438,-1.0,-1.0,-1.0,1101.2964
2026-05-27 10:21:40.937446000,456371.8395277783,697.8679809570312,653.9515380859375,-1.0,-1.0,-1.0,1101.9374
2026-05-27 10:21:41.578480000,455808.12773758546,697.2205200195312,653.7503051757812,-1.0,-1.0,-1.0,1102.5785
2026-05-27 10:21:42.219514000,456355.7000199482,697.8804931640625,653.9166870117188,-1.0,-1.0,-1.0,1103.2195
2026-05-27 10:21:42.860548000,456241.1647149883,698.1300659179688,653.5188598632812,-1.0,-1.0,-1.0,1103.8605
2026-05-27 10:21:43.501582000,455795.5743530765,697.2244262695312,653.7286376953125,-1.0,-1.0,-1.0,1104.5016
2026-05-27 10:21:44.142616000,455787.11717052385,697.2359008789062,653.7057495117188,-1.0,-1.0,-1.0,1105.1426
2026-05-27 10:21:44.783650000,455879.6001135707,697.38134765625,653.7020263671875,-1.0,-1.0,-1.0,1105.7836
2026-05-27 10:21:45.424684000,455830.7581122145,697.3214111328125,653.6881713867188,-1.0,-1.0,-1.0,1106.4247
2026-05-27 10:21:46.065718000,455828.5221994445,697.3414306640625,653.6661987304688,-1.0,-1.0,-1.0,1107.0657
2026-05-27 10:21:46.706752000,455812.34336782247,697.2537231445312,653.7252197265625,-1.0,-1.0,-1.0,1107.7068
2026-05-27 10:21:47.347786000,455854.7916304469,697.2953491210938,653.7470703125,-1.0,-1.0,-1.0,1108.3478
2026-05-27 10:21:47.988820000,455809.9569776729,697.2440185546875,653.7308959960938,-1.0,-1.0,-1.0,1108.9888
2026-05-27 10:21:48.629854000,455799.20402085036,697.2583618164062,653.7020263671875,-1.0,-1.0,-1.0,1109.6299
2026-05-27 10:21:49.270888000,455798.5684391856,697.27197265625,653.6883544921875,-1.0,-1.0,-1.0,1110.2709
2026-05-27 10:21:49.911922000,455819.2225829698,697.2824096679688,653.7081909179688,-1.0,-1.0,-1.0,1110.9119
2026-05-27 10:21:50.552956000,455780.7253564596,697.226318359375,653.70556640625,-1.0,-1.0,-1.0,1111.553
2026-05-27 10:21:51.193990000,455799.7993307039,697.2446899414062,653.7156982421875,-1.0,-1.0,-1.0,1112.194
2026-05-27 10:21:51.835024000,455801.958421804,697.2341918945312,653.7286376953125,-1.0,-1.0,-1.0,1112.835
2026-05-27 10:21:52.476058000,455862.9183098674,697.32666015625,653.7293701171875,-1.0,-1.0,-1.0,1113.4761
2026-05-27 10:21:53.117092000,455718.14214462787,697.0987548828125,653.7354125976562,-1.0,-1.0,-1.0,1114.1171
2026-05-27 10:21:53.758126000,455856.8000276983,697.299072265625,653.7464599609375,-1.0,-1.0,-1.0,1114.7581
2026-05-27 10:21:54.399160000,455810.9759188816,697.2479858398438,653.7286376953125,-1.0,-1.0,-1.0,1115.3992
2026-05-27 10:21:55.040194000,456387.35140330717,697.8959350585938,653.9475708007812,-1.0,-1.0,-1.0,1116.0402
2026-05-27 10:21:55.681228000,455827.1674849391,697.27197265625,653.7293701171875,-1.0,-1.0,-1.0,1116.6812
2026-05-27 10:21:56.322262000,455590.68657900766,696.9208374023438,653.7194213867188,-1.0,-1.0,-1.0,1117.3223
2026-05-27 10:21:56.963296000,455819.5747235343,697.2440185546875,653.7446899414062,-1.0,-1.0,-1.0,1117.9633
2026-05-27 10:21:57.604330000,455653.3293702416,697.0166625976562,653.7194213867188,-1.0,-1.0,-1.0,1118.6043
2026-05-27 10:21:58.245364000,456379.82948651165,697.8742065429688,653.9571533203125,-1.0,-1.0,-1.0,1119.2454
2026-05-27 10:21:58.886398000,455889.7314285636,697.36767578125,653.7293701171875,-1.0,-1.0,-1.0,1119.8864
2026-05-27 10:21:59.527432000,455864.41008435935,697.2953491210938,653.7608642578125,-1.0,-1.0,-1.0,1120.5274
2026-05-27 10:22:00.168466000,455769.7012771405,697.2429809570312,653.6741333007812,-1.0,-1.0,-1.0,1121.1685
2026-05-27 10:22:00.809500000,456262.48127643764,698.159423828125,653.5219116210938,-1.0,-1.0,-1.0,1121.8095
2026-05-27 10:22:01.450534000,456384.4223801717,697.8413696289062,653.9945068359375,-1.0,-1.0,-1.0,1122.4505
2026-05-27 10:22:02.091568000,455816.3516829461,697.2222290039062,653.760498046875,-1.0,-1.0,-1.0,1123.0916
2026-05-27 10:22:02.732602000,455873.0477556586,697.31298828125,653.7567138671875,-1.0,-1.0,-1.0,1123.7326
2026-05-27 10:22:03.373636000,455819.2804739177,697.226318359375,653.7608642578125,-1.0,-1.0,-1.0,1124.3736
2026-05-27 10:22:04.014670000,455840.38630725816,697.2341918945312,653.7837524414062,-1.0,-1.0,-1.0,1125.0147
2026-05-27 10:22:04.655704000,455792.6449371502,697.1900024414062,653.7567138671875,-1.0,-1.0,-1.0,1125.6557
2026-05-27 10:22:05.296738000,455821.7506298907,697.2203979492188,653.7699584960938,-1.0,-1.0,-1.0,1126.2967
2026-05-27 10:22:05.937772000,455755.1117341444,697.1763305664062,653.7156982421875,-1.0,-1.0,-1.0,1126.9378
2026-05-27 10:22:06.578806000,455838.8102152571,697.2440185546875,653.7722778320312,-1.0,-1.0,-1.0,1127.5788
2026-05-27 10:22:07.219840000,455837.956010744,697.2401733398438,653.774658203125,-1.0,-1.0,-1.0,1128.2198
2026-05-27 10:22:07.860874000,455846.38963100314,697.2184448242188,653.80712890625,-1.0,-1.0,-1.0,1128.8609
2026-05-27 10:22:08.501908000,455838.8102152571,697.2440185546875,653.7722778320312,-1.0,-1.0,-1.0,1129.5019
2026-05-27 10:22:09.142942000,455838.5154773295,697.226318359375,653.7884521484375,-1.0,-1.0,-1.0,1130.1429
2026-05-27 10:22:09.783976000,455699.02968002483,697.0302124023438,653.7722778320312,-1.0,-1.0,-1.0,1130.784
2026-05-27 10:22:10.425010000,455821.96124754846,697.2537231445312,653.739013671875,-1.0,-1.0,-1.0,1131.425
2026-05-27 10:22:11.066044000,455812.98350840807,697.239990234375,653.739013671875,-1.0,-1.0,-1.0,1132.066
2026-05-27 10:22:11.707078000,455810.2625323087,697.2125244140625,653.7608642578125,-1.0,-1.0,-1.0,1132.7071
2026-05-27 10:22:12.348112000,455800.04547050595,697.226318359375,653.7332763671875,-1.0,-1.0,-1.0,1133.3481
2026-05-27 10:22:12.989146000,455825.86527357996,697.2461547851562,653.751708984375,-1.0,-1.0,-1.0,1133.9891
2026-05-27 10:22:13.630180000,455809.9569776729,697.2440185546875,653.7308959960938,-1.0,-1.0,-1.0,1134.6302
2026-05-27 10:22:14.271214000,455800.39426671714,697.2310180664062,653.7293701171875,-1.0,-1.0,-1.0,1135.2712
2026-05-27 10:22:14.912248000,455781.9242920801,697.2173461914062,653.7156982421875,-1.0,-1.0,-1.0,1135.9122
2026-05-27 10:22:15.553282000,455839.1868401952,697.2617797851562,653.7561645507812,-1.0,-1.0,-1.0,1136.5533
2026-05-27 10:22:16.194316000,455797.28701262176,697.2222290039062,653.733154296875,-1.0,-1.0,-1.0,1137.1943
2026-05-27 10:22:16.835350000,455773.5811480209,697.1900024414062,653.7293701171875,-1.0,-1.0,-1.0,1137.8354
2026-05-27 10:22:17.476384000,455801.958421804,697.2341918945312,653.7286376953125,-1.0,-1.0,-1.0,1138.4764
2026-05-27 10:22:18.117418000,455468.80997987464,696.6696166992188,653.7802124023438,-1.0,-1.0,-1.0,1139.1174
2026-05-27 10:22:18.758452000,455819.87984374166,697.2125244140625,653.774658203125,-1.0,-1.0,-1.0,1139.7585
2026-05-27 10:22:19.399486000,455791.45656048506,697.2173461914062,653.7293701171875,-1.0,-1.0,-1.0,1140.3995
2026-05-27 10:22:20.040520000,455828.8979756236,697.226318359375,653.774658203125,-1.0,-1.0,-1.0,1141.0405
2026-05-27 10:22:20.681554000,455792.0509357378,697.2036743164062,653.7430419921875,-1.0,-1.0,-1.0,1141.6816
2026-05-27 10:22:21.322588000,455804.47350216657,697.1998291015625,653.7644653320312,-1.0,-1.0,-1.0,1142.3226
2026-05-27 10:22:21.963622000,455792.6449371502,697.1900024414062,653.7567138671875,-1.0,-1.0,-1.0,1142.9636
2026-05-27 10:22:22.604656000,456057.03022122383,697.560546875,653.7884521484375,-1.0,-1.0,-1.0,1143.6047
2026-05-27 10:22:23.245690000,455791.45656048506,697.2173461914062,653.7293701171875,-1.0,-1.0,-1.0,1144.2457
2026-05-27 10:22:23.886724000,455612.1909326613,696.9193115234375,653.751708984375,-1.0,-1.0,-1.0,1144.8867
2026-05-27 10:22:24.527758000,455783.32350468636,697.2203979492188,653.71484375,-1.0,-1.0,-1.0,1145.5278
2026-05-27 10:22:25.168792000,455828.8979756236,697.226318359375,653.774658203125,-1.0,-1.0,-1.0,1146.1688
2026-05-27 10:22:25.809826000,455832.13377669454,697.239990234375,653.7664794921875,-1.0,-1.0,-1.0,1146.8098
2026-05-27 10:22:26.450860000,455872.36024053395,697.2877197265625,653.7794189453125,-1.0,-1.0,-1.0,1147.4509
2026-05-27 10:22:27.091894000,455811.576032117,697.2341918945312,653.742431640625,-1.0,-1.0,-1.0,1148.0919
2026-05-27 10:22:27.732928000,455819.9934159592,697.2617797851562,653.7286376953125,-1.0,-1.0,-1.0,1148.7329
2026-05-27 10:22:28.373962000,455808.7368500158,697.2583618164062,653.7156982421875,-1.0,-1.0,-1.0,1149.374
2026-05-27 10:22:29.014996000,455809.66297221184,697.226318359375,653.7470703125,-1.0,-1.0,-1.0,1150.015
2026-05-27 10:22:29.656029999,455819.87984374166,697.2125244140625,653.774658203125,-1.0,-1.0,-1.0,1150.656
2026-05-27 10:22:30.297064000,455791.45656048506,697.2173461914062,653.7293701171875,-1.0,-1.0,-1.0,1151.2971
2026-05-27 10:22:30.938098000,455819.5747235343,697.2440185546875,653.7446899414062,-1.0,-1.0,-1.0,1151.9381
2026-05-27 10:22:31.579132000,455890.3278591037,697.35400390625,653.7430419921875,-1.0,-1.0,-1.0,1152.5791
2026-05-27 10:22:32.220166000,455679.80008676276,697.0302124023438,653.7446899414062,-1.0,-1.0,-1.0,1153.2202
2026-05-27 10:22:32.861200000,455837.8873432465,697.2446899414062,653.7703247070312,-1.0,-1.0,-1.0,1153.8612
2026-05-27 10:22:33.502234000,455152.8122814745,697.2341918945312,652.797607421875,-1.0,-1.0,-1.0,1154.5022
2026-05-27 10:22:34.143268000,455793.19601245597,697.1763305664062,653.7703247070312,-1.0,-1.0,-1.0,1155.1433
2026-05-27 10:22:34.784302000,455767.92531755567,697.1585693359375,653.750732421875,-1.0,-1.0,-1.0,1155.7843
2026-05-27 10:22:35.425336000,455787.07334955037,697.1585693359375,653.7781982421875,-1.0,-1.0,-1.0,1156.4253
2026-05-27 10:22:36.066370000,455841.70891083777,697.239990234375,653.7802124023438,-1.0,-1.0,-1.0,1157.0664
2026-05-27 10:22:36.707404000,455788.28529782593,697.1688842773438,653.770263671875,-1.0,-1.0,-1.0,1157.7074
2026-05-27 10:22:37.348438000,455371.0960357785,697.5870971679688,652.7802734375,-1.0,-1.0,-1.0,1158.3484
2026-05-27 10:22:37.989472000,456056.7551551983,697.5794677734375,653.7703247070312,-1.0,-1.0,-1.0,1158.9895
2026-05-27 10:22:38.630506000,455848.1329790354,697.226318359375,653.80224609375,-1.0,-1.0,-1.0,1159.6305
2026-05-27 10:22:39.271540000,455002.0420109704,697.0302124023438,652.7723388671875,-1.0,-1.0,-1.0,1160.2715
2026-05-27 10:22:39.912574000,455792.340811491,697.2341918945312,653.71484375,-1.0,-1.0,-1.0,1160.9126
2026-05-27 10:22:40.553608000,455792.9409247264,697.2203979492188,653.7286376953125,-1.0,-1.0,-1.0,1161.5536
2026-05-27 10:22:41.194642000,456226.2260495424,698.162109375,653.4674682617188,-1.0,-1.0,-1.0,1162.1946
2026-05-27 10:22:41.835676000,455847.01404586434,697.2540283203125,653.774658203125,-1.0,-1.0,-1.0,1162.8357
2026-05-27 10:22:42.476710000,455827.80250834674,697.2583618164062,653.7430419921875,-1.0,-1.0,-1.0,1163.4767
2026-05-27 10:22:43.117744000,455799.20402085036,697.2583618164062,653.7020263671875,-1.0,-1.0,-1.0,1164.1177
2026-05-27 10:22:43.758778000,455800.04547050595,697.226318359375,653.7332763671875,-1.0,-1.0,-1.0,1164.7588
2026-05-27 10:22:44.399812000,455817.0387868285,697.28564453125,653.7020263671875,-1.0,-1.0,-1.0,1165.3998
2026-05-27 10:22:45.040845999,455694.5533440262,697.044189453125,653.7527465820312,-1.0,-1.0,-1.0,1166.0408
2026-05-27 10:22:45.681880000,455801.958421804,697.2341918945312,653.7286376953125,-1.0,-1.0,-1.0,1166.6819
2026-05-27 10:22:46.322914000,456349.2117401548,697.7808227539062,654.0007934570312,-1.0,-1.0,-1.0,1167.3229
2026-05-27 10:22:46.963948000,455761.5182513371,697.1405029296875,653.7584838867188,-1.0,-1.0,-1.0,1167.9639
2026-05-27 10:22:47.604982000,455153.42504701763,697.2203979492188,652.8114013671875,-1.0,-1.0,-1.0,1168.605
2026-05-27 10:22:48.246016000,455810.9482319094,697.1908569335938,653.7821655273438,-1.0,-1.0,-1.0,1169.246
2026-05-27 10:22:48.887050000,455105.02938237414,697.1900024414062,652.7704467773438,-1.0,-1.0,-1.0,1169.887
2026-05-27 10:22:49.528084000,455739.93982655555,697.1239624023438,653.7430419921875,-1.0,-1.0,-1.0,1170.5281
2026-05-27 10:22:50.169118000,455020.6613038182,697.0440063476562,652.7861328125,-1.0,-1.0,-1.0,1171.1691
2026-05-27 10:22:50.810152000,455144.9968954548,697.2261962890625,652.7938842773438,-1.0,-1.0,-1.0,1171.8102
2026-05-27 10:22:51.451186000,455424.8736032322,697.7246704101562,652.7286376953125,-1.0,-1.0,-1.0,1172.4512
2026-05-27 10:22:52.092220000,455150.99177131057,697.226318359375,652.8023681640625,-1.0,-1.0,-1.0,1173.0922
2026-05-27 10:22:52.733254000,455113.32949560136,697.2301635742188,652.7447509765625,-1.0,-1.0,-1.0,1173.7333
2026-05-27 10:22:53.374288000,455803.4238111675,697.187744140625,653.7742919921875,-1.0,-1.0,-1.0,1174.3743
2026-05-27 10:22:54.015322000,455802.3515124321,697.20263671875,653.7587890625,-1.0,-1.0,-1.0,1175.0153
2026-05-27 10:22:54.656356000,455757.98018836975,697.134765625,653.7587890625,-1.0,-1.0,-1.0,1175.6564
2026-05-27 10:22:55.297390000,454941.5344244912,696.9208374023438,652.7879638671875,-1.0,-1.0,-1.0,1176.2974
2026-05-27 10:22:55.938424000,455070.29146265984,697.134765625,652.7723388671875,-1.0,-1.0,-1.0,1176.9384
2026-05-27 10:22:56.579458000,454940.7743040845,696.9110717773438,652.7960205078125,-1.0,-1.0,-1.0,1177.5795
2026-05-27 10:22:57.220492000,455823.195200555,697.2507934570312,653.7435302734375,-1.0,-1.0,-1.0,1178.2205
2026-05-27 10:22:57.861526000,455070.29146265984,697.134765625,652.7723388671875,-1.0,-1.0,-1.0,1178.8615
2026-05-27 10:22:58.502560000,455070.29146265984,697.134765625,652.7723388671875,-1.0,-1.0,-1.0,1179.5026
2026-05-27 10:22:59.143594000,455079.7480497956,697.161376953125,652.760986328125,-1.0,-1.0,-1.0,1180.1436
2026-05-27 10:22:59.784628000,455132.97031370923,697.2162475585938,652.7859497070312,-1.0,-1.0,-1.0,1180.7846
2026-05-27 10:23:00.425661999,455135.50706136227,697.2261962890625,652.7802734375,-1.0,-1.0,-1.0,1181.4257
2026-05-27 10:23:01.066696000,455132.3255527243,697.2297973632812,652.7723388671875,-1.0,-1.0,-1.0,1182.0667
2026-05-27 10:23:01.707730000,455073.1933194399,697.1307373046875,652.7802734375,-1.0,-1.0,-1.0,1182.7077
2026-05-27 10:23:02.348764000,455153.842125088,697.23974609375,652.7938842773438,-1.0,-1.0,-1.0,1183.3488
2026-05-27 10:23:02.989798000,455137.1178609207,696.9944458007812,652.9996337890625,-1.0,-1.0,-1.0,1183.9898
2026-05-27 10:23:03.630832000,454996.30177006125,696.751708984375,653.0250244140625,-1.0,-1.0,-1.0,1184.6308
2026-05-27 10:23:04.271866000,455144.3521065712,697.23974609375,652.7802734375,-1.0,-1.0,-1.0,1185.2719
2026-05-27 10:23:04.912900000,455812.3406103328,697.2518310546875,653.7269897460938,-1.0,-1.0,-1.0,1185.9129
2026-05-27 10:23:05.553934000,455136.0719790682,697.2125244140625,652.7938842773438,-1.0,-1.0,-1.0,1186.5539
2026-05-27 10:23:06.194968000,455082.6818542555,697.1307373046875,652.7938842773438,-1.0,-1.0,-1.0,1187.195
2026-05-27 10:23:06.836002000,455141.17049042135,697.2433471679688,652.7723388671875,-1.0,-1.0,-1.0,1187.836
2026-05-27 10:23:07.477036000,455082.0782071948,697.1443481445312,652.7802734375,-1.0,-1.0,-1.0,1188.477
2026-05-27 10:23:08.118070000,455153.842125088,697.23974609375,652.7938842773438,-1.0,-1.0,-1.0,1189.1181
2026-05-27 10:23:08.759104000,455154.53755381703,697.0152587890625,653.005126953125,-1.0,-1.0,-1.0,1189.7591
2026-05-27 10:23:09.400138000,455164.58347756416,697.2125244140625,652.8347778320312,-1.0,-1.0,-1.0,1190.4001
2026-05-27 10:23:10.041172000,454996.9767544605,696.7362670898438,653.0404663085938,-1.0,-1.0,-1.0,1191.0412
2026-05-27 10:23:10.682206000,455079.78005230427,697.134765625,652.7859497070312,-1.0,-1.0,-1.0,1191.6822
2026-05-27 10:23:11.323240000,454996.37407547235,696.9755859375,652.8153686523438,-1.0,-1.0,-1.0,1192.3232
2026-05-27 10:23:11.964274000,455160.71009098366,697.2297973632812,652.8130493164062,-1.0,-1.0,-1.0,1192.9643
2026-05-27 10:23:12.605308000,455083.91676367074,697.1431884765625,652.7839965820312,-1.0,-1.0,-1.0,1193.6053
2026-05-27 10:23:13.246342000,455309.96694362164,697.4412841796875,652.8291015625,-1.0,-1.0,-1.0,1194.2463
2026-05-27 10:23:13.887376000,455082.6818542555,697.1307373046875,652.7938842773438,-1.0,-1.0,-1.0,1194.8874
2026-05-27 10:23:14.528410000,455101.05564733595,697.1443481445312,652.8074951171875,-1.0,-1.0,-1.0,1195.5284
2026-05-27 10:23:15.169444000,455101.7014733702,697.1307373046875,652.8211669921875,-1.0,-1.0,-1.0,1196.1694
2026-05-27 10:23:15.810477999,455074.36002833396,697.1034545898438,652.8074951171875,-1.0,-1.0,-1.0,1196.8105
2026-05-27 10:23:16.451512000,455057.19456153363,697.0625610351562,652.8211669921875,-1.0,-1.0,-1.0,1197.4515
2026-05-27 10:23:17.092546000,455109.98074980825,697.1580200195312,652.8074951171875,-1.0,-1.0,-1.0,1198.0925
2026-05-27 10:23:17.733580000,455127.75126633793,697.1852416992188,652.8074951171875,-1.0,-1.0,-1.0,1198.7336
2026-05-27 10:23:18.374614000,455164.58347756416,697.2125244140625,652.8347778320312,-1.0,-1.0,-1.0,1199.3746
2026-05-27 10:23:19.015648000,454967.0893144496,696.9287719726562,652.8171997070312,-1.0,-1.0,-1.0,1200.0156
2026-05-27 10:23:19.656682000,455107.9170458615,697.161376953125,652.8013916015625,-1.0,-1.0,-1.0,1200.6567
2026-05-27 10:23:20.297716000,455110.58691772074,697.1443481445312,652.8211669921875,-1.0,-1.0,-1.0,1201.2977
2026-05-27 10:23:20.938750000,454970.2041415572,696.9208374023438,652.8291015625,-1.0,-1.0,-1.0,1201.9388
2026-05-27 10:23:21.579784000,455111.1900081858,697.1307373046875,652.8347778320312,-1.0,-1.0,-1.0,1202.5798
2026-05-27 10:23:22.220818000,455418.49455684423,697.5783081054688,652.8564453125,-1.0,-1.0,-1.0,1203.2208
2026-05-27 10:23:22.861852000,455423.846121002,697.5757446289062,652.8665161132812,-1.0,-1.0,-1.0,1203.8619
2026-05-27 10:23:23.502886000,455213.49267754704,697.2496337890625,652.8701782226562,-1.0,-1.0,-1.0,1204.5029
2026-05-27 10:23:24.143920000,455179.4654468559,697.2310180664062,652.8388061523438,-1.0,-1.0,-1.0,1205.1439
2026-05-27 10:23:24.784954000,455167.98946873844,697.1827392578125,652.8675537109375,-1.0,-1.0,-1.0,1205.785
2026-05-27 10:23:25.425988000,455175.8867478967,697.2359008789062,652.8291015625,-1.0,-1.0,-1.0,1206.426
2026-05-27 10:23:26.067022000,455187.8535327576,697.2184448242188,652.8626098632812,-1.0,-1.0,-1.0,1207.067
2026-05-27 10:23:26.708056000,455164.0191189498,697.2261962890625,652.8211669921875,-1.0,-1.0,-1.0,1207.7081
2026-05-27 10:23:27.349090000,455206.51651567966,697.2322998046875,652.8764038085938,-1.0,-1.0,-1.0,1208.3491
2026-05-27 10:23:27.990124000,455201.46959226206,697.2203979492188,652.8803100585938,-1.0,-1.0,-1.0,1208.9901
2026-05-27 10:23:28.631158000,455171.14646723494,697.2036743164062,652.8524780273438,-1.0,-1.0,-1.0,1209.6312
2026-05-27 10:23:29.272192000,455139.09562824667,697.1443481445312,652.862060546875,-1.0,-1.0,-1.0,1210.2722
2026-05-27 10:23:29.913226000,455209.86338226125,697.2479858398438,652.8665161132812,-1.0,-1.0,-1.0,1210.9132
2026-05-27 10:23:30.554260000,455220.0929978676,697.2341918945312,652.8941040039062,-1.0,-1.0,-1.0,1211.5543
2026-05-27 10:23:31.195293999,455155.1113205217,697.1353149414062,652.8934936523438,-1.0,-1.0,-1.0,1212.1953
2026-05-27 10:23:31.836328000,455479.48929844424,697.6701049804688,652.8579711914062,-1.0,-1.0,-1.0,1212.8363
2026-05-27 10:23:32.477362000,455202.02101062983,697.2261962890625,652.8756713867188,-1.0,-1.0,-1.0,1213.4774
2026-05-27 10:23:33.118396000,455120.7210924849,697.1307373046875,652.8484497070312,-1.0,-1.0,-1.0,1214.1184
2026-05-27 10:23:33.759430000,455230.16374547035,697.2537231445312,652.8902587890625,-1.0,-1.0,-1.0,1214.7594
2026-05-27 10:23:34.400464000,455178.85833516344,697.2446899414062,652.8251342773438,-1.0,-1.0,-1.0,1215.4005
2026-05-27 10:23:35.041498000,455264.53020016104,697.1656494140625,653.0220336914062,-1.0,-1.0,-1.0,1216.0415
2026-05-27 10:23:35.682532000,455197.3165079616,697.2583618164062,652.8388061523438,-1.0,-1.0,-1.0,1216.6825
2026-05-27 10:23:36.323566000,455189.5043334514,697.226318359375,652.8576049804688,-1.0,-1.0,-1.0,1217.3236
2026-05-27 10:23:36.964600000,455162.2207497619,697.1900024414062,652.8524780273438,-1.0,-1.0,-1.0,1217.9646
2026-05-27 10:23:37.605634000,455171.310172081,697.21533203125,652.841796875,-1.0,-1.0,-1.0,1218.6056
2026-05-27 10:23:38.246668000,455268.62007051706,697.2261962890625,652.97119140625,-1.0,-1.0,-1.0,1219.2467
2026-05-27 10:23:38.887702000,455261.5795120895,697.31298828125,652.8798217773438,-1.0,-1.0,-1.0,1219.8877
2026-05-27 10:23:39.528736000,455328.46770483255,697.4550170898438,652.8427734375,-1.0,-1.0,-1.0,1220.5287
2026-05-27 10:23:40.169770000,455209.0033608675,697.1395874023438,652.966796875,-1.0,-1.0,-1.0,1221.1698
2026-05-27 10:23:40.810804000,455209.0033608675,697.1395874023438,652.966796875,-1.0,-1.0,-1.0,1221.8108
2026-05-27 10:23:41.451838000,455274.747444503,697.2310180664062,652.9754638671875,-1.0,-1.0,-1.0,1222.4518
2026-05-27 10:23:42.092872000,455279.5333839245,697.1216430664062,653.0847778320312,-1.0,-1.0,-1.0,1223.0929
2026-05-27 10:23:42.733906000,455284.8700530268,697.1395874023438,653.0756225585938,-1.0,-1.0,-1.0,1223.7339
2026-05-27 10:23:43.374940000,455250.80524370074,697.1989135742188,652.97119140625,-1.0,-1.0,-1.0,1224.3749
2026-05-27 10:23:44.015974000,455458.71463953704,697.2261962890625,653.2438354492188,-1.0,-1.0,-1.0,1225.016
2026-05-27 10:23:44.657008000,455247.96524774283,697.1900024414062,652.9754638671875,3969.0,63.0,63.0,1225.657
2026-05-27 10:23:45.298042000,455454.1304677427,697.2297973632812,653.23388671875,3969.0,63.0,63.0,1226.298
2026-05-27 10:23:45.939076000,455510.5293134451,697.28564453125,653.262451171875,-1.0,-1.0,-1.0,1226.9391
2026-05-27 10:23:46.580109999,455471.94815917686,697.2359008789062,653.2537231445312,-1.0,-1.0,-1.0,1227.5801
2026-05-27 10:23:47.221144000,455312.62061169744,697.1674194335938,653.08935546875,-1.0,-1.0,-1.0,1228.2211
2026-05-27 10:23:47.862178000,455084.7076036185,696.953857421875,652.9624633789062,-1.0,-1.0,-1.0,1228.8622
2026-05-27 10:23:48.503212000,455160.2057280019,697.0556030273438,652.9754638671875,-1.0,-1.0,-1.0,1229.5032
2026-05-27 10:23:49.144246000,455155.8326882124,697.053466796875,652.97119140625,-1.0,-1.0,-1.0,1230.1442
2026-05-27 10:23:49.785280000,455018.0410927348,696.9443969726562,652.8756713867188,-1.0,-1.0,-1.0,1230.7853
2026-05-27 10:23:50.426314000,455373.22102208436,697.2261962890625,653.1212158203125,-1.0,-1.0,-1.0,1231.4263
2026-05-27 10:23:51.067348000,455473.59832466766,697.2583618164062,653.2350463867188,-1.0,-1.0,-1.0,1232.0673
2026-05-27 10:23:51.708382000,455455.736428868,697.2310180664062,653.2350463867188,-1.0,-1.0,-1.0,1232.7084
2026-05-27 10:23:52.349416000,455467.5659659207,697.23974609375,653.2438354492188,-1.0,-1.0,-1.0,1233.3494
2026-05-27 10:23:52.990450000,455342.03563805297,697.2173461914062,653.0847778320312,-1.0,-1.0,-1.0,1233.9904
2026-05-27 10:23:53.631484000,455317.5485906191,697.0310668945312,653.2241821289062,-1.0,-1.0,-1.0,1234.6315
2026-05-27 10:23:54.272518000,455206.2881037593,697.1307373046875,652.97119140625,-1.0,-1.0,-1.0,1235.2725
2026-05-27 10:23:54.913552000,455157.71608734503,697.0358276367188,652.9904174804688,-1.0,-1.0,-1.0,1235.9136
2026-05-27 10:23:55.554586000,455458.0759474039,697.23974609375,653.230224609375,-1.0,-1.0,-1.0,1236.5546
2026-05-27 10:23:56.195620000,455437.27321256325,697.2173461914062,653.2213745117188,-1.0,-1.0,-1.0,1237.1956
2026-05-27 10:23:56.836654000,455369.90329632163,697.1256103515625,653.210693359375,-1.0,-1.0,-1.0,1237.8367
2026-05-27 10:23:57.477688000,455285.8070164621,697.226318359375,652.9957275390625,-1.0,-1.0,-1.0,1238.4777
2026-05-27 10:23:58.118722000,455377.93722966313,697.1170654296875,653.230224609375,-1.0,-1.0,-1.0,1239.1187
2026-05-27 10:23:58.759756000,455386.8681116402,697.1307373046875,653.230224609375,-1.0,-1.0,-1.0,1239.7598
2026-05-27 10:23:59.400790000,455444.6831401661,697.2297973632812,653.2203369140625,-1.0,-1.0,-1.0,1240.4008
2026-05-27 10:24:00.041824000,455428.94358516857,697.1900024414062,653.2350463867188,-1.0,-1.0,-1.0,1241.0418
2026-05-27 10:24:00.682858000,455420.01263726875,697.1763305664062,653.2350463867188,3905.999046325742,62.99999237060547,61.99999237060547,1241.6829
2026-05-27 10:24:01.323892000,455391.4973534569,697.1483764648438,653.2203369140625,3905.999046325742,62.99999237060547,61.99999237060547,1242.3239
2026-05-27 10:24:01.964925999,455291.85788060725,696.9852905273438,653.230224609375,-1.0,-1.0,-1.0,1242.9649
2026-05-27 10:24:02.605960000,455440.5109707564,697.2337036132812,653.210693359375,-1.0,-1.0,-1.0,1243.606
2026-05-27 10:24:03.246994000,455444.6831401661,697.2297973632812,653.2203369140625,-1.0,-1.0,-1.0,1244.247
2026-05-27 10:24:03.888028000,455419.5885248482,697.27197265625,653.1448364257812,-1.0,-1.0,-1.0,1244.888
2026-05-27 10:24:04.529062000,455299.29562188685,697.0175170898438,653.210693359375,-1.0,-1.0,-1.0,1245.5291
2026-05-27 10:24:05.170096000,455304.0674423799,697.0755615234375,653.1631469726562,-1.0,-1.0,-1.0,1246.1701
2026-05-27 10:24:05.811130000,455307.2427275777,697.0400390625,653.2009887695312,-1.0,-1.0,-1.0,1246.8111
2026-05-27 10:24:06.452164000,455308.76833739877,697.021728515625,653.2203369140625,-1.0,-1.0,-1.0,1247.4522
2026-05-27 10:24:07.093198000,455446.8054809682,697.2173461914062,653.2350463867188,-1.0,-1.0,-1.0,1248.0932
2026-05-27 10:24:07.734232000,455249.23281109706,696.8772583007812,653.2703247070312,-1.0,-1.0,-1.0,1248.7342
2026-05-27 10:24:08.375266000,455404.0458762124,697.1358642578125,653.2500610351562,-1.0,-1.0,-1.0,1249.3753
2026-05-27 10:24:09.016300000,455449.2248054445,697.2261962890625,653.230224609375,-1.0,-1.0,-1.0,1250.0163
2026-05-27 10:24:09.657334000,455247.5901327431,696.9071044921875,653.239990234375,-1.0,-1.0,-1.0,1250.6573
2026-05-27 10:24:10.298368000,455386.8681116402,697.1307373046875,653.230224609375,-1.0,-1.0,-1.0,1251.2984
2026-05-27 10:24:10.939402000,455383.391036205,697.1566162109375,653.2009887695312,-1.0,-1.0,-1.0,1251.9394
2026-05-27 10:24:11.580436000,455382.6064760685,697.134765625,653.2203369140625,-1.0,-1.0,-1.0,1252.5804
2026-05-27 10:24:12.221470000,455437.8745330684,697.2036743164062,653.2350463867188,-1.0,-1.0,-1.0,1253.2215
2026-05-27 10:24:12.862504000,455291.85788060725,696.9852905273438,653.230224609375,-1.0,-1.0,-1.0,1253.8625
2026-05-27 10:24:13.503538000,455444.907706473,697.2507934570312,653.2009887695312,-1.0,-1.0,-1.0,1254.5035
2026-05-27 10:24:14.144572000,455473.59832466766,697.2583618164062,653.2350463867188,-1.0,-1.0,-1.0,1255.1446
2026-05-27 10:24:14.785606000,455346.6322136298,697.0440673828125,653.2537231445312,-1.0,-1.0,-1.0,1255.7856
2026-05-27 10:24:15.426640000,455449.2248054445,697.2261962890625,653.230224609375,-1.0,-1.0,-1.0,1256.4266
2026-05-27 10:24:16.067674000,455482.48940226436,697.27197265625,653.2350463867188,-1.0,-1.0,-1.0,1257.0677
2026-05-27 10:24:16.708708000,455456.33774937317,697.2173461914062,653.2487182617188,-1.0,-1.0,-1.0,1257.7087
2026-05-27 10:24:17.349742000,455471.94815917686,697.2359008789062,653.2537231445312,-1.0,-1.0,-1.0,1258.3497
2026-05-27 10:24:17.990776000,455405.37500258535,697.0997314453125,653.2858276367188,-1.0,-1.0,-1.0,1258.9908
2026-05-27 10:24:18.631810000,455046.6629818082,697.2173461914062,652.6611328125,-1.0,-1.0,-1.0,1259.6318
2026-05-27 10:24:19.272844000,455060.66761024296,697.1723022460938,652.723388671875,-1.0,-1.0,-1.0,1260.2728
2026-05-27 10:24:19.913878000,455437.8745330684,697.2036743164062,653.2350463867188,-1.0,-1.0,-1.0,1260.9139
2026-05-27 10:24:20.554912000,455047.8805680871,697.1900024414062,652.6884765625,-1.0,-1.0,-1.0,1261.5549
2026-05-27 10:24:21.195946000,455096.522776857,697.2272338867188,652.723388671875,-1.0,-1.0,-1.0,1262.1959
2026-05-27 10:24:21.836980000,455071.9767123684,697.2184448242188,652.6964111328125,-1.0,-1.0,-1.0,1262.837
2026-05-27 10:24:22.478014000,455038.3486735225,697.1900024414062,652.6748046875,-1.0,-1.0,-1.0,1263.478
2026-05-27 10:24:23.119048000,455518.9381717667,697.1998291015625,653.3549194335938,-1.0,-1.0,-1.0,1264.119
2026-05-27 10:24:23.760082000,455049.911284782,697.1998291015625,652.6821899414062,-1.0,-1.0,-1.0,1264.7601
2026-05-27 10:24:24.401116000,455022.05410045385,697.1181640625,652.7186889648438,-1.0,-1.0,-1.0,1265.4011
2026-05-27 10:24:25.042150000,454720.5269521326,696.6578369140625,652.7171630859375,-1.0,-1.0,-1.0,1266.0422
2026-05-27 10:24:25.683184000,455047.8805680871,697.1900024414062,652.6884765625,-1.0,-1.0,-1.0,1266.6832
2026-05-27 10:24:26.324218000,455002.6518859267,697.1181640625,652.6908569335938,-1.0,-1.0,-1.0,1267.3242
2026-05-27 10:24:26.965252000,455283.129215315,696.9338989257812,653.265869140625,-1.0,-1.0,-1.0,1267.9653
2026-05-27 10:24:27.606286000,455365.9028944373,697.024658203125,653.299560546875,-1.0,-1.0,-1.0,1268.6063
2026-05-27 10:24:28.247320000,454952.61310295016,697.0108642578125,652.7195434570312,-1.0,-1.0,-1.0,1269.2473
2026-05-27 10:24:28.888354000,455093.1071113944,697.2446899414062,652.7021484375,-1.0,-1.0,-1.0,1269.8884
2026-05-27 10:24:29.529388000,455451.91609346867,697.1998291015625,653.2587890625,-1.0,-1.0,-1.0,1270.5294
2026-05-27 10:24:30.170422000,455075.19721154496,697.1986694335938,652.7195434570312,-1.0,-1.0,-1.0,1271.1704
2026-05-27 10:24:30.811456000,454943.5243369937,697.0009155273438,652.7158203125,-1.0,-1.0,-1.0,1271.8115
2026-05-27 10:24:31.452490000,454956.35525016487,697.0166625976562,652.719482421875,-1.0,-1.0,-1.0,1272.4525
2026-05-27 10:24:32.093524000,455049.30383087695,697.159912109375,652.7186889648438,-1.0,-1.0,-1.0,1273.0935
2026-05-27 10:24:32.734558000,455047.8805680871,697.1900024414062,652.6884765625,-1.0,-1.0,-1.0,1273.7346
2026-05-27 10:24:33.375592000,454972.4603304714,697.085205078125,652.6784057617188,-1.0,-1.0,-1.0,1274.3756
2026-05-27 10:24:34.016626000,455039.5651382804,697.1626586914062,652.7021484375,-1.0,-1.0,-1.0,1275.0166
2026-05-27 10:24:34.657660000,455057.41246265173,697.1900024414062,652.7021484375,-1.0,-1.0,-1.0,1275.6577
2026-05-27 10:24:35.298694000,455363.76064246893,697.0716552734375,653.25244140625,-1.0,-1.0,-1.0,1276.2987
2026-05-27 10:24:35.939728000,454972.4603304714,697.085205078125,652.6784057617188,-1.0,-1.0,-1.0,1276.9397
2026-05-27 10:24:36.580762000,454962.1483114511,697.0625610351562,652.684814453125,-1.0,-1.0,-1.0,1277.5808
2026-05-27 10:24:37.221796000,455047.8805680871,697.1900024414062,652.6884765625,-1.0,-1.0,-1.0,1278.2218
2026-05-27 10:24:37.862830000,454994.0137691945,697.080810546875,652.7134399414062,-1.0,-1.0,-1.0,1278.8628
2026-05-27 10:24:38.503864000,455049.30383087695,697.159912109375,652.7186889648438,-1.0,-1.0,-1.0,1279.5039
2026-05-27 10:24:39.144898000,454999.31001586467,697.1263427734375,652.6784057617188,-1.0,-1.0,-1.0,1280.1449
2026-05-27 10:24:39.785932000,454932.4842437357,697.0052490234375,652.6959228515625,-1.0,-1.0,-1.0,1280.7859
2026-05-27 10:24:40.426966000,455078.635032624,697.1998291015625,652.723388671875,-1.0,-1.0,-1.0,1281.427
2026-05-27 10:24:41.068000000,455091.2966082394,697.2184448242188,652.72412109375,-1.0,-1.0,-1.0,1282.068
2026-05-27 10:24:41.709034000,455002.36504343525,697.1083374023438,652.6996459960938,-1.0,-1.0,-1.0,1282.709
2026-05-27 10:24:42.350068000,455041.456314981,697.1181640625,652.7465209960938,-1.0,-1.0,-1.0,1283.3501
2026-05-27 10:24:42.991102000,455110.42399091274,697.2342529296875,652.7367553710938,-1.0,-1.0,-1.0,1283.9911
2026-05-27 10:24:43.632136000,454980.84612067044,697.024658203125,652.7471313476562,-1.0,-1.0,-1.0,1284.6321
2026-05-27 10:24:44.273170000,454947.43135099113,697.0029907226562,652.719482421875,-1.0,-1.0,-1.0,1285.2732
2026-05-27 10:24:44.914204000,454962.22763269395,697.0108642578125,652.7333374023438,-1.0,-1.0,-1.0,1285.9142
2026-05-27 10:24:45.555238000,455047.8805680871,697.1900024414062,652.6884765625,-1.0,-1.0,-1.0,1286.5552
2026-05-27 10:24:46.196272000,455040.917091392,697.1705322265625,652.6967163085938,-1.0,-1.0,-1.0,1287.1963
2026-05-27 10:24:46.837306000,454963.58282444626,697.0302124023438,652.7171630859375,-1.0,-1.0,-1.0,1287.8373
2026-05-27 10:24:47.478340000,455093.1071113944,697.2446899414062,652.7021484375,-1.0,-1.0,-1.0,1288.4783
2026-05-27 10:24:48.119374000,455325.04364693165,697.5458984375,652.7528076171875,-1.0,-1.0,-1.0,1289.1194
2026-05-27 10:24:48.760408000,454937.90201322734,697.0029907226562,652.705810546875,-1.0,-1.0,-1.0,1289.7604
2026-05-27 10:24:49.401442000,455047.8805680871,697.1900024414062,652.6884765625,-1.0,-1.0,-1.0,1290.4014
2026-05-27 10:24:50.042476000,454956.1440810375,697.0358276367188,652.7012329101562,-1.0,-1.0,-1.0,1291.0425
2026-05-27 10:24:50.683510000,455061.39708444476,697.20947265625,652.6896362304688,-1.0,-1.0,-1.0,1291.6835
2026-05-27 10:24:51.324544000,454962.22763269395,697.0108642578125,652.7333374023438,-1.0,-1.0,-1.0,1292.3245
2026-05-27 10:24:51.965578000,455034.9951752275,697.1036376953125,652.7508544921875,-1.0,-1.0,-1.0,1292.9656
2026-05-27 10:24:52.606612000,454913.5136923939,696.9071044921875,652.7606201171875,-1.0,-1.0,-1.0,1293.6066
2026-05-27 10:24:53.247646000,455066.3361248374,697.2036743164062,652.7021484375,-1.0,-1.0,-1.0,1294.2476
2026-05-27 10:24:53.888680000,455333.92566785216,697.568115234375,652.7447509765625,-1.0,-1.0,-1.0,1294.8887
2026-05-27 10:24:54.529714000,455124.0020063333,697.2341918945312,652.7562866210938,-1.0,-1.0,-1.0,1295.5297
2026-05-27 10:24:55.170748000,454979.015246477,697.0304565429688,652.7390747070312,-1.0,-1.0,-1.0,1296.1707
2026-05-27 10:24:55.811782000,454947.43135099113,697.0029907226562,652.719482421875,-1.0,-1.0,-1.0,1296.8118
2026-05-27 10:24:56.452816000,455305.84240180254,697.5458984375,652.7252807617188,-1.0,-1.0,-1.0,1297.4528
2026-05-27 10:24:57.093850000,455048.48880046606,697.1763305664062,652.7021484375,-1.0,-1.0,-1.0,1298.0938
2026-05-27 10:24:57.734884000,454989.44330334663,697.08984375,652.6984252929688,-1.0,-1.0,-1.0,1298.7349
2026-05-27 10:24:58.375918000,455223.52248424664,697.3523559570312,652.7883911132812,-1.0,-1.0,-1.0,1299.3759
2026-05-27 10:24:59.016952000,455056.6238088161,697.1263427734375,652.7606201171875,-1.0,-1.0,-1.0,1300.017
2026-05-27 10:24:59.657986000,455039.11007355154,697.138427734375,652.7241821289062,-1.0,-1.0,-1.0,1300.658
2026-05-27 10:25:00.299020000,455017.34595184773,697.1034545898438,652.7257080078125,-1.0,-1.0,-1.0,1301.299
2026-05-27 10:25:00.940054000,455042.0735978037,697.104248046875,652.7604370117188,-1.0,-1.0,-1.0,1301.9401
2026-05-27 10:25:01.581088000,454706.0876849443,696.6332397460938,652.719482421875,-1.0,-1.0,-1.0,1302.5811
2026-05-27 10:25:02.222122000,455010.66727103293,697.085205078125,652.7332153320312,-1.0,-1.0,-1.0,1303.2221
2026-05-27 10:25:02.863156000,454732.04205357656,696.6434936523438,652.7471313476562,-1.0,-1.0,-1.0,1303.8632
2026-05-27 10:25:03.504190000,454986.44563007355,697.0134887695312,652.765625,-1.0,-1.0,-1.0,1304.5042
2026-05-27 10:25:04.145224000,455353.78782093525,697.5543212890625,652.7861328125,-1.0,-1.0,-1.0,1305.1452
2026-05-27 10:25:04.786258000,455021.4120638743,697.0578002929688,652.7742919921875,-1.0,-1.0,-1.0,1305.7863
2026-05-27 10:25:05.427292000,454786.01206333935,696.6723022460938,652.797607421875,-1.0,-1.0,-1.0,1306.4273
2026-05-27 10:25:06.068326000,455036.3648266159,697.1034545898438,652.7529907226562,-1.0,-1.0,-1.0,1307.0683
2026-05-27 10:25:06.709360000,455366.1973442547,697.5757446289062,652.7838745117188,-1.0,-1.0,-1.0,1307.7094
2026-05-27 10:25:07.350394000,455095.54004091024,697.1900024414062,652.7568359375,-1.0,-1.0,-1.0,1308.3504
2026-05-27 10:25:07.991428000,455010.66727103293,697.085205078125,652.7332153320312,-1.0,-1.0,-1.0,1308.9914
2026-05-27 10:25:08.632462000,455095.54004091024,697.1900024414062,652.7568359375,-1.0,-1.0,-1.0,1309.6325
2026-05-27 10:25:09.273496000,454972.1122651696,697.0009155273438,652.7568359375,-1.0,-1.0,-1.0,1310.2735
2026-05-27 10:25:09.914530000,454963.38810786605,696.6962280273438,653.02978515625,-1.0,-1.0,-1.0,1310.9145
2026-05-27 10:25:10.555564000,455073.1933194399,697.1307373046875,652.7802734375,-1.0,-1.0,-1.0,1311.5556
2026-05-27 10:25:11.196598000,455054.7502254881,697.0899047851562,652.7920532226562,-1.0,-1.0,-1.0,1312.1966
2026-05-27 10:25:11.837632000,455346.9527009092,697.5757446289062,652.7562866210938,-1.0,-1.0,-1.0,1312.8376
2026-05-27 10:25:12.478666000,454730.25259345025,696.6309814453125,652.7562866210938,-1.0,-1.0,-1.0,1313.4787
2026-05-27 10:25:13.119700000,455057.75650033355,697.098876953125,652.7879638671875,-1.0,-1.0,-1.0,1314.1197
2026-05-27 10:25:13.760734000,455098.675964158,697.1989135742188,652.7529907226562,-1.0,-1.0,-1.0,1314.7607
2026-05-27 10:25:14.401768000,454962.22763269395,697.0108642578125,652.7333374023438,-1.0,-1.0,-1.0,1315.4018
2026-05-27 10:25:15.042802000,454958.69235106185,696.6664428710938,653.0509643554688,-1.0,-1.0,-1.0,1316.0428
2026-05-27 10:25:15.683836000,455095.54004091024,697.1900024414062,652.7568359375,-1.0,-1.0,-1.0,1316.6838
2026-05-27 10:25:16.324870000,454981.5990330018,697.0009155273438,652.7704467773438,-1.0,-1.0,-1.0,1317.3249
2026-05-27 10:25:16.965904000,455094.7127432823,696.864501953125,653.060546875,-1.0,-1.0,-1.0,1317.9659
2026-05-27 10:25:17.606938000,455095.54004091024,697.1900024414062,652.7568359375,-1.0,-1.0,-1.0,1318.6069
2026-05-27 10:25:18.247972000,455091.0029374957,697.1580200195312,652.7802734375,-1.0,-1.0,-1.0,1319.248
2026-05-27 10:25:18.889006000,455129.9642343819,697.19482421875,652.8016967773438,-1.0,-1.0,-1.0,1319.889
2026-05-27 10:25:19.530039999,455036.21260643005,697.076171875,652.7783203125,-1.0,-1.0,-1.0,1320.53
2026-05-27 10:25:20.171074000,455085.400287807,697.2036743164062,652.7294921875,-1.0,-1.0,-1.0,1321.1711
2026-05-27 10:25:20.812108000,455133.01814129576,697.2036743164062,652.7977905273438,-1.0,-1.0,-1.0,1321.8121
2026-05-27 10:25:21.453142000,455151.64691705257,697.2125244140625,652.8162231445312,-1.0,-1.0,-1.0,1322.4531
2026-05-27 10:25:22.094176000,455381.288671419,697.5591430664062,652.821044921875,-1.0,-1.0,-1.0,1323.0942
2026-05-27 10:25:22.735210000,455000.65765178576,697.0009155273438,652.7977905273438,-1.0,-1.0,-1.0,1323.7352
2026-05-27 10:25:23.376244000,455120.3897204995,697.19482421875,652.7879638671875,-1.0,-1.0,-1.0,1324.3762
2026-05-27 10:25:24.017278000,454861.4060869217,696.828125,652.7598266601562,-1.0,-1.0,-1.0,1325.0173
2026-05-27 10:25:24.658312000,455034.73117144033,697.0134887695312,652.8348999023438,-1.0,-1.0,-1.0,1325.6583
2026-05-27 10:25:25.299346000,454916.4951299317,696.8761596679688,652.7938842773438,-1.0,-1.0,-1.0,1326.2993
2026-05-27 10:25:25.940380000,455340.4150315523,697.5068359375,652.8114013671875,-1.0,-1.0,-1.0,1326.9404
2026-05-27 10:25:26.581414000,454960.51169839874,696.9197387695312,652.8162231445312,-1.0,-1.0,-1.0,1327.5814
2026-05-27 10:25:27.222448000,455035.34307296574,696.9996337890625,652.8487548828125,-1.0,-1.0,-1.0,1328.2224
2026-05-27 10:25:27.863482000,454653.3630058244,696.4371948242188,652.8275146484375,4096.0,64.0,64.0,1328.8635
2026-05-27 10:25:28.504516000,455000.65765178576,697.0009155273438,652.7977905273438,4096.0,64.0,64.0,1329.5045
2026-05-27 10:25:29.145550000,455130.53114006296,697.1810913085938,652.8153686523438,-1.0,-1.0,-1.0,1330.1456
2026-05-27 10:25:29.786584000,455178.1935848221,697.2184448242188,652.8487548828125,-1.0,-1.0,-1.0,1330.7866
2026-05-27 10:25:30.427618000,455029.0048067719,697.024658203125,652.8162231445312,-1.0,-1.0,-1.0,1331.4276
2026-05-27 10:25:31.068652000,455019.7644652724,697.0488891601562,652.7802734375,-1.0,-1.0,-1.0,1332.0687
2026-05-27 10:25:31.709686000,454863.9546360336,696.8079223632812,652.7824096679688,-1.0,-1.0,-1.0,1332.7097
2026-05-27 10:25:32.350720000,455077.5081436634,697.085205078125,652.8291015625,-1.0,-1.0,-1.0,1333.3507
2026-05-27 10:25:32.991754000,455371.0301277377,697.5191040039062,652.8438110351562,-1.0,-1.0,-1.0,1333.9918
2026-05-27 10:25:33.632788000,455133.625066068,697.1900024414062,652.8114624023438,-1.0,-1.0,-1.0,1334.6328
2026-05-27 10:25:34.273822000,455197.4709258564,697.2184448242188,652.8764038085938,-1.0,-1.0,-1.0,1335.2738
2026-05-27 10:25:34.914855999,455352.4034858085,697.5053100585938,652.8300170898438,-1.0,-1.0,-1.0,1335.9149
2026-05-27 10:25:35.555890000,455048.2342468053,697.024658203125,652.8438110351562,-1.0,-1.0,-1.0,1336.5559
2026-05-27 10:25:36.196924000,455178.1935848221,697.2184448242188,652.8487548828125,-1.0,-1.0,-1.0,1337.1969
2026-05-27 10:25:36.837958000,455092.01377991587,697.4252319335938,652.5316162109375,-1.0,-1.0,-1.0,1337.838
2026-05-27 10:25:37.478992000,455149.63723808527,697.1810913085938,652.8427734375,-1.0,-1.0,-1.0,1338.479
2026-05-27 10:25:38.120026000,455076.2070210278,697.33154296875,652.5966186523438,-1.0,-1.0,-1.0,1339.12
2026-05-27 10:25:38.761060000,455048.2342468053,697.024658203125,652.8438110351562,-1.0,-1.0,-1.0,1339.7611
2026-05-27 10:25:39.402094000,455034.73117144033,697.0134887695312,652.8348999023438,-1.0,-1.0,-1.0,1340.4021
2026-05-27 10:25:40.043128000,454786.61707820743,696.6585083007812,652.8114013671875,-1.0,-1.0,-1.0,1341.0431
2026-05-27 10:25:40.684162000,455025.68615665287,696.9996337890625,652.8348999023438,-1.0,-1.0,-1.0,1341.6842
2026-05-27 10:25:41.325196000,454811.7323062867,696.642333984375,652.8626098632812,-1.0,-1.0,-1.0,1342.3252
2026-05-27 10:25:41.966230000,455178.1935848221,697.2184448242188,652.8487548828125,-1.0,-1.0,-1.0,1342.9662
2026-05-27 10:25:42.607264000,455019.7162705697,697.0009155273438,652.8251342773438,-1.0,-1.0,-1.0,1343.6073
2026-05-27 10:25:43.248298000,455391.57280127704,697.5452880859375,652.8487548828125,-1.0,-1.0,-1.0,1344.2483
2026-05-27 10:25:43.889332000,455016.6411418654,696.9857788085938,652.8348999023438,-1.0,-1.0,-1.0,1344.8893
2026-05-27 10:25:44.530366000,455029.2455799617,697.0009155273438,652.8388061523438,-1.0,-1.0,-1.0,1345.5304
2026-05-27 10:25:45.171400000,455164.76372244954,697.1998291015625,652.846923828125,-1.0,-1.0,-1.0,1346.1714
2026-05-27 10:25:45.812434000,454837.27009883523,696.6572875976562,652.88525390625,-1.0,-1.0,-1.0,1346.8124
2026-05-27 10:25:46.453468000,455073.31706220657,697.0134887695312,652.8902587890625,-1.0,-1.0,-1.0,1347.4535
2026-05-27 10:25:47.094502000,455063.94797391817,697.0300903320312,652.8612670898438,-1.0,-1.0,-1.0,1348.0945
2026-05-27 10:25:47.735536000,455133.625066068,697.1900024414062,652.8114624023438,-1.0,-1.0,-1.0,1348.7355
2026-05-27 10:25:48.376570000,455169.14837807417,697.20458984375,652.8487548828125,-1.0,-1.0,-1.0,1349.3766
2026-05-27 10:25:49.017604000,455192.8389047235,697.2135009765625,652.8743896484375,-1.0,-1.0,-1.0,1350.0176
2026-05-27 10:25:49.658638000,455207.1308737919,697.2184448242188,652.8902587890625,-1.0,-1.0,-1.0,1350.6586
2026-05-27 10:25:50.299671999,455275.3631398082,697.20458984375,653.0010986328125,-1.0,-1.0,-1.0,1351.2997
2026-05-27 10:25:50.940706000,455128.80882906914,697.1181640625,652.871826171875,-1.0,-1.0,-1.0,1351.9407
2026-05-27 10:25:51.581740000,455073.31706220657,697.0134887695312,652.8902587890625,-1.0,-1.0,-1.0,1352.5817
2026-05-27 10:25:52.222774000,455398.08584964275,697.560546875,652.8438110351562,-1.0,-1.0,-1.0,1353.2228
2026-05-27 10:25:52.863808000,455120.7210924849,697.1307373046875,652.8484497070312,-1.0,-1.0,-1.0,1353.8638
2026-05-27 10:25:53.504842000,455054.4048410095,697.0669555664062,652.8130493164062,-1.0,-1.0,-1.0,1354.5048
2026-05-27 10:25:54.145876000,454896.95402753353,696.8447265625,652.7952880859375,-1.0,-1.0,-1.0,1355.1459
2026-05-27 10:25:54.786910000,455076.2123206146,697.0625610351562,652.8484497070312,-1.0,-1.0,-1.0,1355.7869
2026-05-27 10:25:55.427944000,455089.076083228,696.9193115234375,653.0010986328125,-1.0,-1.0,-1.0,1356.4279
2026-05-27 10:25:56.068978000,455216.17665557563,697.2322998046875,652.8902587890625,-1.0,-1.0,-1.0,1357.069
2026-05-27 10:25:56.710012000,455048.2342468053,697.024658203125,652.8438110351562,-1.0,-1.0,-1.0,1357.71
2026-05-27 10:25:57.351046000,454555.59644567966,696.326171875,652.7911987304688,-1.0,-1.0,-1.0,1358.351
2026-05-27 10:25:57.992080000,455084.4932734966,697.08984375,652.8347778320312,-1.0,-1.0,-1.0,1358.9921
2026-05-27 10:25:58.633114000,455399.3214548901,697.5328979492188,652.8714599609375,3720.0,62.0,60.0,1359.6331
2026-05-27 10:25:59.274148000,455238.4333531782,697.1900024414062,652.9617919921875,3720.0,62.0,60.0,1360.2741
2026-05-27 10:25:59.915182000,455074.5760783665,697.1973266601562,652.7199096679688,-1.0,-1.0,-1.0,1360.9152
2026-05-27 10:26:00.556216000,455134.23161699995,697.1763305664062,652.8251342773438,-1.0,-1.0,-1.0,1361.5562
2026-05-27 10:26:01.197250000,454819.4599389285,696.683349609375,652.8352661132812,-1.0,-1.0,-1.0,1362.1972
2026-05-27 10:26:01.838284000,455057.19456153363,697.0625610351562,652.8211669921875,-1.0,-1.0,-1.0,1362.8383
2026-05-27 10:26:02.479318000,455026.29616743326,696.62939453125,653.1827392578125,-1.0,-1.0,-1.0,1363.4793
2026-05-27 10:26:03.120352000,454822.5537369177,696.6146240234375,652.9041137695312,-1.0,-1.0,-1.0,1364.1204
2026-05-27 10:26:03.761386000,455162.82673993334,697.1763305664062,652.8661499023438,-1.0,-1.0,-1.0,1364.7614
2026-05-27 10:26:04.402420000,455143.15696063265,697.1900024414062,652.8251342773438,-1.0,-1.0,-1.0,1365.4024
2026-05-27 10:26:05.043454000,455178.8081340492,697.20458984375,652.8626098632812,-1.0,-1.0,-1.0,1366.0435
2026-05-27 10:26:05.684487999,455171.75264432654,697.1900024414062,652.8661499023438,-1.0,-1.0,-1.0,1366.6845
2026-05-27 10:26:06.325522000,455284.4104572758,697.2184448242188,653.0010986328125,-1.0,-1.0,-1.0,1367.3255
2026-05-27 10:26:06.966556000,455057.27938505635,697.0385131835938,652.8438110351562,-1.0,-1.0,-1.0,1367.9666
2026-05-27 10:26:07.607590000,455154.123796016,697.024658203125,652.9957275390625,-1.0,-1.0,-1.0,1368.6076
2026-05-27 10:26:08.248624000,455251.54217451066,697.1860961914062,652.9842529296875,-1.0,-1.0,-1.0,1369.2486
2026-05-27 10:26:08.889658000,454993.24559920654,696.8931274414062,652.8881225585938,-1.0,-1.0,-1.0,1369.8897
2026-05-27 10:26:09.530692000,455184.5214163624,697.1860961914062,652.8881225585938,-1.0,-1.0,-1.0,1370.5307
2026-05-27 10:26:10.171726000,455039.2289549783,697.0108642578125,652.8438110351562,-1.0,-1.0,-1.0,1371.1717
2026-05-27 10:26:10.812760000,455064.88222299144,696.9857788085938,652.9041137695312,-1.0,-1.0,-1.0,1371.8128
2026-05-27 10:26:11.453794000,454538.62254969403,696.2091674804688,652.8765258789062,-1.0,-1.0,-1.0,1372.4538
2026-05-27 10:26:12.094828000,455375.40453995764,697.1998291015625,653.1490478515625,-1.0,-1.0,-1.0,1373.0948
2026-05-27 10:26:12.735862000,454941.79255846515,696.6288452148438,653.0619506835938,-1.0,-1.0,-1.0,1373.7359
2026-05-27 10:26:13.376896000,454985.05047859624,696.6509399414062,653.1033325195312,-1.0,-1.0,-1.0,1374.3769
2026-05-27 10:26:14.017930000,455063.55866380036,696.9075927734375,652.9754638671875,-1.0,-1.0,-1.0,1375.0179
2026-05-27 10:26:14.658964000,454979.19219760224,696.8451538085938,652.9129028320312,-1.0,-1.0,-1.0,1375.659
2026-05-27 10:26:15.299998000,455279.285328269,697.024658203125,653.17529296875,-1.0,-1.0,-1.0,1376.3
2026-05-27 10:26:15.941032000,455337.01619137824,697.024658203125,653.2581176757812,-1.0,-1.0,-1.0,1376.941
2026-05-27 10:26:16.582066000,455210.3368453011,697.0997314453125,653.0060424804688,-1.0,-1.0,-1.0,1377.5821
2026-05-27 10:26:17.223100000,455085.0981363058,697.076171875,652.8484497070312,-1.0,-1.0,-1.0,1378.2231
2026-05-27 10:26:17.864134000,455104.4776132889,696.6423950195312,653.2827758789062,-1.0,-1.0,-1.0,1378.8641
2026-05-27 10:26:18.505168000,455442.34151085466,697.1998291015625,653.2450561523438,-1.0,-1.0,-1.0,1379.5052
2026-05-27 10:26:19.146202000,455369.90329632163,697.1256103515625,653.210693359375,-1.0,-1.0,-1.0,1380.1462
2026-05-27 10:26:19.787236000,455256.17422270775,696.9306640625,653.230224609375,-1.0,-1.0,-1.0,1380.7872
2026-05-27 10:26:20.428270000,455260.5316826105,696.9068603515625,653.2587890625,-1.0,-1.0,-1.0,1381.4283
2026-05-27 10:26:21.069303999,454801.73521891236,696.1904907226562,653.27197265625,-1.0,-1.0,-1.0,1382.0693
2026-05-27 10:26:21.710338000,455244.4239176139,696.8753662109375,653.2651977539062,-1.0,-1.0,-1.0,1382.7103
2026-05-27 10:26:22.351372000,455433.3705551885,697.1860961914062,653.2450561523438,-1.0,-1.0,-1.0,1383.3514
2026-05-27 10:26:22.992406000,455287.05725060776,697.1478881835938,653.0709838867188,-1.0,-1.0,-1.0,1383.9924
2026-05-27 10:26:23.633440000,455152.2833569385,697.0625610351562,652.9575805664062,-1.0,-1.0,-1.0,1384.6334
2026-05-27 10:26:24.274474000,455305.42538608983,697.0009155273438,653.2350463867188,-1.0,-1.0,-1.0,1385.2745
2026-05-27 10:26:24.915508000,455230.32721421495,696.8660278320312,653.2537231445312,-1.0,-1.0,-1.0,1385.9155
2026-05-27 10:26:25.556542000,455410.4809296243,697.1763305664062,653.2213745117188,-1.0,-1.0,-1.0,1386.5565
2026-05-27 10:26:26.197576000,455229.5061411783,697.1763305664062,652.9617919921875,-1.0,-1.0,-1.0,1387.1976
2026-05-27 10:26:26.838610000,455225.86245042086,697.1181640625,653.0110473632812,-1.0,-1.0,-1.0,1387.8386
2026-05-27 10:26:27.479644000,455259.4258412197,696.9058837890625,653.2581176757812,-1.0,-1.0,-1.0,1388.4796
2026-05-27 10:26:28.120678000,455374.56120832637,697.0853881835938,653.2550659179688,-1.0,-1.0,-1.0,1389.1207
2026-05-27 10:26:28.761712000,455155.1310986839,697.0578002929688,652.9661254882812,-1.0,-1.0,-1.0,1389.7617
2026-05-27 10:26:29.402746000,455659.8223988898,697.5234985351562,653.2537231445312,-1.0,-1.0,-1.0,1390.4027
2026-05-27 10:26:30.043780000,454952.7869276516,697.0578002929688,652.6758422851562,-1.0,-1.0,-1.0,1391.0438
2026-05-27 10:26:30.684814000,455263.13271537423,696.89306640625,653.2754516601562,-1.0,-1.0,-1.0,1391.6848
2026-05-27 10:26:31.325848000,455088.6980111003,696.6297607421875,653.27197265625,-1.0,-1.0,-1.0,1392.3258
2026-05-27 10:26:31.966882000,454716.64730153605,696.1958618164062,653.1447143554688,-1.0,-1.0,-1.0,1392.9669
2026-05-27 10:26:32.607916000,455284.7240816057,697.104248046875,653.1085205078125,-1.0,-1.0,-1.0,1393.6079
2026-05-27 10:26:33.248950000,455329.50638505444,697.0164184570312,653.2550659179688,-1.0,-1.0,-1.0,1394.249
2026-05-27 10:26:33.889984000,455220.5703048259,696.8761596679688,653.230224609375,-1.0,-1.0,-1.0,1394.89
2026-05-27 10:26:34.531018000,455324.9370008223,697.2941284179688,652.9883422851562,-1.0,-1.0,-1.0,1395.531
2026-05-27 10:26:35.172052000,455220.7572156638,696.8660278320312,653.239990234375,-1.0,-1.0,-1.0,1396.1721
2026-05-27 10:26:35.813086000,455164.2782805115,697.0578002929688,652.979248046875,-1.0,-1.0,-1.0,1396.8131
2026-05-27 10:26:36.454119999,454950.89853930473,696.43359375,653.2581176757812,-1.0,-1.0,-1.0,1397.4541
2026-05-27 10:26:37.095154000,455396.2439933978,697.0857543945312,653.2858276367188,-1.0,-1.0,-1.0,1398.0952
2026-05-27 10:26:37.736188000,455201.01568153873,696.9915161132812,653.0940551757812,-1.0,-1.0,-1.0,1398.7362
2026-05-27 10:26:38.377222000,455152.2833569385,697.0625610351562,652.9575805664062,-1.0,-1.0,-1.0,1399.3772
2026-05-27 10:26:39.018256000,455429.5443449132,697.1763305664062,653.2487182617188,-1.0,-1.0,-1.0,1400.0183
2026-05-27 10:26:39.659290000,455284.16591761634,697.0840454101562,653.1266479492188,-1.0,-1.0,-1.0,1400.6593
2026-05-27 10:26:40.300324000,455246.3099644482,696.9364013671875,653.210693359375,-1.0,-1.0,-1.0,1401.3003
2026-05-27 10:26:40.941358000,455081.74472858384,696.6371459960938,653.2550659179688,-1.0,-1.0,-1.0,1401.9414
2026-05-27 10:26:41.582392000,455365.550243672,697.0715942382812,653.2550659179688,-1.0,-1.0,-1.0,1402.5824
2026-05-27 10:26:42.223426000,455283.96304544806,697.3829345703125,652.846435546875,-1.0,-1.0,-1.0,1403.2234
2026-05-27 10:26:42.864460000,455383.391036205,697.1566162109375,653.2009887695312,-1.0,-1.0,-1.0,1403.8645
2026-05-27 10:26:43.505494000,455088.01735441014,696.6434936523438,653.2581176757812,-1.0,-1.0,-1.0,1404.5055
2026-05-27 10:26:44.146528000,455326.61602718756,697.1017456054688,653.1709594726562,-1.0,-1.0,-1.0,1405.1465
2026-05-27 10:26:44.787562000,455347.5283143632,697.0440063476562,653.2550659179688,-1.0,-1.0,-1.0,1405.7876
2026-05-27 10:26:45.428596000,455354.9616716653,697.0714721679688,653.239990234375,-1.0,-1.0,-1.0,1406.4286
2026-05-27 10:26:46.069630000,454793.4736026935,696.1958618164062,653.2550659179688,-1.0,-1.0,-1.0,1407.0696
2026-05-27 10:26:46.710664000,455319.79873244837,697.0029907226562,653.2537231445312,-1.0,-1.0,-1.0,1407.7107
2026-05-27 10:26:47.351698000,455253.70357364044,697.2459106445312,652.9313354492188,-1.0,-1.0,-1.0,1408.3517
2026-05-27 10:26:47.992732000,455263.13271537423,696.89306640625,653.2754516601562,-1.0,-1.0,-1.0,1408.9927
2026-05-27 10:26:48.633766000,455353.85114536434,696.9996337890625,653.3057250976562,3599.0,61.0,59.0,1409.6338
2026-05-27 10:26:49.274800000,455072.1775249243,696.6185302734375,653.2587890625,3599.0,61.0,59.0,1410.2748
2026-05-27 10:26:49.915834000,455079.04621937126,696.6297607421875,653.2581176757812,-1.0,-1.0,-1.0,1410.9158
2026-05-27 10:26:50.556868000,455200.6865571141,696.794677734375,653.278076171875,-1.0,-1.0,-1.0,1411.5569
2026-05-27 10:26:51.197902000,455710.3302214369,697.5452880859375,653.3057250976562,-1.0,-1.0,-1.0,1412.1979
2026-05-27 10:26:51.838935999,454934.8877849914,696.3682250976562,653.2964477539062,-1.0,-1.0,-1.0,1412.8389
2026-05-27 10:26:52.479970000,455083.06141522527,696.6146240234375,653.278076171875,-1.0,-1.0,-1.0,1413.48
2026-05-27 10:26:53.121004000,455663.277441144,697.517578125,653.2642211914062,-1.0,-1.0,-1.0,1414.121
2026-05-27 10:26:53.762038000,455088.6980111003,696.6297607421875,653.27197265625,-1.0,-1.0,-1.0,1414.762
2026-05-27 10:26:54.403072000,455082.34294835106,696.6233520507812,653.2688598632812,-1.0,-1.0,-1.0,1415.4031
2026-05-27 10:26:55.044106000,455092.1125702113,696.6284790039062,653.278076171875,-1.0,-1.0,-1.0,1416.0441
2026-05-27 10:26:55.685140000,455081.14866918325,696.6322631835938,653.2587890625,-1.0,-1.0,-1.0,1416.6851
2026-05-27 10:26:56.326174000,455092.1125702113,696.6284790039062,653.278076171875,-1.0,-1.0,-1.0,1417.3262
2026-05-27 10:26:56.967208000,455085.2435641587,696.6309814453125,653.265869140625,-1.0,-1.0,-1.0,1417.9672
2026-05-27 10:26:57.608242000,454786.51295524836,696.1689453125,653.2703247070312,-1.0,-1.0,-1.0,1418.6082
2026-05-27 10:26:58.249276000,455396.2439933978,697.0857543945312,653.2858276367188,-1.0,-1.0,-1.0,1419.2493
2026-05-27 10:26:58.890310000,455204.64451300725,696.7975463867188,653.2810668945312,-1.0,-1.0,-1.0,1419.8903
2026-05-27 10:26:59.531344000,454953.8271423429,696.4080810546875,653.2862548828125,-1.0,-1.0,-1.0,1420.5313
2026-05-27 10:27:00.172378000,455333.4024298042,697.0488891601562,653.230224609375,-1.0,-1.0,-1.0,1421.1724
2026-05-27 10:27:00.813412000,454798.9667928666,696.1797485351562,653.278076171875,-1.0,-1.0,-1.0,1421.8134
2026-05-27 10:27:01.454446000,455225.920163054,696.8578491210938,653.2550659179688,-1.0,-1.0,-1.0,1422.4544
2026-05-27 10:27:02.095480000,455254.65354088694,696.8690185546875,653.2858276367188,-1.0,-1.0,-1.0,1423.0955
2026-05-27 10:27:02.736514000,455006.6484186314,696.5236206054688,653.2537231445312,-1.0,-1.0,-1.0,1423.7365
2026-05-27 10:27:03.377548000,455342.3333117813,697.0625610351562,653.230224609375,-1.0,-1.0,-1.0,1424.3775
2026-05-27 10:27:04.018582000,454792.72402104735,696.1766967773438,653.27197265625,-1.0,-1.0,-1.0,1425.0186
2026-05-27 10:27:04.659616000,455426.5692780167,697.1810913085938,653.239990234375,-1.0,-1.0,-1.0,1425.6596
2026-05-27 10:27:05.300650000,455301.8964545131,696.9755859375,653.2537231445312,-1.0,-1.0,-1.0,1426.3006
2026-05-27 10:27:05.941684000,455257.16069539636,696.9071044921875,653.2537231445312,-1.0,-1.0,-1.0,1426.9417
2026-05-27 10:27:06.582718000,455158.1204954088,696.7701416015625,653.239990234375,-1.0,-1.0,-1.0,1427.5827
2026-05-27 10:27:07.223751999,454925.34310054034,696.5054931640625,653.1539916992188,-1.0,-1.0,-1.0,1428.2238
2026-05-27 10:27:07.864786000,455099.81716141105,696.4351806640625,653.470458984375,-1.0,-1.0,-1.0,1428.8648
2026-05-27 10:27:08.505820000,454960.0135549307,696.42626953125,653.278076171875,-1.0,-1.0,-1.0,1429.5058
2026-05-27 10:27:09.146854000,454678.23603012785,696.6371459960938,652.6758422851562,-1.0,-1.0,-1.0,1430.1469
2026-05-27 10:27:09.787888000,455310.86752920225,696.9893188476562,653.2537231445312,-1.0,-1.0,-1.0,1430.7879
2026-05-27 10:27:10.428922000,455353.85114536434,696.9996337890625,653.3057250976562,-1.0,-1.0,-1.0,1431.4289
2026-05-27 10:27:11.069956000,455333.4024298042,697.0488891601562,653.230224609375,-1.0,-1.0,-1.0,1432.07
2026-05-27 10:27:11.710990000,455039.13163152337,696.59326171875,653.2350463867188,-1.0,-1.0,-1.0,1432.711
2026-05-27 10:27:12.352024000,455337.05977007747,697.0440673828125,653.239990234375,-1.0,-1.0,-1.0,1433.352
2026-05-27 10:27:12.993058000,454950.96239994466,696.4124145507812,653.278076171875,-1.0,-1.0,-1.0,1433.9931
2026-05-27 10:27:13.634092000,455358.08461691067,697.0438842773438,653.2703247070312,-1.0,-1.0,-1.0,1434.6341
2026-05-27 10:27:14.275126000,455310.86752920225,696.9893188476562,653.2537231445312,-1.0,-1.0,-1.0,1435.2751
2026-05-27 10:27:14.916160000,455351.22432374954,697.076171875,653.230224609375,-1.0,-1.0,-1.0,1435.9162
2026-05-27 10:27:15.557194000,455342.3333117813,697.0625610351562,653.230224609375,-1.0,-1.0,-1.0,1436.5572
2026-05-27 10:27:16.198228000,455301.8964545131,696.9755859375,653.2537231445312,-1.0,-1.0,-1.0,1437.1982
2026-05-27 10:27:16.839262000,454934.20750017837,697.0488891601562,652.6575317382812,-1.0,-1.0,-1.0,1437.8393
2026-05-27 10:27:17.480296000,455328.128754586,697.0303955078125,653.239990234375,-1.0,-1.0,-1.0,1438.4803
2026-05-27 10:27:18.121330000,455244.4239176139,696.8753662109375,653.2651977539062,-1.0,-1.0,-1.0,1439.1213
2026-05-27 10:27:18.762364000,455048.0625794232,696.60693359375,653.2350463867188,-1.0,-1.0,-1.0,1439.7624
2026-05-27 10:27:19.403398000,455007.02991837636,696.5010375976562,653.2754516601562,-1.0,-1.0,-1.0,1440.4034
2026-05-27 10:27:20.044432000,454400.38123475015,696.1820678710938,652.703369140625,-1.0,-1.0,-1.0,1441.0444
2026-05-27 10:27:20.685466000,455333.4024298042,697.0488891601562,653.230224609375,-1.0,-1.0,-1.0,1441.6855
2026-05-27 10:27:21.326500000,454929.1595350057,696.9996337890625,652.6964111328125,-1.0,-1.0,-1.0,1442.3265
2026-05-27 10:27:21.967534000,455342.3333117813,697.0625610351562,653.230224609375,-1.0,-1.0,-1.0,1442.9675
2026-05-27 10:27:22.608567999,455179.23334889486,696.7970581054688,653.2450561523438,-1.0,-1.0,-1.0,1443.6086
2026-05-27 10:27:23.249602000,454971.6359183304,697.0625610351562,652.6984252929688,-1.0,-1.0,-1.0,1444.2496
2026-05-27 10:27:23.890636000,454402.39974891767,696.1874389648438,652.7012329101562,-1.0,-1.0,-1.0,1444.8906
2026-05-27 10:27:24.531670000,454796.6066470742,696.7669677734375,652.72412109375,-1.0,-1.0,-1.0,1445.5317
2026-05-27 10:27:25.172704000,454962.1483114511,697.0625610351562,652.684814453125,-1.0,-1.0,-1.0,1446.1727
2026-05-27 10:27:25.813738000,455101.1637251973,696.642333984375,653.278076171875,-1.0,-1.0,-1.0,1446.8137
2026-05-27 10:27:26.454772000,454971.03189992905,697.076171875,652.684814453125,-1.0,-1.0,-1.0,1447.4548
2026-05-27 10:27:27.095806000,455310.86752920225,696.9893188476562,653.2537231445312,-1.0,-1.0,-1.0,1448.0958
2026-05-27 10:27:27.736840000,455353.85114536434,696.9996337890625,653.3057250976562,-1.0,-1.0,-1.0,1448.7368
2026-05-27 10:27:28.377874000,454909.87745843455,696.9893188476562,652.6784057617188,-1.0,-1.0,-1.0,1449.3779
2026-05-27 10:27:29.018908000,454855.73270377517,696.89306640625,652.6908569335938,-1.0,-1.0,-1.0,1450.0189
2026-05-27 10:27:29.659942000,455234.9311277084,696.8716430664062,653.2550659179688,3363.0,59.0,57.0,1450.6599
2026-05-27 10:27:30.300976000,455220.7572156638,696.8660278320312,653.239990234375,3363.0,59.0,57.0,1451.301
2026-05-27 10:27:30.942010000,455388.06509246305,697.1034545898438,653.2575073242188,-1.0,-1.0,-1.0,1451.942
2026-05-27 10:27:31.583044000,455369.0462176949,697.1034545898438,653.230224609375,-1.0,-1.0,-1.0,1452.583
2026-05-27 10:27:32.224078000,455337.05977007747,697.0440673828125,653.239990234375,-1.0,-1.0,-1.0,1453.2241
2026-05-27 10:27:32.865112000,454958.7941219285,697.1246337890625,652.6218872070312,-1.0,-1.0,-1.0,1453.8651
2026-05-27 10:27:33.506146000,455343.4304020107,697.0850830078125,653.210693359375,-1.0,-1.0,-1.0,1454.5061
2026-05-27 10:27:34.147180000,454925.32428304106,697.0352783203125,652.6575317382812,-1.0,-1.0,-1.0,1455.1472
2026-05-27 10:27:34.788214000,454962.7123070471,697.0488891601562,652.6984252929688,-1.0,-1.0,-1.0,1455.7882
2026-05-27 10:27:35.429248000,454988.8389136046,697.1034545898438,652.684814453125,-1.0,-1.0,-1.0,1456.4292
2026-05-27 10:27:36.070282000,454847.19507911056,696.5546264648438,652.9957275390625,-1.0,-1.0,-1.0,1457.0703
2026-05-27 10:27:36.711316000,454988.8389136046,697.1034545898438,652.684814453125,-1.0,-1.0,-1.0,1457.7113
2026-05-27 10:27:37.352350000,454982.7478263341,697.1686401367188,652.6150512695312,-1.0,-1.0,-1.0,1458.3523
2026-05-27 10:27:37.993384000,454930.80629637465,697.0890502929688,652.6150512695312,-1.0,-1.0,-1.0,1458.9934
2026-05-27 10:27:38.634418000,454946.19579291344,697.075927734375,652.6494140625,-1.0,-1.0,-1.0,1459.6344
2026-05-27 10:27:39.275452000,454989.44330334663,697.08984375,652.6984252929688,-1.0,-1.0,-1.0,1460.2755
2026-05-27 10:27:39.916486000,454936.668566972,697.08447265625,652.6277465820312,-1.0,-1.0,-1.0,1460.9165
2026-05-27 10:27:40.557520000,454829.97217847407,696.852294921875,652.6920776367188,-1.0,-1.0,-1.0,1461.5575
2026-05-27 10:27:41.198554000,454967.19107191265,697.102294921875,652.6548461914062,-1.0,-1.0,-1.0,1462.1986
2026-05-27 10:27:41.839588000,454929.54371380806,696.9755859375,652.719482421875,-1.0,-1.0,-1.0,1462.8396
2026-05-27 10:27:42.480622000,454831.0578301549,696.49658203125,653.0269775390625,-1.0,-1.0,-1.0,1463.4806
2026-05-27 10:27:43.121656000,454937.90201322734,697.0029907226562,652.705810546875,-1.0,-1.0,-1.0,1464.1217
2026-05-27 10:27:43.762690000,454990.5934590027,697.0715942382812,652.7171630859375,-1.0,-1.0,-1.0,1464.7627
2026-05-27 10:27:44.403724000,454943.5243369937,697.0009155273438,652.7158203125,-1.0,-1.0,-1.0,1465.4037
2026-05-27 10:27:45.044758000,454826.6978096962,696.5869140625,652.93603515625,-1.0,-1.0,-1.0,1466.0448
2026-05-27 10:27:45.685792000,454948.98958300054,697.0580444335938,652.670166015625,-1.0,-1.0,-1.0,1466.6858
2026-05-27 10:27:46.326826000,454963.35831250995,697.0352783203125,652.7120971679688,-1.0,-1.0,-1.0,1467.3268
2026-05-27 10:27:46.967860000,455011.3774946332,697.13916015625,652.6837158203125,-1.0,-1.0,-1.0,1467.9679
2026-05-27 10:27:47.608894000,454830.0026964806,696.6124877929688,652.9168090820312,-1.0,-1.0,-1.0,1468.6089
2026-05-27 10:27:48.249928000,454975.87507804483,697.1156005859375,652.6548461914062,-1.0,-1.0,-1.0,1469.2499
2026-05-27 10:27:48.890962000,454973.8049874082,697.0894165039062,652.6763916015625,-1.0,-1.0,-1.0,1469.891
2026-05-27 10:27:49.531996000,454971.6359183304,697.0625610351562,652.6984252929688,-1.0,-1.0,-1.0,1470.532
2026-05-27 10:27:50.173030000,454991.21711391583,697.0488891601562,652.7393188476562,-1.0,-1.0,-1.0,1471.173
2026-05-27 10:27:50.814064000,454955.7739081979,697.1064453125,652.6345825195312,-1.0,-1.0,-1.0,1471.8141
2026-05-27 10:27:51.455098000,454967.8221333958,697.0890502929688,652.6681518554688,-1.0,-1.0,-1.0,1472.4551
2026-05-27 10:27:52.096132000,454820.3361347839,696.4801635742188,653.0269775390625,-1.0,-1.0,-1.0,1473.0961
2026-05-27 10:27:52.737166000,455023.21808873117,697.137939453125,652.7018432617188,-1.0,-1.0,-1.0,1473.7372
2026-05-27 10:27:53.378200000,454991.21711391583,697.0488891601562,652.7393188476562,-1.0,-1.0,-1.0,1474.3782
2026-05-27 10:27:54.019234000,455004.93141843006,697.0715942382812,652.7377319335938,-1.0,-1.0,-1.0,1475.0192
2026-05-27 10:27:54.660268000,455047.02618438005,697.1297607421875,652.74365234375,-1.0,-1.0,-1.0,1475.6603
2026-05-27 10:27:55.301302000,454980.51969206333,697.076171875,652.6984252929688,-1.0,-1.0,-1.0,1476.3013
2026-05-27 10:27:55.942336000,454499.0016620904,696.2711791992188,652.761474609375,-1.0,-1.0,-1.0,1476.9423
2026-05-27 10:27:56.583370000,455019.1590433717,697.0625610351562,652.7666015625,-1.0,-1.0,-1.0,1477.5834
2026-05-27 10:27:57.224404000,455010.23449999094,697.0488891601562,652.7666015625,-1.0,-1.0,-1.0,1478.2244
2026-05-27 10:27:57.865438000,455016.4103766158,697.3229370117188,652.5189208984375,-1.0,-1.0,-1.0,1478.8654
2026-05-27 10:27:58.506472000,454820.3361347839,696.4801635742188,653.0269775390625,-1.0,-1.0,-1.0,1479.5065
2026-05-27 10:27:59.147506000,455019.7644652724,697.0488891601562,652.7802734375,-1.0,-1.0,-1.0,1480.1475
2026-05-27 10:27:59.788540000,454865.2276991904,696.594482421875,652.9842529296875,-1.0,-1.0,-1.0,1480.7885
2026-05-27 10:28:00.429574000,455005.5319500081,697.0580444335938,652.7512817382812,-1.0,-1.0,-1.0,1481.4296
2026-05-27 10:28:01.070608000,454959.13795022294,697.0757446289062,652.6681518554688,-1.0,-1.0,-1.0,1482.0706
2026-05-27 10:28:01.711642000,455004.08795862645,697.0166625976562,652.7879638671875,-1.0,-1.0,-1.0,1482.7116
2026-05-27 10:28:02.352676000,454986.68449433893,697.0580444335938,652.7242431640625,-1.0,-1.0,-1.0,1483.3527
2026-05-27 10:28:02.993710000,454865.2276991904,696.594482421875,652.9842529296875,-1.0,-1.0,-1.0,1483.9937
2026-05-27 10:28:03.634744000,455010.23449999094,697.0488891601562,652.7666015625,-1.0,-1.0,-1.0,1484.6347
2026-05-27 10:28:04.275778000,455014.3766023852,697.0715942382812,652.7512817382812,-1.0,-1.0,-1.0,1485.2758
2026-05-27 10:28:04.916812000,454862.0190668106,696.568603515625,653.00390625,-1.0,-1.0,-1.0,1485.9168
2026-05-27 10:28:05.557846000,455055.7910527587,697.1431884765625,652.74365234375,-1.0,-1.0,-1.0,1486.5578
2026-05-27 10:28:06.198880000,455002.3988083005,697.0932006835938,652.7138671875,-1.0,-1.0,-1.0,1487.1989
2026-05-27 10:28:06.839914000,455021.4120638743,697.0578002929688,652.7742919921875,-1.0,-1.0,-1.0,1487.8399
2026-05-27 10:28:07.480948000,455058.4803419411,697.13916015625,652.7512817382812,-1.0,-1.0,-1.0,1488.4809
2026-05-27 10:28:08.121982000,455045.7854908705,697.076171875,652.7920532226562,-1.0,-1.0,-1.0,1489.122
2026-05-27 10:28:08.763016000,455014.4420857243,697.1410522460938,652.6863403320312,-1.0,-1.0,-1.0,1489.763
2026-05-27 10:28:09.404049999,454904.27004275844,696.8698120117188,652.7822875976562,-1.0,-1.0,-1.0,1490.404
2026-05-27 10:28:10.045084000,454573.802174069,696.3531494140625,652.7920532226562,-1.0,-1.0,-1.0,1491.0451
2026-05-27 10:28:10.686118000,455063.9685773328,697.1593017578125,652.7402954101562,3248.0,58.0,56.0,1491.6861
2026-05-27 10:28:11.327152000,454996.15308070555,697.0757446289062,652.7212524414062,3248.0,58.0,56.0,1492.3272
2026-05-27 10:28:11.968186000,455063.3828013912,697.1724853515625,652.7271118164062,-1.0,-1.0,-1.0,1492.9682
2026-05-27 10:28:12.609220000,455077.8883388117,697.1256103515625,652.7918090820312,-1.0,-1.0,-1.0,1493.6092
2026-05-27 10:28:13.250254000,455106.52876465395,697.2385864257812,652.7271118164062,-1.0,-1.0,-1.0,1494.2503
2026-05-27 10:28:13.891288000,454880.7509351969,696.7838134765625,652.8291015625,-1.0,-1.0,-1.0,1494.8913
2026-05-27 10:28:14.532322000,454494.7695491649,696.1483764648438,652.8705444335938,-1.0,-1.0,-1.0,1495.5323
2026-05-27 10:28:15.173356000,454764.561380744,696.6058349609375,652.8291015625,-1.0,-1.0,-1.0,1496.1734
2026-05-27 10:28:15.814390000,455043.18431629986,697.0580444335938,652.8052978515625,-1.0,-1.0,-1.0,1496.8144
2026-05-27 10:28:16.455424000,454674.5086855814,696.4825439453125,652.8153686523438,-1.0,-1.0,-1.0,1497.4554
2026-05-27 10:28:17.096458000,454895.2175908163,696.5531005859375,653.0661010742188,-1.0,-1.0,-1.0,1498.0965
2026-05-27 10:28:17.737492000,454700.11177448183,696.4647216796875,652.8688354492188,-1.0,-1.0,-1.0,1498.7375
2026-05-27 10:28:18.378526000,454934.1394716203,696.6181030273438,653.06103515625,-1.0,-1.0,-1.0,1499.3785
2026-05-27 10:28:19.019560000,455146.2688107677,697.0715942382812,652.9404907226562,-1.0,-1.0,-1.0,1500.0196
2026-05-27 10:28:19.660594000,455005.94557857513,696.9755859375,652.8291015625,-1.0,-1.0,-1.0,1500.6606
2026-05-27 10:28:20.301628000,454895.0169314258,696.4901733398438,653.1248168945312,-1.0,-1.0,-1.0,1501.3016
2026-05-27 10:28:20.942662000,454636.93501811475,696.4688110351562,652.7742919921875,-1.0,-1.0,-1.0,1501.9427
2026-05-27 10:28:21.583696000,454697.1040804349,696.4937133789062,652.8373413085938,-1.0,-1.0,-1.0,1502.5837
2026-05-27 10:28:22.224730000,454752.9910389483,696.60693359375,652.8114624023438,-1.0,-1.0,-1.0,1503.2247
2026-05-27 10:28:22.865764000,454891.86850178987,696.4617919921875,653.1469116210938,-1.0,-1.0,-1.0,1503.8658
2026-05-27 10:28:23.506798000,454874.6542009115,696.5107421875,653.0762939453125,-1.0,-1.0,-1.0,1504.5068
2026-05-27 10:28:24.147832000,455024.976502724,697.0445556640625,652.7918090820312,-1.0,-1.0,-1.0,1505.1478
2026-05-27 10:28:24.788865999,454670.85773932934,696.4853515625,652.8074951171875,-1.0,-1.0,-1.0,1505.7889
2026-05-27 10:28:25.429900000,454972.10840138793,696.89306640625,652.8578491210938,-1.0,-1.0,-1.0,1506.4299
2026-05-27 10:28:26.070934000,454956.5034898743,696.8707275390625,652.8563842773438,-1.0,-1.0,-1.0,1507.0709
2026-05-27 10:28:26.711968000,454662.5692662522,696.4580688476562,652.8211669921875,-1.0,-1.0,-1.0,1507.712
2026-05-27 10:28:27.353002000,454924.6647528112,696.84228515625,652.8373413085938,-1.0,-1.0,-1.0,1508.353
2026-05-27 10:28:27.994036000,455067.28665821627,697.0488891601562,652.8484497070312,-1.0,-1.0,-1.0,1508.994
2026-05-27 10:28:28.635070000,455036.71386237815,697.0398559570312,652.8130493164062,-1.0,-1.0,-1.0,1509.6351
2026-05-27 10:28:29.276104000,454884.3707110137,696.4739379882812,653.124755859375,-1.0,-1.0,-1.0,1510.2761
2026-05-27 10:28:29.917138000,454953.4777894616,696.8660278320312,652.8564453125,-1.0,-1.0,-1.0,1510.9171
2026-05-27 10:28:30.558172000,455066.08000588417,697.076171875,652.8211669921875,-1.0,-1.0,-1.0,1511.5582
2026-05-27 10:28:31.199206000,455042.8046960756,697.1682739257812,652.7015380859375,-1.0,-1.0,-1.0,1512.1992
2026-05-27 10:28:31.840240000,454937.0676799007,696.6279907226562,653.0559692382812,-1.0,-1.0,-1.0,1512.8402
2026-05-27 10:28:32.481274000,455071.26566049457,697.1502075195312,652.75927734375,-1.0,-1.0,-1.0,1513.4813
2026-05-27 10:28:33.122308000,454916.8589777276,696.5970458984375,653.0559692382812,-1.0,-1.0,-1.0,1514.1223
2026-05-27 10:28:33.763342000,454515.35975396633,696.134033203125,652.91357421875,-1.0,-1.0,-1.0,1514.7633
2026-05-27 10:28:34.404376000,454916.8589777276,696.5970458984375,653.0559692382812,-1.0,-1.0,-1.0,1515.4044
2026-05-27 10:28:35.045410000,455045.55935169384,697.0534057617188,652.8130493164062,-1.0,-1.0,-1.0,1516.0454
2026-05-27 10:28:35.686444000,455059.61750239134,697.0578002929688,652.8291015625,-1.0,-1.0,-1.0,1516.6864
2026-05-27 10:28:36.327478000,454567.9468498826,696.1923828125,652.9343872070312,-1.0,-1.0,-1.0,1517.3275
2026-05-27 10:28:36.968512000,454753.4182403758,696.5193481445312,652.8941650390625,-1.0,-1.0,-1.0,1517.9685
2026-05-27 10:28:37.609546000,455076.04799838737,697.0932006835938,652.8195190429688,-1.0,-1.0,-1.0,1518.6095
2026-05-27 10:28:38.250580000,454639.4062761292,696.2103881835938,653.0201416015625,-1.0,-1.0,-1.0,1519.2506
2026-05-27 10:28:38.891614000,454543.45448479056,696.1770629882812,652.91357421875,-1.0,-1.0,-1.0,1519.8916
2026-05-27 10:28:39.532648000,454907.47215628624,696.50390625,653.1298217773438,-1.0,-1.0,-1.0,1520.5326
2026-05-27 10:28:40.173681999,455058.2514712997,697.0800170898438,652.8063354492188,-1.0,-1.0,-1.0,1521.1737
2026-05-27 10:28:40.814716000,454928.2876356505,696.5816040039062,653.0868530273438,-1.0,-1.0,-1.0,1521.8147
2026-05-27 10:28:41.455750000,454930.5258955285,696.4879150390625,653.1779174804688,-1.0,-1.0,-1.0,1522.4558
2026-05-27 10:28:42.096784000,454896.6502755545,696.5661010742188,653.0559692382812,-1.0,-1.0,-1.0,1523.0968
2026-05-27 10:28:42.737818000,455034.37877608836,697.0445556640625,652.8052978515625,-1.0,-1.0,-1.0,1523.7378
2026-05-27 10:28:43.378852000,454953.4777894616,696.8660278320312,652.8564453125,3073.253797303594,55.60366439819336,55.27070617675781,1524.3789
2026-05-27 10:28:44.019886000,455072.1155022159,697.0445556640625,652.8594360351562,3073.253797303594,55.60366439819336,55.27070617675781,1525.0199
2026-05-27 10:28:44.660920000,455035.5354177356,697.0712890625,652.7819213867188,-1.0,-1.0,-1.0,1525.6609
2026-05-27 10:28:45.301954000,454926.98225200176,696.568603515625,653.09716796875,-1.0,-1.0,-1.0,1526.302
2026-05-27 10:28:45.942988000,455073.9792537354,697.0534057617188,652.8538208007812,-1.0,-1.0,-1.0,1526.943
2026-05-27 10:28:46.584022000,454972.58405789733,696.7689208984375,652.974853515625,-1.0,-1.0,-1.0,1527.584
2026-05-27 10:28:47.225056000,455080.32270657644,697.0715942382812,652.8458862304688,-1.0,-1.0,-1.0,1528.2251
2026-05-27 10:28:47.866090000,454954.534886349,696.5313110351562,653.1716918945312,-1.0,-1.0,-1.0,1528.8661
2026-05-27 10:28:48.507124000,455039.1085674614,696.8560791015625,652.9886474609375,-1.0,-1.0,-1.0,1529.5071
2026-05-27 10:28:49.148158000,454929.51302984357,696.594482421875,653.0765380859375,-1.0,-1.0,-1.0,1530.1482
2026-05-27 10:28:49.789192000,455043.18431629986,697.0580444335938,652.8052978515625,-1.0,-1.0,-1.0,1530.7892
2026-05-27 10:28:50.430226000,454645.2870911062,696.48974609375,652.7666625976562,-1.0,-1.0,-1.0,1531.4302
2026-05-27 10:28:51.071260000,454943.8466296792,696.84228515625,652.8648681640625,-1.0,-1.0,-1.0,1532.0713
2026-05-27 10:28:51.712294000,454888.76975711435,696.4351806640625,653.1674194335938,-1.0,-1.0,-1.0,1532.7123
2026-05-27 10:28:52.353328000,455237.8406653181,696.9131469726562,653.2203369140625,-1.0,-1.0,-1.0,1533.3533
2026-05-27 10:28:52.994362000,454926.98225200176,696.568603515625,653.09716796875,-1.0,-1.0,-1.0,1533.9944
2026-05-27 10:28:53.635396000,454908.0845862925,696.594482421875,653.0457763671875,-1.0,-1.0,-1.0,1534.6354
2026-05-27 10:28:54.276430000,454960.4781469144,696.4922485351562,653.2168579101562,-1.0,-1.0,-1.0,1535.2764
2026-05-27 10:28:54.917464000,455048.6986493543,696.4801635742188,653.3548583984375,-1.0,-1.0,-1.0,1535.9175
2026-05-27 10:28:55.558497999,455098.9555457756,696.5154418945312,653.3939208984375,-1.0,-1.0,-1.0,1536.5585
2026-05-27 10:28:56.199532000,454937.82362125814,696.568603515625,653.1127319335938,-1.0,-1.0,-1.0,1537.1995
2026-05-27 10:28:56.840566000,455007.02991837636,696.5010375976562,653.2754516601562,-1.0,-1.0,-1.0,1537.8406
2026-05-27 10:28:57.481600000,454717.3987630755,696.0833740234375,653.2513427734375,-1.0,-1.0,-1.0,1538.4816
2026-05-27 10:28:58.122634000,455003.41123132035,696.4844360351562,653.2858276367188,-1.0,-1.0,-1.0,1539.1226
2026-05-27 10:28:58.763668000,455083.4241912402,697.0534057617188,652.8673706054688,-1.0,-1.0,-1.0,1539.7637
2026-05-27 10:28:59.404702000,455073.9792537354,697.0534057617188,652.8538208007812,-1.0,-1.0,-1.0,1540.4047
2026-05-27 10:29:00.045736000,455225.920163054,696.8578491210938,653.2550659179688,-1.0,-1.0,-1.0,1541.0457
2026-05-27 10:29:00.686770000,455014.42498487607,696.5816040039062,653.2105102539062,-1.0,-1.0,-1.0,1541.6868
2026-05-27 10:29:01.327804000,455137.7731074095,697.0712890625,652.9285888671875,-1.0,-1.0,-1.0,1542.3278
2026-05-27 10:29:01.968838000,455010.32488298044,696.4857788085938,653.2944946289062,-1.0,-1.0,-1.0,1542.9688
2026-05-27 10:29:02.609872000,455129.23474881053,697.08447265625,652.9039916992188,-1.0,-1.0,-1.0,1543.6099
2026-05-27 10:29:03.250906000,455020.9430527538,696.852294921875,652.9661254882812,-1.0,-1.0,-1.0,1544.2509
2026-05-27 10:29:03.891940000,454545.3567405045,696.134033203125,652.9566650390625,-1.0,-1.0,-1.0,1544.8919
2026-05-27 10:29:04.532974000,455211.6394228488,696.8624877929688,653.230224609375,-1.0,-1.0,-1.0,1545.533
2026-05-27 10:29:05.174008000,455163.54568245634,697.1370239257812,652.9039916992188,-1.0,-1.0,-1.0,1546.174
2026-05-27 10:29:05.815042000,455009.4379154965,696.4718627929688,653.3062744140625,-1.0,-1.0,-1.0,1546.815
2026-05-27 10:29:06.456076000,454994.2802221328,696.470458984375,653.2858276367188,-1.0,-1.0,-1.0,1547.4561
2026-05-27 10:29:07.097110000,455342.3333117813,697.0625610351562,653.230224609375,-1.0,-1.0,-1.0,1548.0971
2026-05-27 10:29:07.738144000,454793.4967127256,696.1239624023438,653.3225708007812,-1.0,-1.0,-1.0,1548.7381
2026-05-27 10:29:08.379178000,455060.3552524373,696.6058349609375,653.2537231445312,-1.0,-1.0,-1.0,1549.3792
2026-05-27 10:29:09.020212000,454524.5889095813,696.852294921875,652.2538452148438,-1.0,-1.0,-1.0,1550.0202
2026-05-27 10:29:09.661246000,454893.0194100514,696.6133422851562,653.0064697265625,-1.0,-1.0,-1.0,1550.6612
2026-05-27 10:29:10.302280000,455303.5058669746,697.08447265625,653.1539916992188,-1.0,-1.0,-1.0,1551.3023
2026-05-27 10:29:10.943313999,454138.409903571,696.1483764648438,652.358642578125,-1.0,-1.0,-1.0,1551.9433
2026-05-27 10:29:11.584348000,455328.128754586,697.0303955078125,653.239990234375,-1.0,-1.0,-1.0,1552.5843
2026-05-27 10:29:12.225382000,455243.3091795072,696.9923095703125,653.1539916992188,-1.0,-1.0,-1.0,1553.2254
2026-05-27 10:29:12.866416000,455302.08811569214,697.0625,653.1725463867188,-1.0,-1.0,-1.0,1553.8664
2026-05-27 10:29:13.507450000,455076.8243098743,696.6133422851562,653.2703247070312,2968.0,56.0,53.0,1554.5074
2026-05-27 10:29:14.148484000,455310.7391436808,697.0757446289062,653.1725463867188,2968.0,56.0,53.0,1555.1485
2026-05-27 10:29:14.789518000,455303.5058669746,697.08447265625,653.1539916992188,-1.0,-1.0,-1.0,1555.7895
2026-05-27 10:29:15.430552000,454129.052952826,696.134033203125,652.358642578125,-1.0,-1.0,-1.0,1556.4306
2026-05-27 10:29:16.071586000,454789.3212360479,696.1797485351562,653.2642211914062,-1.0,-1.0,-1.0,1557.0716
2026-05-27 10:29:16.712620000,454940.95185279846,696.203125,653.4600830078125,-1.0,-1.0,-1.0,1557.7126
2026-05-27 10:29:17.353654000,455166.2464874983,696.5313720703125,653.4755859375,-1.0,-1.0,-1.0,1558.3537
2026-05-27 10:29:17.994688000,454064.4947749749,696.0995483398438,652.2982177734375,-1.0,-1.0,-1.0,1558.9947
2026-05-27 10:29:18.635722000,454250.6207453534,696.1903076171875,652.4805297851562,-1.0,-1.0,-1.0,1559.6357
2026-05-27 10:29:19.276756000,454753.15725602955,696.1243896484375,653.2642211914062,-1.0,-1.0,-1.0,1560.2768
2026-05-27 10:29:19.917790000,454855.19774004817,696.2408447265625,653.301513671875,-1.0,-1.0,-1.0,1560.9178
2026-05-27 10:29:20.558824000,454979.6150749922,696.3916015625,653.3387451171875,-1.0,-1.0,-1.0,1561.5588
2026-05-27 10:29:21.199858000,454834.473300986,696.1483764648438,653.3585205078125,-1.0,-1.0,-1.0,1562.1999
2026-05-27 10:29:21.840892000,454138.409903571,696.1483764648438,652.358642578125,-1.0,-1.0,-1.0,1562.8409
2026-05-27 10:29:22.481926000,454624.8015513122,697.08447265625,652.1803588867188,-1.0,-1.0,-1.0,1563.4819
2026-05-27 10:29:23.122960000,454540.6656120792,696.9190063476562,652.2144775390625,-1.0,-1.0,-1.0,1564.123
2026-05-27 10:29:23.763994000,455067.7732622847,696.5994873046875,653.2703247070312,-1.0,-1.0,-1.0,1564.764
2026-05-27 10:29:24.405028000,455303.5058669746,697.08447265625,653.1539916992188,-1.0,-1.0,-1.0,1565.405
2026-05-27 10:29:25.046062000,454515.42676466703,696.848876953125,652.243896484375,-1.0,-1.0,-1.0,1566.0461
2026-05-27 10:29:25.687096000,454473.60054545477,696.1897583007812,652.8013305664062,-1.0,-1.0,-1.0,1566.6871
2026-05-27 10:29:26.328129999,454513.5044587031,696.3343505859375,652.7230834960938,-1.0,-1.0,-1.0,1567.3281
2026-05-27 10:29:26.969164000,454040.2574475184,696.0689697265625,652.2920532226562,-1.0,-1.0,-1.0,1567.9692
2026-05-27 10:29:27.610198000,454912.8477640562,697.0757446289062,652.6017456054688,-1.0,-1.0,-1.0,1568.6102
2026-05-27 10:29:28.251232000,454242.1677819863,696.4444580078125,652.2302856445312,-1.0,-1.0,-1.0,1569.2512
2026-05-27 10:29:28.892266000,455312.0769185014,697.0975952148438,653.1539916992188,-1.0,-1.0,-1.0,1569.8923
2026-05-27 10:29:29.533300000,455219.83707013726,696.8958740234375,653.210693359375,-1.0,-1.0,-1.0,1570.5333
2026-05-27 10:29:30.174334000,454777.4619076587,696.1550903320312,653.2703247070312,-1.0,-1.0,-1.0,1571.1743
2026-05-27 10:29:30.815368000,455218.2488905303,696.9341430664062,653.1725463867188,-1.0,-1.0,-1.0,1571.8154
2026-05-27 10:29:31.456402000,454950.11903520674,696.3253784179688,653.3585205078125,-1.0,-1.0,-1.0,1572.4564
2026-05-27 10:29:32.097436000,455234.9311277084,696.8716430664062,653.2550659179688,-1.0,-1.0,-1.0,1573.0974
2026-05-27 10:29:32.738470000,454380.91018138826,696.5994873046875,652.2843017578125,-1.0,-1.0,-1.0,1573.7385
2026-05-27 10:29:33.379504000,454615.654019475,697.08447265625,652.167236328125,-1.0,-1.0,-1.0,1574.3795
2026-05-27 10:29:34.020538000,454725.71227119863,696.0390014648438,653.304931640625,-1.0,-1.0,-1.0,1575.0205
2026-05-27 10:29:34.661572000,454389.9475676492,696.6133422851562,652.2843017578125,-1.0,-1.0,-1.0,1575.6616
2026-05-27 10:29:35.302606000,454320.6804413125,696.3971557617188,652.3873291015625,-1.0,-1.0,-1.0,1576.3026
2026-05-27 10:29:35.943640000,455217.75773698464,696.9434204101562,653.1631469726562,-1.0,-1.0,-1.0,1576.9436
2026-05-27 10:29:36.584674000,454920.4208913669,696.3182373046875,653.3225708007812,-1.0,-1.0,-1.0,1577.5847
2026-05-27 10:29:37.225708000,454120.05763778463,696.1550903320312,652.3259887695312,-1.0,-1.0,-1.0,1578.2257
2026-05-27 10:29:37.866742000,454521.99249613285,696.9208984375,652.1859130859375,-1.0,-1.0,-1.0,1578.8667
2026-05-27 10:29:38.507776000,454067.3671739325,696.1270751953125,652.2765502929688,-1.0,-1.0,-1.0,1579.5078
2026-05-27 10:29:39.148810000,454399.641649805,696.6133422851562,652.2982177734375,-1.0,-1.0,-1.0,1580.1488
2026-05-27 10:29:39.789844000,454535.1655423492,696.3911743164062,652.700927734375,-1.0,-1.0,-1.0,1580.7898
2026-05-27 10:29:40.430878000,454029.2598337345,695.9716186523438,652.3674926757812,-1.0,-1.0,-1.0,1581.4309
2026-05-27 10:29:41.071912000,454332.5350696966,696.4059448242188,652.3961181640625,-1.0,-1.0,-1.0,1582.0719
2026-05-27 10:29:41.712945999,454197.6035216488,696.2549438476562,652.3438110351562,-1.0,-1.0,-1.0,1582.7129
2026-05-27 10:29:42.353980000,454151.58748175204,696.1744384765625,652.3531494140625,-1.0,-1.0,-1.0,1583.354
2026-05-27 10:29:42.995014000,454778.3703948185,696.4617919921875,652.9839477539062,-1.0,-1.0,-1.0,1583.995
2026-05-27 10:29:43.636048000,454918.33095663786,697.08447265625,652.6014404296875,-1.0,-1.0,-1.0,1584.636
2026-05-27 10:29:44.277082000,454939.5871276893,697.0580444335938,652.6566772460938,-1.0,-1.0,-1.0,1585.2771
2026-05-27 10:29:44.918116000,454641.7678539753,696.42138671875,652.82568359375,-1.0,-1.0,-1.0,1585.9181
2026-05-27 10:29:45.559150000,454405.0229522027,696.1720581054688,652.7194213867188,-1.0,-1.0,-1.0,1586.5592
2026-05-27 10:29:46.200184000,454570.38575060666,696.4635009765625,652.6837158203125,-1.0,-1.0,-1.0,1587.2002
2026-05-27 10:29:46.841218000,454799.0390958451,696.5816040039062,652.9013061523438,-1.0,-1.0,-1.0,1587.8412
2026-05-27 10:29:47.482252000,454476.36572526395,696.2229614257812,652.774169921875,-1.0,-1.0,-1.0,1588.4823
2026-05-27 10:29:48.123286000,454646.15116612986,697.0932006835938,652.2028198242188,-1.0,-1.0,-1.0,1589.1233
2026-05-27 10:29:48.764320000,454146.0777714364,696.2534790039062,652.2711791992188,-1.0,-1.0,-1.0,1589.7643
2026-05-27 10:29:49.405354000,454934.5268789679,697.088623046875,652.6207885742188,-1.0,-1.0,-1.0,1590.4054
2026-05-27 10:29:50.046388000,454568.364400547,696.4086303710938,652.7322387695312,-1.0,-1.0,-1.0,1591.0464
2026-05-27 10:29:50.687422000,454786.9763680324,696.5531005859375,652.9107055664062,2805.0,55.0,51.0,1591.6874
2026-05-27 10:29:51.328456000,454918.8746832013,697.0712890625,652.6145629882812,2805.0,55.0,51.0,1592.3285
2026-05-27 10:29:51.969490000,454769.8712387681,696.4597778320312,652.9736328125,-1.0,-1.0,-1.0,1592.9695
2026-05-27 10:29:52.610524000,454758.56396942586,696.4597778320312,652.9573974609375,-1.0,-1.0,-1.0,1593.6105
2026-05-27 10:29:53.251558000,454948.98958300054,697.0580444335938,652.670166015625,-1.0,-1.0,-1.0,1594.2516
2026-05-27 10:29:53.892592000,454788.9172128029,696.5661010742188,652.9013061523438,-1.0,-1.0,-1.0,1594.8926
2026-05-27 10:29:54.533626000,454939.0278601125,697.0715942382812,652.6431884765625,-1.0,-1.0,-1.0,1595.5336
2026-05-27 10:29:55.174660000,454902.2699522674,697.0667724609375,652.594970703125,-1.0,-1.0,-1.0,1596.1747
2026-05-27 10:29:55.815694000,454927.4784884751,697.08447265625,652.6145629882812,-1.0,-1.0,-1.0,1596.8157
2026-05-27 10:29:56.456728000,454778.1609125361,696.5661010742188,652.8858642578125,-1.0,-1.0,-1.0,1597.4567
2026-05-27 10:29:57.097761999,454934.5268789679,697.088623046875,652.6207885742188,-1.0,-1.0,-1.0,1598.0978
2026-05-27 10:29:57.738796000,454786.9763680324,696.5531005859375,652.9107055664062,-1.0,-1.0,-1.0,1598.7388
2026-05-27 10:29:58.379830000,454573.3240647614,696.409912109375,652.7381591796875,-1.0,-1.0,-1.0,1599.3798
2026-05-27 10:29:59.020864000,454765.3366263211,696.5531005859375,652.879638671875,-1.0,-1.0,-1.0,1600.0209
2026-05-27 10:29:59.661898000,454555.0545729324,696.3717651367188,652.7476806640625,-1.0,-1.0,-1.0,1600.6619
2026-05-27 10:30:00.302932000,454737.4018369764,696.4273681640625,652.9573974609375,-1.0,-1.0,-1.0,1601.3029
2026-05-27 10:30:00.943966000,454425.15689857304,696.1575317382812,652.761962890625,-1.0,-1.0,-1.0,1601.944
2026-05-27 10:30:01.585000000,454906.5849949233,697.1017456054688,652.5684204101562,-1.0,-1.0,-1.0,1602.585
2026-05-27 10:30:02.226034000,454918.8746832013,697.0712890625,652.6145629882812,-1.0,-1.0,-1.0,1603.226
2026-05-27 10:30:02.867068000,454757.79557199776,696.4129028320312,653.000244140625,-1.0,-1.0,-1.0,1603.8671
2026-05-27 10:30:03.508102000,454438.00952045247,696.2323608398438,652.7102661132812,-1.0,-1.0,-1.0,1604.5081
2026-05-27 10:30:04.149136000,454929.882033281,697.0667724609375,652.6345825195312,-1.0,-1.0,-1.0,1605.1491
2026-05-27 10:30:04.790170000,454956.94852203876,697.0800170898438,652.6610107421875,-1.0,-1.0,-1.0,1605.7902
2026-05-27 10:30:05.431204000,454781.135999579,696.4597778320312,652.9898071289062,-1.0,-1.0,-1.0,1606.4312
2026-05-27 10:30:06.072238000,454904.20429611206,697.0625,652.6017456054688,-1.0,-1.0,-1.0,1607.0722
2026-05-27 10:30:06.713272000,454658.0774839632,696.4723510742188,652.8013305664062,-1.0,-1.0,-1.0,1607.7133
2026-05-27 10:30:07.354306000,454591.56543910503,696.43798828125,652.738037109375,-1.0,-1.0,-1.0,1608.3543
2026-05-27 10:30:07.995340000,454335.1340647042,696.0995483398438,652.68701171875,-1.0,-1.0,-1.0,1608.9953
2026-05-27 10:30:08.636374000,454767.72911588475,696.4454956054688,652.9839477539062,-1.0,-1.0,-1.0,1609.6364
2026-05-27 10:30:09.277408000,454959.8685388081,697.0669555664062,652.6774291992188,-1.0,-1.0,-1.0,1610.2774
2026-05-27 10:30:09.918442000,454662.37017000094,696.4187622070312,652.8577270507812,-1.0,-1.0,-1.0,1610.9184
2026-05-27 10:30:10.559476000,454264.8955262825,696.4688110351562,652.2401123046875,-1.0,-1.0,-1.0,1611.5595
2026-05-27 10:30:11.200510000,454776.8589477092,696.4310302734375,653.0106201171875,-1.0,-1.0,-1.0,1612.2005
2026-05-27 10:30:11.841544000,454721.3079283498,696.5001831054688,652.8660278320312,-1.0,-1.0,-1.0,1612.8415
2026-05-27 10:30:12.482577999,454940.18586555123,697.0445556640625,652.670166015625,-1.0,-1.0,-1.0,1613.4826
2026-05-27 10:30:13.123612000,454344.82099689543,696.0995483398438,652.700927734375,-1.0,-1.0,-1.0,1614.1236
2026-05-27 10:30:13.764646000,454762.2799345702,696.4417724609375,652.9796142578125,-1.0,-1.0,-1.0,1614.7646
2026-05-27 10:30:14.405680000,454520.9806473553,696.31103515625,652.7556762695312,-1.0,-1.0,-1.0,1615.4057
2026-05-27 10:30:15.046714000,454428.65402950346,696.2608032226562,652.670166015625,-1.0,-1.0,-1.0,1616.0467
2026-05-27 10:30:15.687748000,454436.0149518326,696.2244873046875,652.7147827148438,-1.0,-1.0,-1.0,1616.6877
2026-05-27 10:30:16.328782000,454698.8908537924,696.4351806640625,652.894775390625,-1.0,-1.0,-1.0,1617.3288
2026-05-27 10:30:16.969816000,454530.971800223,696.926513671875,652.1935424804688,-1.0,-1.0,-1.0,1617.9698
2026-05-27 10:30:17.610850000,454661.71056974307,696.4338989257812,652.8425903320312,-1.0,-1.0,-1.0,1618.6108
2026-05-27 10:30:18.251884000,454246.5355270952,695.7518310546875,652.8858642578125,-1.0,-1.0,-1.0,1619.2519
2026-05-27 10:30:18.892918000,454794.5457043499,696.4739990234375,652.9957275390625,-1.0,-1.0,-1.0,1619.8929
2026-05-27 10:30:19.533952000,454396.74323480576,696.1053466796875,652.7700805664062,-1.0,-1.0,-1.0,1620.534
2026-05-27 10:30:20.174986000,454399.8037946224,696.16015625,652.7230834960938,-1.0,-1.0,-1.0,1621.175
2026-05-27 10:30:20.816020000,454540.4959501624,696.9208984375,652.2124633789062,-1.0,-1.0,-1.0,1621.816
2026-05-27 10:30:21.457054000,454438.63600926474,696.2472534179688,652.6972045898438,-1.0,-1.0,-1.0,1622.4571
2026-05-27 10:30:22.098088000,454770.5743358284,696.443603515625,652.9898071289062,-1.0,-1.0,-1.0,1623.0981
2026-05-27 10:30:22.739122000,454759.52656440437,696.3170166015625,653.0926513671875,-1.0,-1.0,-1.0,1623.7391
2026-05-27 10:30:23.380156000,454389.45175423846,696.4136352539062,652.4706420898438,-1.0,-1.0,-1.0,1624.3802
2026-05-27 10:30:24.021190000,454646.75975991413,696.4199829101562,652.8341674804688,-1.0,-1.0,-1.0,1625.0212
2026-05-27 10:30:24.662224000,454672.5855489038,696.4555053710938,652.8379516601562,-1.0,-1.0,-1.0,1625.6622
2026-05-27 10:30:25.303258000,454359.4032060802,696.111083984375,652.7110595703125,-1.0,-1.0,-1.0,1626.3033
2026-05-27 10:30:25.944292000,454424.83179112896,696.1483764648438,652.7700805664062,-1.0,-1.0,-1.0,1626.9443
2026-05-27 10:30:26.585326000,454749.6132692322,696.4739990234375,652.9312133789062,-1.0,-1.0,-1.0,1627.5853
2026-05-27 10:30:27.226360000,454401.0065418184,696.1314697265625,652.751708984375,-1.0,-1.0,-1.0,1628.2264
2026-05-27 10:30:27.867393999,454772.80157874525,696.4578857421875,652.9796142578125,-1.0,-1.0,-1.0,1628.8674
2026-05-27 10:30:28.508428000,454354.465442542,696.0995483398438,652.7147827148438,-1.0,-1.0,-1.0,1629.5084
2026-05-27 10:30:29.149462000,454045.7306442484,696.0856323242188,652.2843017578125,-1.0,-1.0,-1.0,1630.1495
2026-05-27 10:30:29.790496000,454776.1777542904,696.5531005859375,652.8952026367188,-1.0,-1.0,-1.0,1630.7905
2026-05-27 10:30:30.431530000,454418.5331531614,696.182861328125,652.7286987304688,-1.0,-1.0,-1.0,1631.4315
2026-05-27 10:30:31.072564000,454923.30255925655,697.0491943359375,652.6416015625,-1.0,-1.0,-1.0,1632.0726
2026-05-27 10:30:31.713598000,454521.23625308275,696.939697265625,652.167236328125,-1.0,-1.0,-1.0,1632.7136
2026-05-27 10:30:32.354632000,454054.2005914375,696.1134033203125,652.2704467773438,-1.0,-1.0,-1.0,1633.3546
2026-05-27 10:30:32.995666000,454462.6609226912,696.2800903320312,652.700927734375,-1.0,-1.0,-1.0,1633.9957
2026-05-27 10:30:33.636700000,454279.10107821226,696.409912109375,652.315673828125,-1.0,-1.0,-1.0,1634.6367
2026-05-27 10:30:34.277734000,454074.13922062144,696.0995483398438,652.3120727539062,-1.0,-1.0,-1.0,1635.2777
2026-05-27 10:30:34.918768000,454042.94596740603,695.971435546875,652.3873291015625,-1.0,-1.0,-1.0,1635.9188
2026-05-27 10:30:35.559802000,454067.9343543649,696.0966796875,652.3058471679688,-1.0,-1.0,-1.0,1636.5598
2026-05-27 10:30:36.200836000,454054.80784278363,696.0995483398438,652.2843017578125,-1.0,-1.0,-1.0,1637.2008
2026-05-27 10:30:36.841870000,454582.4419082813,697.0054321289062,652.1935424804688,-1.0,-1.0,-1.0,1637.8419
2026-05-27 10:30:37.482904000,454927.4784884751,697.08447265625,652.6145629882812,-1.0,-1.0,-1.0,1638.4829
2026-05-27 10:30:38.123938000,454926.89475727826,697.0975952148438,652.6014404296875,-1.0,-1.0,-1.0,1639.1239
2026-05-27 10:30:38.764972000,454381.6353327893,696.1411743164062,652.7147827148438,2649.9992141724215,52.99999237060547,49.99999237060547,1639.765
2026-05-27 10:30:39.406006000,454948.98958300054,697.0580444335938,652.670166015625,2649.9992141724215,52.99999237060547,49.99999237060547,1640.406
2026-05-27 10:30:40.047040000,454357.7539468035,696.1441650390625,652.6776733398438,-1.0,-1.0,-1.0,1641.047
2026-05-27 10:30:40.688074000,454861.23798914254,697.131103515625,652.4758911132812,-1.0,-1.0,-1.0,1641.6881
2026-05-27 10:30:41.329108000,454929.33591638133,697.0800170898438,652.6213989257812,-1.0,-1.0,-1.0,1642.3291
2026-05-27 10:30:41.970142000,454937.4321899414,697.0625,652.6494140625,-1.0,-1.0,-1.0,1642.9701
2026-05-27 10:30:42.611176000,454549.7760643624,696.3397827148438,652.7700805664062,-1.0,-1.0,-1.0,1643.6112
2026-05-27 10:30:43.252209999,454671.1316230595,696.5994873046875,652.700927734375,-1.0,-1.0,-1.0,1644.2522
2026-05-27 10:30:43.893243999,454408.8450615853,696.182861328125,652.7147827148438,-1.0,-1.0,-1.0,1644.8932
2026-05-27 10:30:44.534278000,454533.647844214,696.3217163085938,652.7638549804688,-1.0,-1.0,-1.0,1645.5343
2026-05-27 10:30:45.175312000,454520.3557157144,696.3253784179688,652.7413330078125,-1.0,-1.0,-1.0,1646.1753
2026-05-27 10:30:45.816346000,454723.7842175439,696.3170166015625,653.0413208007812,-1.0,-1.0,-1.0,1646.8163
2026-05-27 10:30:46.457380000,454164.7160007432,696.2384033203125,652.3120727539062,-1.0,-1.0,-1.0,1647.4574
2026-05-27 10:30:47.098414000,454275.8395607248,696.3343505859375,652.3817749023438,-1.0,-1.0,-1.0,1648.0984
2026-05-27 10:30:47.739448000,454891.347514987,697.0712890625,652.5750732421875,-1.0,-1.0,-1.0,1648.7394
2026-05-27 10:30:48.380482000,454931.98638916016,697.0625,652.6416015625,-1.0,-1.0,-1.0,1649.3805
2026-05-27 10:30:49.021516000,454345.38225342706,696.0856323242188,652.7147827148438,-1.0,-1.0,-1.0,1650.0215
2026-05-27 10:30:49.662550000,454377.97768866643,696.0765991210938,652.7700805664062,-1.0,-1.0,-1.0,1650.6626
2026-05-27 10:30:50.303584000,454380.4285674095,696.1689453125,652.68701171875,-1.0,-1.0,-1.0,1651.3036
2026-05-27 10:30:50.944618000,454471.6858935915,696.2201538085938,652.7700805664062,-1.0,-1.0,-1.0,1651.9446
2026-05-27 10:30:51.585652000,454670.4806995094,696.6133422851562,652.68701171875,-1.0,-1.0,-1.0,1652.5857
2026-05-27 10:30:52.226686000,454736.48085810617,696.6411743164062,652.7556762695312,-1.0,-1.0,-1.0,1653.2267
2026-05-27 10:30:52.867720000,454783.97644633055,696.4658203125,652.9882202148438,-1.0,-1.0,-1.0,1653.8677
2026-05-27 10:30:53.508754000,454668.03514519334,696.6283569335938,652.66943359375,-1.0,-1.0,-1.0,1654.5088
2026-05-27 10:30:54.149788000,454407.19796040654,696.618408203125,652.3043212890625,-1.0,-1.0,-1.0,1655.1498
2026-05-27 10:30:54.790822000,454072.92242757976,696.1273193359375,652.2843017578125,-1.0,-1.0,-1.0,1655.7908
2026-05-27 10:30:55.431856000,454678.33810155094,696.614501953125,652.6972045898438,-1.0,-1.0,-1.0,1656.4319
2026-05-27 10:30:56.072890000,454435.4517714679,696.2384033203125,652.700927734375,-1.0,-1.0,-1.0,1657.0729
2026-05-27 10:30:56.713924000,454354.465442542,696.0995483398438,652.7147827148438,-1.0,-1.0,-1.0,1657.7139
2026-05-27 10:30:57.354958000,454680.1747816652,696.6133422851562,652.700927734375,-1.0,-1.0,-1.0,1658.355
2026-05-27 10:30:57.995992000,454671.1316230595,696.5994873046875,652.700927734375,-1.0,-1.0,-1.0,1658.996
2026-05-27 10:30:58.637026000,454375.9371801838,696.1520385742188,652.6964111328125,-1.0,-1.0,-1.0,1659.637
2026-05-27 10:30:59.278059999,454149.02261808515,696.134033203125,652.3873291015625,-1.0,-1.0,-1.0,1660.2781
2026-05-27 10:30:59.919094000,454190.68713489175,696.307861328125,652.2843017578125,-1.0,-1.0,-1.0,1660.9191
2026-05-27 10:31:00.560128000,454438.7547135204,696.1653442382812,652.774169921875,-1.0,-1.0,-1.0,1661.5601
2026-05-27 10:31:01.201162000,454671.1316230595,696.5994873046875,652.700927734375,-1.0,-1.0,-1.0,1662.2012
2026-05-27 10:31:01.842196000,454326.69484198093,696.07177734375,652.700927734375,-1.0,-1.0,-1.0,1662.8422
2026-05-27 10:31:02.483230000,454052.1054154448,696.0787963867188,652.2998657226562,-1.0,-1.0,-1.0,1663.4832
2026-05-27 10:31:03.124264000,454354.465442542,696.0995483398438,652.7147827148438,-1.0,-1.0,-1.0,1664.1243
2026-05-27 10:31:03.765298000,454671.69980623573,696.5855712890625,652.7147827148438,-1.0,-1.0,-1.0,1664.7653
2026-05-27 10:31:04.406332000,454642.7037515715,696.5855712890625,652.6731567382812,-1.0,-1.0,-1.0,1665.4063
2026-05-27 10:31:05.047366000,454671.69980623573,696.5855712890625,652.7147827148438,-1.0,-1.0,-1.0,1666.0474
2026-05-27 10:31:05.688400000,454363.50879310817,696.1134033203125,652.7147827148438,-1.0,-1.0,-1.0,1666.6884
2026-05-27 10:31:06.329434000,454690.47688470036,696.5994873046875,652.7286987304688,-1.0,-1.0,-1.0,1667.3294
2026-05-27 10:31:06.970468000,454480.7870776057,696.307861328125,652.700927734375,-1.0,-1.0,-1.0,1667.9705
2026-05-27 10:31:07.611502000,454550.36094747484,696.3253784179688,652.784423828125,-1.0,-1.0,-1.0,1668.6115
2026-05-27 10:31:08.252536000,454390.7185219042,696.1550903320312,652.7147827148438,-1.0,-1.0,-1.0,1669.2525
2026-05-27 10:31:08.893570000,454373.6874852404,696.1451416015625,652.6996459960938,-1.0,-1.0,-1.0,1669.8936
2026-05-27 10:31:09.534604000,454481.35122030973,696.2939453125,652.7147827148438,-1.0,-1.0,-1.0,1670.5346
2026-05-27 10:31:10.175638000,454373.19591810554,696.1134033203125,652.7286987304688,-1.0,-1.0,-1.0,1671.1756
2026-05-27 10:31:10.816672000,454355.0689919628,696.0856323242188,652.7286987304688,-1.0,-1.0,-1.0,1671.8167
2026-05-27 10:31:11.457706000,454559.76384811103,696.3397827148438,652.784423828125,2548.0,52.0,49.0,1672.4577
2026-05-27 10:31:12.098740000,454634.34710953385,696.4968872070312,652.7442626953125,2548.0,52.0,49.0,1673.0987
2026-05-27 10:31:12.739774000,454921.2779640779,697.0535888671875,652.6345825195312,-1.0,-1.0,-1.0,1673.7398
2026-05-27 10:31:13.380808000,454354.465442542,696.0995483398438,652.7147827148438,-1.0,-1.0,-1.0,1674.3808
2026-05-27 10:31:14.021842000,454549.7760643624,696.3397827148438,652.7700805664062,-1.0,-1.0,-1.0,1675.0218
2026-05-27 10:31:14.662875999,454680.78299535066,696.5994873046875,652.7147827148438,-1.0,-1.0,-1.0,1675.6629
2026-05-27 10:31:15.303910000,454359.4032060802,696.111083984375,652.7110595703125,-1.0,-1.0,-1.0,1676.3039
2026-05-27 10:31:15.944944000,454345.38225342706,696.0856323242188,652.7147827148438,-1.0,-1.0,-1.0,1676.9449
2026-05-27 10:31:16.585978000,454587.8530216217,696.3828125,652.784423828125,-1.0,-1.0,-1.0,1677.586
2026-05-27 10:31:17.227012000,454472.9139315896,696.2661743164062,652.7286987304688,-1.0,-1.0,-1.0,1678.227
2026-05-27 10:31:17.868046000,454400.4062270187,696.1550903320312,652.7286987304688,-1.0,-1.0,-1.0,1678.868
2026-05-27 10:31:18.509080000,454436.0149518326,696.2244873046875,652.7147827148438,-1.0,-1.0,-1.0,1679.5091
2026-05-27 10:31:19.150114000,454403.66892905906,696.1797485351562,652.7102661132812,-1.0,-1.0,-1.0,1680.1501
2026-05-27 10:31:19.791148000,454529.97530798614,696.369873046875,652.7134399414062,-1.0,-1.0,-1.0,1680.7911
2026-05-27 10:31:20.432182000,454419.09517753124,696.1689453125,652.7425537109375,-1.0,-1.0,-1.0,1681.4322
2026-05-27 10:31:21.073216000,454538.93896301463,696.3836059570312,652.7134399414062,-1.0,-1.0,-1.0,1682.0732
2026-05-27 10:31:21.714250000,454690.47688470036,696.5994873046875,652.7286987304688,-1.0,-1.0,-1.0,1682.7142
2026-05-27 10:31:22.355284000,454354.465442542,696.0995483398438,652.7147827148438,-1.0,-1.0,-1.0,1683.3553
2026-05-27 10:31:22.996318000,454368.49328145385,696.0787963867188,652.75439453125,-1.0,-1.0,-1.0,1683.9963
2026-05-27 10:31:23.637352000,454632.6649321988,696.4984130859375,652.7404174804688,-1.0,-1.0,-1.0,1684.6374
2026-05-27 10:31:24.278386000,454557.5060194358,696.3973999023438,652.7271728515625,-1.0,-1.0,-1.0,1685.2784
2026-05-27 10:31:24.919420000,454700.64329972863,696.63134765625,652.7134399414062,-1.0,-1.0,-1.0,1685.9194
2026-05-27 10:31:25.560454000,454627.8489178978,696.4675903320312,652.7623901367188,-1.0,-1.0,-1.0,1686.5605
2026-05-27 10:31:26.201488000,454410.05144219846,696.1550903320312,652.7425537109375,-1.0,-1.0,-1.0,1687.2015
2026-05-27 10:31:26.842522000,454642.3999258876,696.4984130859375,652.75439453125,-1.0,-1.0,-1.0,1687.8425
2026-05-27 10:31:27.483556000,454481.99731436,696.2800903320312,652.7286987304688,-1.0,-1.0,-1.0,1688.4836
2026-05-27 10:31:28.124590000,454833.7562698126,696.5791015625,652.9534912109375,-1.0,-1.0,-1.0,1689.1246
2026-05-27 10:31:28.765624000,454655.1262402013,696.4688720703125,652.8003540039062,-1.0,-1.0,-1.0,1689.7656
2026-05-27 10:31:29.406658000,454809.83815147355,696.5816040039062,652.9168090820312,-1.0,-1.0,-1.0,1690.4067
2026-05-27 10:31:30.047691999,454616.06038977206,696.4688720703125,652.7442626953125,-1.0,-1.0,-1.0,1691.0477
2026-05-27 10:31:30.688726000,454682.67615120485,696.6038208007812,652.7134399414062,-1.0,-1.0,-1.0,1691.6887
2026-05-27 10:31:31.329760000,454625.1838294789,696.4828491210938,652.7442626953125,-1.0,-1.0,-1.0,1692.3298
2026-05-27 10:31:31.970794000,454417.07235112786,696.1146850585938,652.79052734375,-1.0,-1.0,-1.0,1692.9708
2026-05-27 10:31:32.611828000,454728.51763873175,696.6133422851562,652.7703247070312,-1.0,-1.0,-1.0,1693.6118
2026-05-27 10:31:33.252862000,454897.89217013866,696.8707275390625,652.7722778320312,-1.0,-1.0,-1.0,1694.2529
2026-05-27 10:31:33.893896000,454364.15237473324,696.0995483398438,652.7286987304688,-1.0,-1.0,-1.0,1694.8939
2026-05-27 10:31:34.534930000,454888.1519725919,696.8707275390625,652.75830078125,-1.0,-1.0,-1.0,1695.5349
2026-05-27 10:31:35.175964000,454382.6509508379,696.1588745117188,652.6996459960938,-1.0,-1.0,-1.0,1696.176
2026-05-27 10:31:35.816998000,454610.5479932204,696.4520263671875,652.7521362304688,-1.0,-1.0,-1.0,1696.817
2026-05-27 10:31:36.458032000,454364.15237473324,696.0995483398438,652.7286987304688,-1.0,-1.0,-1.0,1697.458
2026-05-27 10:31:37.099066000,454619.7512246333,696.4661254882812,652.7521362304688,-1.0,-1.0,-1.0,1698.0991
2026-05-27 10:31:37.740100000,454708.6038108431,696.6272583007812,652.7286987304688,2448.0,51.0,48.0,1698.7401
2026-05-27 10:31:38.381134000,454266.75698161125,695.73974609375,652.92626953125,2448.0,51.0,48.0,1699.3811
2026-05-27 10:31:39.022168000,454717.6473542154,696.64111328125,652.7286987304688,-1.0,-1.0,-1.0,1700.0222
2026-05-27 10:31:39.663202000,454418.5331531614,696.182861328125,652.7286987304688,-1.0,-1.0,-1.0,1700.6632
2026-05-27 10:31:40.304236000,454275.82288208604,695.7432250976562,652.93603515625,-1.0,-1.0,-1.0,1701.3042
2026-05-27 10:31:40.945270000,454481.7150693014,696.2289428710938,652.7762451171875,-1.0,-1.0,-1.0,1701.9453
2026-05-27 10:31:41.586304000,454687.51662474126,696.6146240234375,652.7102661132812,-1.0,-1.0,-1.0,1702.5863
2026-05-27 10:31:42.227338000,454807.3001265675,696.584228515625,652.9107055664062,-1.0,-1.0,-1.0,1703.2273
2026-05-27 10:31:42.868372000,454983.46216894686,697.025146484375,652.7504272460938,-1.0,-1.0,-1.0,1703.8684
2026-05-27 10:31:43.509406000,454841.43398020416,696.5970458984375,652.9476928710938,-1.0,-1.0,-1.0,1704.5094
2026-05-27 10:31:44.150440000,454818.78113530576,696.568603515625,652.9418334960938,-1.0,-1.0,-1.0,1705.1504
2026-05-27 10:31:44.791474000,454951.0248871185,697.0534057617188,652.6774291992188,-1.0,-1.0,-1.0,1705.7915
2026-05-27 10:31:45.432507999,454622.92993851006,696.4984130859375,652.7264404296875,-1.0,-1.0,-1.0,1706.4325
2026-05-27 10:31:46.073542000,454797.098396793,696.568603515625,652.9107055664062,-1.0,-1.0,-1.0,1707.0735
2026-05-27 10:31:46.714576000,454698.60469507053,696.6322631835938,652.7096557617188,-1.0,-1.0,-1.0,1707.7146
2026-05-27 10:31:47.355610000,454616.06038977206,696.4688720703125,652.7442626953125,-1.0,-1.0,-1.0,1708.3556
2026-05-27 10:31:47.996644000,454534.27505709603,696.3073120117188,652.7782592773438,-1.0,-1.0,-1.0,1708.9966
2026-05-27 10:31:48.637678000,454627.8489178978,696.4675903320312,652.7623901367188,-1.0,-1.0,-1.0,1709.6377
2026-05-27 10:31:49.278712000,454659.99524997175,696.540283203125,652.7404174804688,-1.0,-1.0,-1.0,1710.2787
2026-05-27 10:31:49.919746000,454527.57188339904,696.1954956054688,652.8734741210938,-1.0,-1.0,-1.0,1710.9197
2026-05-27 10:31:50.560780000,454663.63704821095,696.4968872070312,652.7863159179688,-1.0,-1.0,-1.0,1711.5608
2026-05-27 10:31:51.201814000,454570.33610176295,696.3253784179688,652.8131103515625,-1.0,-1.0,-1.0,1712.2018
2026-05-27 10:31:51.842848000,454499.72008261085,696.1910400390625,652.837646484375,-1.0,-1.0,-1.0,1712.8428
2026-05-27 10:31:52.483882000,454453.13292942196,696.0352783203125,652.9168090820312,-1.0,-1.0,-1.0,1713.4839
2026-05-27 10:31:53.124916000,454655.1262402013,696.4688720703125,652.8003540039062,-1.0,-1.0,-1.0,1714.1249
2026-05-27 10:31:53.765950000,454555.80202611163,696.1715698242188,652.9364624023438,4160.0,64.0,65.0,1714.766
2026-05-27 10:31:54.406984000,454852.23327522725,696.5970458984375,652.9631958007812,4160.0,64.0,65.0,1715.407
2026-05-27 10:31:55.048018000,454512.2306872532,696.2523193359375,652.7981567382812,-1.0,-1.0,-1.0,1716.048
2026-05-27 10:31:55.689052000,454862.0190668106,696.568603515625,653.00390625,-1.0,-1.0,-1.0,1716.6891
2026-05-27 10:31:56.330086000,454665.47345012426,696.454833984375,652.828369140625,-1.0,-1.0,-1.0,1717.3301
2026-05-27 10:31:56.971120000,454840.3788434714,696.568603515625,652.9728393554688,-1.0,-1.0,-1.0,1717.9711
2026-05-27 10:31:57.612154000,454484.34270851314,696.2496337890625,652.7606201171875,-1.0,-1.0,-1.0,1718.6122
2026-05-27 10:31:58.253188000,454527.79021991417,696.0507202148438,653.0095825195312,-1.0,-1.0,-1.0,1719.2532
2026-05-27 10:31:58.894222000,454527.79021991417,696.0507202148438,653.0095825195312,-1.0,-1.0,-1.0,1719.8942
2026-05-27 10:31:59.535256000,454527.79021991417,696.0507202148438,653.0095825195312,2350.0,50.0,47.0,1720.5353
2026-05-27 10:32:00.176290000,454837.6723462902,696.4597778320312,653.0709838867188,2350.0,50.0,47.0,1721.1763
2026-05-27 10:32:00.817323999,455007.737056911,697.0534057617188,652.7587890625,-1.0,-1.0,-1.0,1721.8173
2026-05-27 10:32:01.458358000,454860.2443764433,696.4597778320312,653.1033935546875,-1.0,-1.0,-1.0,1722.4584
2026-05-27 10:32:02.099392000,455021.9774725288,697.0440673828125,652.7879638671875,-1.0,-1.0,-1.0,1723.0994
2026-05-27 10:32:02.740426000,454650.3549807519,696.4661865234375,652.7960205078125,-1.0,-1.0,-1.0,1723.7404
2026-05-27 10:32:03.381460000,454860.2443764433,696.4597778320312,653.1033935546875,-1.0,-1.0,-1.0,1724.3815
2026-05-27 10:32:04.022494000,454866.74358483776,696.4638061523438,653.1089477539062,-1.0,-1.0,-1.0,1725.0225
2026-05-27 10:32:04.663528000,454841.85068276525,696.30908203125,653.2183227539062,-1.0,-1.0,-1.0,1725.6635
2026-05-27 10:32:05.304562000,455008.33705671877,697.0398559570312,652.7723388671875,-1.0,-1.0,-1.0,1726.3046
2026-05-27 10:32:05.945596000,455007.62533682585,697.0712890625,652.7418823242188,-1.0,-1.0,-1.0,1726.9456
2026-05-27 10:32:06.586630000,455006.1294117719,697.0445556640625,652.7647705078125,-1.0,-1.0,-1.0,1727.5866
2026-05-27 10:32:07.227664000,454869.1688803956,696.4617919921875,653.1143188476562,-1.0,-1.0,-1.0,1728.2277
2026-05-27 10:32:07.868698000,455017.1819944158,697.0534057617188,652.7723388671875,-1.0,-1.0,-1.0,1728.8687
2026-05-27 10:32:08.509732000,455006.99278092384,697.0845947265625,652.728515625,-1.0,-1.0,-1.0,1729.5097
2026-05-27 10:32:09.150766000,454979.4100719467,697.0359497070312,652.7344970703125,-1.0,-1.0,-1.0,1730.1508
2026-05-27 10:32:09.791800000,454978.2331504822,697.0625,652.7079467773438,-1.0,-1.0,-1.0,1730.7918
2026-05-27 10:32:10.432834000,455000.8714764714,697.08447265625,652.7198486328125,-1.0,-1.0,-1.0,1731.4328
2026-05-27 10:32:11.073868000,455009.4368309304,697.0975952148438,652.7198486328125,-1.0,-1.0,-1.0,1732.0739
2026-05-27 10:32:11.714902000,455008.2176960036,697.0579223632812,652.7552490234375,-1.0,-1.0,-1.0,1732.7149
2026-05-27 10:32:12.355936000,454872.9552352354,696.4273681640625,653.1520385742188,-1.0,-1.0,-1.0,1733.3559
2026-05-27 10:32:12.996970000,454892.57411225885,696.4454956054688,653.1632080078125,-1.0,-1.0,-1.0,1733.997
2026-05-27 10:32:13.638004000,454577.9748791456,696.1648559570312,652.974609375,-1.0,-1.0,-1.0,1734.638
2026-05-27 10:32:14.279038000,454828.47414910793,696.4111328125,653.1033935546875,-1.0,-1.0,-1.0,1735.279
2026-05-27 10:32:14.920072000,454625.2533394955,696.2929077148438,652.9224243164062,-1.0,-1.0,-1.0,1735.9201
2026-05-27 10:32:15.561106000,455024.5224571228,697.0625,652.7743530273438,-1.0,-1.0,-1.0,1736.5611
2026-05-27 10:32:16.202139999,454652.88230389357,696.3505859375,652.9080200195312,-1.0,-1.0,-1.0,1737.2021
2026-05-27 10:32:16.843174000,454988.0552981347,697.0491943359375,652.7344970703125,-1.0,-1.0,-1.0,1737.8432
2026-05-27 10:32:17.484208000,454801.5326220989,696.4658203125,653.013427734375,-1.0,-1.0,-1.0,1738.4842
2026-05-27 10:32:18.125242000,454805.91856460646,696.4607543945312,653.0244750976562,-1.0,-1.0,-1.0,1739.1252
2026-05-27 10:32:18.766276000,455021.950667046,697.0667724609375,652.7666625976562,-1.0,-1.0,-1.0,1739.7663
2026-05-27 10:32:19.407310000,454888.70007665455,696.432861328125,653.1694946289062,-1.0,-1.0,-1.0,1740.4073
2026-05-27 10:32:20.048344000,455028.3566186428,697.08447265625,652.75927734375,-1.0,-1.0,-1.0,1741.0483
2026-05-27 10:32:20.689378000,454549.2462834455,696.2444458007812,652.8587036132812,-1.0,-1.0,-1.0,1741.6894
2026-05-27 10:32:21.330412000,454868.29269461706,696.3079223632812,653.2573852539062,-1.0,-1.0,-1.0,1742.3304
2026-05-27 10:32:21.971446000,454646.9807519205,696.3308715820312,652.9180297851562,-1.0,-1.0,-1.0,1742.9714
2026-05-27 10:32:22.612480000,454615.1534149423,696.1776733398438,653.0159912109375,-1.0,-1.0,-1.0,1743.6125
2026-05-27 10:32:23.253514000,455026.80987813696,697.0579223632812,652.7819213867188,-1.0,-1.0,-1.0,1744.2535
2026-05-27 10:32:23.894548000,454815.8829273246,696.4760131835938,653.0244750976562,-1.0,-1.0,-1.0,1744.8945
2026-05-27 10:32:24.535582000,454525.49304599315,696.1246948242188,652.9368896484375,-1.0,-1.0,-1.0,1745.5356
2026-05-27 10:32:25.176616000,455042.9871253967,697.0625,652.8008422851562,-1.0,-1.0,-1.0,1746.1766
2026-05-27 10:32:25.817650000,454242.935484007,696.4597778320312,652.217041015625,-1.0,-1.0,-1.0,1746.8176
2026-05-27 10:32:26.458684000,454693.3760637082,696.2053833007812,653.1023559570312,-1.0,-1.0,-1.0,1747.4587
2026-05-27 10:32:27.099718000,454621.31306272745,696.1806640625,653.0220336914062,-1.0,-1.0,-1.0,1748.0997
2026-05-27 10:32:27.740752000,454581.77260632813,696.212646484375,652.9352416992188,-1.0,-1.0,-1.0,1748.7408
2026-05-27 10:32:28.381786000,454839.23345207423,696.4718017578125,653.0619506835938,-1.0,-1.0,-1.0,1749.3818
2026-05-27 10:32:29.022820000,454852.09329133853,696.5036010742188,653.0505981445312,-1.0,-1.0,-1.0,1750.0228
2026-05-27 10:32:29.663854000,454492.1655911654,695.6544799804688,653.330322265625,-1.0,-1.0,-1.0,1750.6639
2026-05-27 10:32:30.304888000,454493.45222460106,695.7792358398438,653.2150268554688,-1.0,-1.0,-1.0,1751.3049
2026-05-27 10:32:30.945922000,454829.9062733352,696.45751953125,653.0619506835938,-1.0,-1.0,-1.0,1751.9459
2026-05-27 10:32:31.586955999,455019.030931443,696.443603515625,653.3465576171875,-1.0,-1.0,-1.0,1752.587
2026-05-27 10:32:32.227990000,454264.8386115432,696.5994873046875,652.11767578125,-1.0,-1.0,-1.0,1753.228
2026-05-27 10:32:32.869024000,454207.21493527293,696.480224609375,652.1466064453125,-1.0,-1.0,-1.0,1753.869
2026-05-27 10:32:33.510058000,454573.9558006525,695.93310546875,653.186279296875,-1.0,-1.0,-1.0,1754.5101
2026-05-27 10:32:34.151092000,453912.5101149529,696.1720581054688,652.011962890625,-1.0,-1.0,-1.0,1755.1511
2026-05-27 10:32:34.792126000,454694.6160418615,696.2249145507812,653.0858154296875,-1.0,-1.0,-1.0,1755.7921
2026-05-27 10:32:35.433160000,454839.23345207423,696.4718017578125,653.0619506835938,-1.0,-1.0,-1.0,1756.4332
2026-05-27 10:32:36.074194000,454008.2895295322,695.9371948242188,652.36962890625,-1.0,-1.0,-1.0,1757.0742
2026-05-27 10:32:36.715228000,454187.6590247452,696.0352783203125,652.535400390625,2300.0,50.0,46.0,1757.7152
2026-05-27 10:32:37.356262000,453997.97600877285,695.93310546875,652.358642578125,2300.0,50.0,46.0,1758.3563
2026-05-27 10:32:37.997296000,454079.8212566972,696.1279296875,652.2936401367188,-1.0,-1.0,-1.0,1758.9973
2026-05-27 10:32:38.638330000,454126.4264637232,696.4816284179688,652.029296875,-1.0,-1.0,-1.0,1759.6383
2026-05-27 10:32:39.279364000,454150.9123824388,696.1675415039062,652.358642578125,-1.0,-1.0,-1.0,1760.2794
2026-05-27 10:32:39.920398000,453982.5875612721,695.9927368164062,652.2806396484375,-1.0,-1.0,-1.0,1760.9204
2026-05-27 10:32:40.561432000,453988.61905802786,695.9187622070312,652.358642578125,-1.0,-1.0,-1.0,1761.5614
2026-05-27 10:32:41.202466000,454167.50625908375,696.00439453125,652.535400390625,-1.0,-1.0,-1.0,1762.2025
2026-05-27 10:32:41.843500000,454177.5826419145,696.0198364257812,652.535400390625,-1.0,-1.0,-1.0,1762.8435
2026-05-27 10:32:42.484534000,454300.2047313377,696.0977172851562,652.6385498046875,-1.0,-1.0,-1.0,1763.4845
2026-05-27 10:32:43.125568000,454219.84113944694,696.1760864257812,652.4496459960938,-1.0,-1.0,-1.0,1764.1256
2026-05-27 10:32:43.766602000,453988.61905802786,695.9187622070312,652.358642578125,-1.0,-1.0,-1.0,1764.7666
2026-05-27 10:32:44.407636000,454306.53036061674,696.4520263671875,652.3156127929688,-1.0,-1.0,-1.0,1765.4076
2026-05-27 10:32:45.048670000,454172.59573310986,695.9987182617188,652.5480346679688,-1.0,-1.0,-1.0,1766.0487
2026-05-27 10:32:45.689704000,454030.9365696162,696.029541015625,652.3156127929688,-1.0,-1.0,-1.0,1766.6897
2026-05-27 10:32:46.330738000,454324.92451424897,696.480224609375,652.3156127929688,-1.0,-1.0,-1.0,1767.3307
2026-05-27 10:32:46.971771999,454306.53036061674,696.4520263671875,652.3156127929688,-1.0,-1.0,-1.0,1767.9718
2026-05-27 10:32:47.612806000,454322.1843921207,696.4816284179688,652.3103637695312,-1.0,-1.0,-1.0,1768.6128
2026-05-27 10:32:48.253840000,454187.6590247452,696.0352783203125,652.535400390625,-1.0,-1.0,-1.0,1769.2538
2026-05-27 10:32:48.894874000,454177.5826419145,696.0198364257812,652.535400390625,-1.0,-1.0,-1.0,1769.8949
2026-05-27 10:32:49.535908000,454402.52290728316,696.6260375976562,652.2904663085938,-1.0,-1.0,-1.0,1770.5359
2026-05-27 10:32:50.176942000,454214.7272463888,696.1715698242188,652.446533203125,-1.0,-1.0,-1.0,1771.1769
2026-05-27 10:32:50.817976000,453996.89992260933,695.9431762695312,652.34765625,-1.0,-1.0,-1.0,1771.818
2026-05-27 10:32:51.459010000,453973.4706016481,695.978759765625,652.2806396484375,-1.0,-1.0,-1.0,1772.459
2026-05-27 10:32:52.100044000,454195.88831305504,695.7732543945312,652.79296875,-1.0,-1.0,-1.0,1773.1
2026-05-27 10:32:52.741078000,454755.22414810583,696.3103637695312,653.0927124023438,-1.0,-1.0,-1.0,1773.7411
2026-05-27 10:32:53.382112000,454400.683024317,696.00439453125,652.8704223632812,-1.0,-1.0,-1.0,1774.3821
2026-05-27 10:32:54.023146000,454719.84674209356,696.2930908203125,653.05810546875,-1.0,-1.0,-1.0,1775.0231
2026-05-27 10:32:54.664180000,454745.9524219483,696.358642578125,653.0341186523438,-1.0,-1.0,-1.0,1775.6642
2026-05-27 10:32:55.305214000,454246.8714252971,695.6804809570312,652.9533081054688,-1.0,-1.0,-1.0,1776.3052
2026-05-27 10:32:55.946248000,454213.3642645553,695.7242431640625,652.8640747070312,2300.0,50.0,46.0,1776.9462
2026-05-27 10:32:56.587282000,454743.2393139638,696.3103637695312,653.0755004882812,2300.0,50.0,46.0,1777.5873
2026-05-27 10:32:57.228316000,454258.78872945905,695.9732055664062,652.69580078125,-1.0,-1.0,-1.0,1778.2283
2026-05-27 10:32:57.869350000,454224.53695673123,695.6804809570312,652.9212036132812,-1.0,-1.0,-1.0,1778.8694
2026-05-27 10:32:58.510384000,454731.9986345731,696.2931518554688,653.0755004882812,-1.0,-1.0,-1.0,1779.5104
2026-05-27 10:32:59.151418000,454731.9986345731,696.2931518554688,653.0755004882812,-1.0,-1.0,-1.0,1780.1514
2026-05-27 10:32:59.792452000,454481.0065815188,696.3554077148438,652.6566772460938,-1.0,-1.0,-1.0,1780.7925
2026-05-27 10:33:00.433486000,454734.4123673737,696.30908203125,653.0640258789062,-1.0,-1.0,-1.0,1781.4335
2026-05-27 10:33:01.074520000,454743.3119199164,696.4146118164062,652.9778442382812,-1.0,-1.0,-1.0,1782.0745
2026-05-27 10:33:01.715554000,454743.2393139638,696.3103637695312,653.0755004882812,-1.0,-1.0,-1.0,1782.7156
2026-05-27 10:33:02.356587999,454246.8714252971,695.6804809570312,652.9533081054688,-1.0,-1.0,-1.0,1783.3566
2026-05-27 10:33:02.997622000,454474.94980598614,696.1566772460938,652.8342895507812,-1.0,-1.0,-1.0,1783.9976
2026-05-27 10:33:03.638656000,454755.22414810583,696.3103637695312,653.0927124023438,-1.0,-1.0,-1.0,1784.6387
2026-05-27 10:33:04.279690000,454755.22414810583,696.3103637695312,653.0927124023438,-1.0,-1.0,-1.0,1785.2797
2026-05-27 10:33:04.920724000,454742.59848564863,696.4310302734375,652.96142578125,-1.0,-1.0,-1.0,1785.9207
2026-05-27 10:33:05.561758000,454234.301321961,695.6676025390625,652.9473266601562,-1.0,-1.0,-1.0,1786.5618
2026-05-27 10:33:06.202792000,454491.2605709061,696.1695556640625,652.8456420898438,-1.0,-1.0,-1.0,1787.2028
2026-05-27 10:33:06.843826000,454776.1059264019,696.4473876953125,652.9942016601562,-1.0,-1.0,-1.0,1787.8438
2026-05-27 10:33:07.484860000,454486.2328953929,696.1414184570312,652.8648071289062,-1.0,-1.0,-1.0,1788.4849
2026-05-27 10:33:08.125894000,454768.4371165037,696.42919921875,653.000244140625,-1.0,-1.0,-1.0,1789.1259
2026-05-27 10:33:08.766928000,454506.85981969535,696.1566772460938,652.880126953125,-1.0,-1.0,-1.0,1789.7669
2026-05-27 10:33:09.407962000,454717.6422105655,696.4916381835938,652.8687744140625,-1.0,-1.0,-1.0,1790.408
2026-05-27 10:33:10.048996000,454702.1978557259,696.4558715820312,652.880126953125,-1.0,-1.0,-1.0,1791.049
2026-05-27 10:33:10.690030000,454512.00880007446,696.155517578125,652.8886108398438,-1.0,-1.0,-1.0,1791.69
2026-05-27 10:33:11.331064000,454476.2709690146,696.1261596679688,652.8648071289062,-1.0,-1.0,-1.0,1792.3311
2026-05-27 10:33:11.972098000,454517.4823275879,696.1566772460938,652.8953857421875,2336.937894562143,44.97474670410156,51.96111297607422,1792.9721
2026-05-27 10:33:12.613132000,454770.5743358284,696.443603515625,652.9898071289062,2336.937894562143,44.97474670410156,51.96111297607422,1793.6131
2026-05-27 10:33:13.254166000,454948.98958300054,697.0580444335938,652.670166015625,-1.0,-1.0,-1.0,1794.2542
2026-05-27 10:33:13.895200000,454923.30255925655,697.0491943359375,652.6416015625,-1.0,-1.0,-1.0,1794.8952
2026-05-27 10:33:14.536234000,454530.76041071117,696.3236083984375,652.7579345703125,-1.0,-1.0,-1.0,1795.5362
2026-05-27 10:33:15.177268000,454543.05334898084,696.2000732421875,652.8914184570312,-1.0,-1.0,-1.0,1796.1773
2026-05-27 10:33:15.818302000,454373.19591810554,696.1134033203125,652.7286987304688,-1.0,-1.0,-1.0,1796.8183
2026-05-27 10:33:16.459336000,454716.557330668,696.4658203125,652.8914184570312,-1.0,-1.0,-1.0,1797.4593
2026-05-27 10:33:17.100370000,454463.87038821727,696.2523193359375,652.7286987304688,-1.0,-1.0,-1.0,1798.1004
2026-05-27 10:33:17.741403999,454513.2062010057,696.1543579101562,652.8914184570312,-1.0,-1.0,-1.0,1798.7414
2026-05-27 10:33:18.382438000,454481.3811479509,696.2444458007812,652.76123046875,-1.0,-1.0,-1.0,1799.3824
2026-05-27 10:33:19.023472000,454623.9542770386,696.29150390625,652.921875,-1.0,-1.0,-1.0,1800.0235
2026-05-27 10:33:19.664506000,454814.3525845222,696.4760131835938,653.0222778320312,-1.0,-1.0,-1.0,1800.6645
2026-05-27 10:33:20.305540000,454424.2312297225,696.1279296875,652.7883911132812,-1.0,-1.0,-1.0,1801.3055
2026-05-27 10:33:20.946574000,454739.65006001294,696.476318359375,652.9147338867188,-1.0,-1.0,-1.0,1801.9466
2026-05-27 10:33:21.587608000,454967.83703866974,697.0580444335938,652.6972045898438,-1.0,-1.0,-1.0,1802.5876
2026-05-27 10:33:22.228642000,454385.0929880664,696.0604248046875,652.7954711914062,-1.0,-1.0,-1.0,1803.2286
2026-05-27 10:33:22.869676000,454538.14980275184,696.1719970703125,652.9107055664062,-1.0,-1.0,-1.0,1803.8697
2026-05-27 10:33:23.510710000,454713.4521827437,696.4404907226562,652.9107055664062,-1.0,-1.0,-1.0,1804.5107
2026-05-27 10:33:24.151744000,454853.5129444599,696.4493408203125,653.103515625,-1.0,-1.0,-1.0,1805.1517
2026-05-27 10:33:24.792778000,454753.3451113701,696.5813598632812,652.8359375,-1.0,-1.0,-1.0,1805.7928
2026-05-27 10:33:25.433812000,454838.4609070234,696.3275756835938,653.1961059570312,-1.0,-1.0,-1.0,1806.4338
2026-05-27 10:33:26.074846000,454996.0869496502,697.0580444335938,652.7377319335938,-1.0,-1.0,-1.0,1807.0748
2026-05-27 10:33:26.715880000,454815.97539654,696.2931518554688,653.1961059570312,2254.0,49.0,46.0,1807.7159
2026-05-27 10:33:27.356914000,454749.06045910716,696.4505615234375,652.952392578125,2254.0,49.0,46.0,1808.3569
2026-05-27 10:33:27.997948000,454760.3227284327,696.4916381835938,652.9300537109375,-1.0,-1.0,-1.0,1808.9979
2026-05-27 10:33:28.638982000,454831.27327027917,696.432861328125,653.0870361328125,-1.0,-1.0,-1.0,1809.639
2026-05-27 10:33:29.280016000,454827.1357844472,696.310302734375,653.196044921875,-1.0,-1.0,-1.0,1810.28
2026-05-27 10:33:29.921050000,454739.13704933226,696.4353637695312,652.952392578125,-1.0,-1.0,-1.0,1810.921
2026-05-27 10:33:30.562084000,454734.12158372626,696.4558715820312,652.9259643554688,-1.0,-1.0,-1.0,1811.5621
2026-05-27 10:33:31.203118000,454998.29211940616,697.0534057617188,652.7452392578125,-1.0,-1.0,-1.0,1812.2031
2026-05-27 10:33:31.844152000,454846.4692590013,696.4617919921875,653.0817260742188,-1.0,-1.0,-1.0,1812.8442
2026-05-27 10:33:32.485186000,454996.7403640747,697.0625,652.7344970703125,-1.0,-1.0,-1.0,1813.4852
2026-05-27 10:33:33.126219999,454475.8950576633,696.1102905273438,652.879150390625,-1.0,-1.0,-1.0,1814.1262
2026-05-27 10:33:33.767253999,454776.67238496244,696.4558715820312,652.987060546875,-1.0,-1.0,-1.0,1814.7673
2026-05-27 10:33:34.408288000,454760.3905699551,696.4353637695312,652.98291015625,-1.0,-1.0,-1.0,1815.4083
2026-05-27 10:33:35.049322000,454776.67238496244,696.4558715820312,652.987060546875,-1.0,-1.0,-1.0,1816.0493
2026-05-27 10:33:35.690356000,454776.67238496244,696.4558715820312,652.987060546875,-1.0,-1.0,-1.0,1816.6904
2026-05-27 10:33:36.331390000,454755.4182384908,696.4558715820312,652.95654296875,-1.0,-1.0,-1.0,1817.3314
2026-05-27 10:33:36.972424000,454550.0940130651,696.1414184570312,652.95654296875,-1.0,-1.0,-1.0,1817.9724
2026-05-27 10:33:37.613458000,454769.65094697475,696.4658203125,652.9676513671875,-1.0,-1.0,-1.0,1818.6135
2026-05-27 10:33:38.254492000,454571.3385631889,696.1414184570312,652.987060546875,-1.0,-1.0,-1.0,1819.2545
2026-05-27 10:33:38.895526000,454883.9933670759,696.4365234375,653.1593017578125,-1.0,-1.0,-1.0,1819.8955
2026-05-27 10:33:39.536560000,454830.68728369474,696.2919921875,653.2183227539062,-1.0,-1.0,-1.0,1820.5366
2026-05-27 10:33:40.177594000,454576.6611657813,696.1952514648438,652.9442138671875,-1.0,-1.0,-1.0,1821.1776
2026-05-27 10:33:40.818628000,454829.3993901871,696.3051147460938,653.2041625976562,-1.0,-1.0,-1.0,1821.8186
2026-05-27 10:33:41.459662000,454848.5017324984,696.36376953125,653.1765747070312,-1.0,-1.0,-1.0,1822.4597
2026-05-27 10:33:42.100696000,454435.01187229156,696.0604248046875,652.8671875,-1.0,-1.0,-1.0,1823.1007
2026-05-27 10:33:42.741730000,454776.67238496244,696.4558715820312,652.987060546875,-1.0,-1.0,-1.0,1823.7417
2026-05-27 10:33:43.382764000,454518.3706746176,696.0198364257812,653.0250244140625,-1.0,-1.0,-1.0,1824.3828
2026-05-27 10:33:44.023798000,454462.53317685425,696.083251953125,652.8853149414062,-1.0,-1.0,-1.0,1825.0238
2026-05-27 10:33:44.664832000,454793.5226861425,696.5813598632812,652.8936157226562,-1.0,-1.0,-1.0,1825.6648
2026-05-27 10:33:45.305866000,454681.2394381091,696.4432373046875,652.8618774414062,-1.0,-1.0,-1.0,1826.3059
2026-05-27 10:33:45.946900000,454590.8109472655,696.1460571289062,653.0106811523438,-1.0,-1.0,-1.0,1826.9469
2026-05-27 10:33:46.587934000,454776.67238496244,696.4558715820312,652.987060546875,-1.0,-1.0,-1.0,1827.5879
2026-05-27 10:33:47.228968000,454853.7929955125,696.30908203125,653.2354736328125,-1.0,-1.0,-1.0,1828.229
2026-05-27 10:33:47.870002000,454777.29822870716,696.4404907226562,653.0023803710938,-1.0,-1.0,-1.0,1828.87
2026-05-27 10:33:48.511035999,454612.5939762667,696.1719970703125,653.0176391601562,-1.0,-1.0,-1.0,1829.511
2026-05-27 10:33:49.152069999,454866.42834603786,696.2919921875,653.2696533203125,-1.0,-1.0,-1.0,1830.1521
2026-05-27 10:33:49.793104000,454548.7274297103,696.2064208984375,652.8936157226562,-1.0,-1.0,-1.0,1830.7931
2026-05-27 10:33:50.434138000,454842.7675613165,696.5703735351562,652.974609375,-1.0,-1.0,-1.0,1831.4341
2026-05-27 10:33:51.075172000,454755.80891947076,696.2653198242188,653.1358032226562,-1.0,-1.0,-1.0,1832.0752
2026-05-27 10:33:51.716206000,454356.8475474827,695.6544799804688,653.1358032226562,-1.0,-1.0,-1.0,1832.7162
2026-05-27 10:33:52.357240000,454408.77140164375,695.9744262695312,652.91015625,-1.0,-1.0,-1.0,1833.3572
2026-05-27 10:33:52.998274000,454539.90888610855,696.0198364257812,653.0559692382812,-1.0,-1.0,-1.0,1833.9983
2026-05-27 10:33:53.639308000,454525.0347299054,696.0407104492188,653.0150146484375,-1.0,-1.0,-1.0,1834.6393
2026-05-27 10:33:54.280342000,454496.7245449126,696.08642578125,652.9314575195312,-1.0,-1.0,-1.0,1835.2803
2026-05-27 10:33:54.921376000,454546.4461384788,696.0407104492188,653.0457763671875,-1.0,-1.0,-1.0,1835.9214
2026-05-27 10:33:55.562410000,454539.2027215287,696.0352783203125,653.0404663085938,-1.0,-1.0,-1.0,1836.5624
2026-05-27 10:33:56.203444000,454713.74707460403,696.4415283203125,652.91015625,-1.0,-1.0,-1.0,1837.2034
2026-05-27 10:33:56.844478000,454375.01065950096,695.767333984375,653.0559692382812,-1.0,-1.0,-1.0,1837.8445
2026-05-27 10:33:57.485512000,454374.20764165,695.7553100585938,653.0661010742188,-1.0,-1.0,-1.0,1838.4855
2026-05-27 10:33:58.126546000,454756.544680316,696.3407592773438,653.0661010742188,-1.0,-1.0,-1.0,1839.1265
2026-05-27 10:33:58.767580000,454374.20764165,695.7553100585938,653.0661010742188,-1.0,-1.0,-1.0,1839.7676
2026-05-27 10:33:59.408614000,454380.83577572554,695.6804809570312,653.1458740234375,-1.0,-1.0,-1.0,1840.4086
2026-05-27 10:34:00.049648000,454533.1692878343,695.9987182617188,653.0661010742188,-1.0,-1.0,-1.0,1841.0496
2026-05-27 10:34:00.690682000,454650.9969590008,696.18994140625,653.0559692382812,-1.0,-1.0,-1.0,1841.6907
2026-05-27 10:34:01.331716000,454575.318439655,696.2105712890625,652.9279174804688,-1.0,-1.0,-1.0,1842.3317
2026-05-27 10:34:01.972750000,454384.4902962111,695.7432250976562,653.0922241210938,2205.0,49.0,45.0,1842.9728
2026-05-27 10:34:02.613784000,454657.64309166,696.0977172851562,653.1520385742188,2205.0,49.0,45.0,1843.6138
2026-05-27 10:34:03.254818000,454367.0817026496,695.6114501953125,653.19091796875,-1.0,-1.0,-1.0,1844.2548
2026-05-27 10:34:03.895851999,454359.18434081227,695.6644287109375,653.1298217773438,-1.0,-1.0,-1.0,1844.8959
2026-05-27 10:34:04.536885999,454358.46077201515,695.6514892578125,653.1409301757812,-1.0,-1.0,-1.0,1845.5369
2026-05-27 10:34:05.177920000,454380.83577572554,695.6804809570312,653.1458740234375,-1.0,-1.0,-1.0,1846.1779
2026-05-27 10:34:05.818954000,454877.21086809784,696.3051147460938,653.2728271484375,-1.0,-1.0,-1.0,1846.819
2026-05-27 10:34:06.459988000,454690.99329633266,696.0700073242188,653.2259521484375,-1.0,-1.0,-1.0,1847.46
2026-05-27 10:34:07.101022000,454406.2322719954,695.7432250976562,653.1234741210938,-1.0,-1.0,-1.0,1848.101
2026-05-27 10:34:07.742056000,454413.8654266447,695.6676025390625,653.2054443359375,-1.0,-1.0,-1.0,1848.7421
2026-05-27 10:34:08.383090000,454379.4359375797,695.6544799804688,653.1682739257812,-1.0,-1.0,-1.0,1849.3831
2026-05-27 10:34:09.024124000,454864.781341441,696.2759399414062,653.2823486328125,-1.0,-1.0,-1.0,1850.0241
2026-05-27 10:34:09.665158000,454543.1924488172,695.8707275390625,653.2006225585938,-1.0,-1.0,-1.0,1850.6652
2026-05-27 10:34:10.306192000,454875.3378278017,696.263671875,653.3090209960938,-1.0,-1.0,-1.0,1851.3062
2026-05-27 10:34:10.947226000,454532.6273752712,695.8545532226562,653.2006225585938,-1.0,-1.0,-1.0,1851.9472
2026-05-27 10:34:11.588260000,454732.01843384653,696.0862426757812,653.2696533203125,-1.0,-1.0,-1.0,1852.5883
2026-05-27 10:34:12.229294000,454602.45037560165,696.066162109375,653.1023559570312,-1.0,-1.0,-1.0,1853.2293
2026-05-27 10:34:12.870328000,454443.11261270195,695.6777954101562,653.2379150390625,-1.0,-1.0,-1.0,1853.8703
2026-05-27 10:34:13.511362000,454406.65130967274,695.7553100585938,653.1127319335938,-1.0,-1.0,-1.0,1854.5114
2026-05-27 10:34:14.152396000,454912.02169312164,696.2931518554688,653.3340454101562,-1.0,-1.0,-1.0,1855.1524
2026-05-27 10:34:14.793430000,454640.6801168695,696.1710205078125,653.0588989257812,-1.0,-1.0,-1.0,1855.7934
2026-05-27 10:34:15.434464000,454582.942827411,696.0198364257812,653.1177978515625,-1.0,-1.0,-1.0,1856.4345
2026-05-27 10:34:16.075498000,454589.3114385791,696.0407104492188,653.1073608398438,-1.0,-1.0,-1.0,1857.0755
2026-05-27 10:34:16.716532000,454935.2941561192,696.3103637695312,653.351318359375,-1.0,-1.0,-1.0,1857.7165
2026-05-27 10:34:17.357566000,454509.72277607024,696.110107421875,652.9279174804688,-1.0,-1.0,-1.0,1858.3576
2026-05-27 10:34:17.998600000,454683.8083874881,696.1710205078125,653.120849609375,-1.0,-1.0,-1.0,1858.9986
2026-05-27 10:34:18.639634000,454580.48727381974,696.2384033203125,652.9092407226562,-1.0,-1.0,-1.0,1859.6396
2026-05-27 10:34:19.280667999,453659.460657835,695.63671875,652.1499633789062,-1.0,-1.0,-1.0,1860.2807
2026-05-27 10:34:19.921701999,453903.3969106376,696.1580810546875,652.011962890625,-1.0,-1.0,-1.0,1860.9217
2026-05-27 10:34:20.562736000,454599.35679105297,696.0560913085938,653.1073608398438,-1.0,-1.0,-1.0,1861.5627
2026-05-27 10:34:21.203770000,454321.91633527726,696.4597778320312,652.3304443359375,-1.0,-1.0,-1.0,1862.2038
2026-05-27 10:34:21.844804000,454291.5171450749,696.2908935546875,652.4450073242188,-1.0,-1.0,-1.0,1862.8448
2026-05-27 10:34:22.485838000,453967.0756037794,695.9987182617188,652.2527465820312,-1.0,-1.0,-1.0,1863.4858
2026-05-27 10:34:23.126872000,454323.09012840316,696.3103637695312,652.4721069335938,-1.0,-1.0,-1.0,1864.1269
2026-05-27 10:34:23.767906000,453870.14083087444,695.6759643554688,652.416015625,-1.0,-1.0,-1.0,1864.7679
2026-05-27 10:34:24.408940000,454491.4293241501,695.6005859375,653.3798828125,-1.0,-1.0,-1.0,1865.4089
2026-05-27 10:34:25.049974000,455008.06798970327,696.2931518554688,653.4719848632812,-1.0,-1.0,-1.0,1866.05
2026-05-27 10:34:25.691008000,455009.4254937023,696.3170166015625,653.4515380859375,-1.0,-1.0,-1.0,1866.691
2026-05-27 10:34:26.332042000,454311.85983457044,696.2931518554688,652.4721069335938,-1.0,-1.0,-1.0,1867.332
2026-05-27 10:34:26.973076000,454324.59129327536,696.30908203125,652.4754638671875,-1.0,-1.0,-1.0,1867.9731
2026-05-27 10:34:27.614110000,454321.91633527726,696.4597778320312,652.3304443359375,-1.0,-1.0,-1.0,1868.6141
2026-05-27 10:34:28.255144000,454425.0749143809,695.6676025390625,653.2215576171875,-1.0,-1.0,-1.0,1869.2551
2026-05-27 10:34:28.896178000,453914.2589621544,696.0957641601562,652.0859375,-1.0,-1.0,-1.0,1869.8962
2026-05-27 10:34:29.537212000,454311.85983457044,696.2931518554688,652.4721069335938,-1.0,-1.0,-1.0,1870.5372
2026-05-27 10:34:30.178246000,453888.0895986259,695.93310546875,652.2007446289062,-1.0,-1.0,-1.0,1871.1782
2026-05-27 10:34:30.819280000,453796.5960299447,695.6544799804688,652.3304443359375,-1.0,-1.0,-1.0,1871.8193
2026-05-27 10:34:31.460314000,454063.9747803919,696.0560913085938,652.3381958007812,-1.0,-1.0,-1.0,1872.4603
2026-05-27 10:34:32.101348000,453796.4876854196,695.6412963867188,652.3426513671875,-1.0,-1.0,-1.0,1873.1013
2026-05-27 10:34:32.742382000,453927.1098969206,695.8545532226562,652.3304443359375,-1.0,-1.0,-1.0,1873.7424
2026-05-27 10:34:33.383416000,453993.2195282355,696.0507202148438,652.2415771484375,-1.0,-1.0,-1.0,1874.3834
2026-05-27 10:34:34.024450000,454311.85983457044,696.2931518554688,652.4721069335938,-1.0,-1.0,-1.0,1875.0244
2026-05-27 10:34:34.665484000,453972.35709661245,696.0352783203125,652.22607421875,-1.0,-1.0,-1.0,1875.6655
2026-05-27 10:34:35.306517999,454054.63415145874,696.31103515625,652.0859375,-1.0,-1.0,-1.0,1876.3065
2026-05-27 10:34:35.947552000,453972.35709661245,696.0352783203125,652.22607421875,-1.0,-1.0,-1.0,1876.9476
2026-05-27 10:34:36.588586000,454325.09342575073,696.3170166015625,652.46875,-1.0,-1.0,-1.0,1877.5886
2026-05-27 10:34:37.229620000,454431.8205534667,696.345947265625,652.5949096679688,-1.0,-1.0,-1.0,1878.2296
2026-05-27 10:34:37.870654000,453882.1587970555,695.81396484375,652.3038940429688,-1.0,-1.0,-1.0,1878.8707
2026-05-27 10:34:38.511688000,454275.3049864769,696.0948486328125,652.60546875,-1.0,-1.0,-1.0,1879.5117
2026-05-27 10:34:39.152722000,454089.40746949613,696.066162109375,652.3652954101562,-1.0,-1.0,-1.0,1880.1527
2026-05-27 10:34:39.793756000,454084.07154615596,696.0453491210938,652.3771362304688,2254.0,49.0,46.0,1880.7938
2026-05-27 10:34:40.434790000,454407.86363279074,696.2931518554688,652.6099853515625,2254.0,49.0,46.0,1881.4348
2026-05-27 10:34:41.075824000,454303.6216148138,696.3994140625,652.3607177734375,-1.0,-1.0,-1.0,1882.0758
2026-05-27 10:34:41.716858000,454419.8906690441,696.2931518554688,652.6272583007812,-1.0,-1.0,-1.0,1882.7169
2026-05-27 10:34:42.357892000,454242.9078671336,696.45751953125,652.2191162109375,-1.0,-1.0,-1.0,1883.3579
2026-05-27 10:34:42.998926000,454278.1083983183,696.1865234375,652.5235595703125,-1.0,-1.0,-1.0,1883.9989
2026-05-27 10:34:43.639960000,454653.17446674407,697.0532836914062,652.250244140625,-1.0,-1.0,-1.0,1884.64
2026-05-27 10:34:44.280994000,454538.3000355363,696.7496337890625,652.36962890625,-1.0,-1.0,-1.0,1885.281
2026-05-27 10:34:44.922028000,454541.85075463355,696.8934326171875,652.2401123046875,-1.0,-1.0,-1.0,1885.922
2026-05-27 10:34:45.563062000,454341.7475209236,696.4718017578125,652.34765625,-1.0,-1.0,-1.0,1886.5631
2026-05-27 10:34:46.204096000,454379.1052272245,696.2159423828125,652.6410522460938,-1.0,-1.0,-1.0,1887.2041
2026-05-27 10:34:46.845130000,454164.47033299506,696.199462890625,652.3482055664062,-1.0,-1.0,-1.0,1887.8451
2026-05-27 10:34:47.486164000,454361.58059001714,696.0264892578125,652.7935180664062,-1.0,-1.0,-1.0,1888.4862
2026-05-27 10:34:48.127198000,454387.0193298757,696.567138671875,652.3233642578125,-1.0,-1.0,-1.0,1889.1272
2026-05-27 10:34:48.768232000,454069.76102146506,696.228271484375,652.1851806640625,-1.0,-1.0,-1.0,1889.7682
2026-05-27 10:34:49.409266000,454216.1634386927,696.4557495117188,652.182373046875,-1.0,-1.0,-1.0,1890.4093
2026-05-27 10:34:50.050300000,454430.32896675915,696.3275756835938,652.6099853515625,-1.0,-1.0,-1.0,1891.0503
2026-05-27 10:34:50.691333999,454277.0318052806,696.6121215820312,652.1233520507812,-1.0,-1.0,-1.0,1891.6913
2026-05-27 10:34:51.332368000,454434.14741716906,696.4760131835938,652.4763793945312,-1.0,-1.0,-1.0,1892.3324
2026-05-27 10:34:51.973402000,454193.5993562043,696.564697265625,652.0479736328125,-1.0,-1.0,-1.0,1892.9734
2026-05-27 10:34:52.614436000,454487.28204523027,696.775146484375,652.2725219726562,-1.0,-1.0,-1.0,1893.6144
2026-05-27 10:34:53.255470000,454203.0246087499,696.0453491210938,652.5480346679688,-1.0,-1.0,-1.0,1894.2555
2026-05-27 10:34:53.896504000,454229.59761913866,696.1910400390625,652.4496459960938,2205.0,49.0,45.0,1894.8965
2026-05-27 10:34:54.537538000,454405.91033193097,696.3562622070312,652.5480346679688,2205.0,49.0,45.0,1895.5375
2026-05-27 10:34:55.178572000,454228.0043836683,696.0971069335938,652.535400390625,-1.0,-1.0,-1.0,1896.1786
2026-05-27 10:34:55.819606000,454341.7475209236,696.4718017578125,652.34765625,-1.0,-1.0,-1.0,1896.8196
2026-05-27 10:34:56.460640000,454434.12529136986,696.5045166015625,652.4496459960938,-1.0,-1.0,-1.0,1897.4606
2026-05-27 10:34:57.101674000,454197.06321014464,696.066162109375,652.5199584960938,-1.0,-1.0,-1.0,1898.1017
2026-05-27 10:34:57.742708000,454537.8919751644,696.7607421875,652.358642578125,-1.0,-1.0,-1.0,1898.7427
2026-05-27 10:34:58.383742000,454213.1808434203,696.0609130859375,652.5480346679688,-1.0,-1.0,-1.0,1899.3837
2026-05-27 10:34:59.024776000,454326.67453084886,696.4415283203125,652.3543701171875,-1.0,-1.0,-1.0,1900.0248
2026-05-27 10:34:59.665810000,453998.8926037252,695.9227905273438,652.36962890625,-1.0,-1.0,-1.0,1900.6658
2026-05-27 10:35:00.306844000,454357.42050824314,696.3638916015625,652.4712524414062,-1.0,-1.0,-1.0,1901.3068
2026-05-27 10:35:00.947878000,454218.8869800307,696.0557250976562,652.5610961914062,-1.0,-1.0,-1.0,1901.9479
2026-05-27 10:35:01.588912000,454078.05998696387,696.0604248046875,652.3543701171875,-1.0,-1.0,-1.0,1902.5889
2026-05-27 10:35:02.229946000,454785.65941780806,696.584228515625,652.879638671875,-1.0,-1.0,-1.0,1903.2299
2026-05-27 10:35:02.870980000,454187.6590247452,696.0352783203125,652.535400390625,-1.0,-1.0,-1.0,1903.871
2026-05-27 10:35:03.512014000,453998.8926037252,695.9227905273438,652.36962890625,-1.0,-1.0,-1.0,1904.512
2026-05-27 10:35:04.153048000,454192.9082024507,696.0298461914062,652.5480346679688,-1.0,-1.0,-1.0,1905.153
2026-05-27 10:35:04.794082000,454187.6590247452,696.0352783203125,652.535400390625,-1.0,-1.0,-1.0,1905.7941
2026-05-27 10:35:05.435116000,454352.77709070593,695.8383178710938,652.9573974609375,-1.0,-1.0,-1.0,1906.4351
2026-05-27 10:35:06.076149999,454454.83089674264,696.0609130859375,652.8952026367188,-1.0,-1.0,-1.0,1907.0761
2026-05-27 10:35:06.717184000,454335.8804538734,696.0460815429688,652.7382202148438,-1.0,-1.0,-1.0,1907.7172
2026-05-27 10:35:07.358218000,454235.70419101417,695.6804809570312,652.937255859375,-1.0,-1.0,-1.0,1908.3582
2026-05-27 10:35:07.999252000,454734.4123673737,696.30908203125,653.0640258789062,-1.0,-1.0,-1.0,1908.9993
2026-05-27 10:35:08.640286000,454440.619759351,696.20654296875,652.7382202148438,-1.0,-1.0,-1.0,1909.6403
2026-05-27 10:35:09.281320000,454746.35468012094,696.30908203125,653.0811767578125,-1.0,-1.0,-1.0,1910.2813
2026-05-27 10:35:09.922354000,454587.04051857814,696.1625366210938,652.9898071289062,-1.0,-1.0,-1.0,1910.9224
2026-05-27 10:35:10.563388000,454613.2333334796,696.4557495117188,652.7525024414062,-1.0,-1.0,-1.0,1911.5634
2026-05-27 10:35:11.204422000,454364.0742704272,695.8383178710938,652.9736328125,-1.0,-1.0,-1.0,1912.2044
2026-05-27 10:35:11.845456000,454428.2218478322,695.9932861328125,652.92041015625,-1.0,-1.0,-1.0,1912.8455
2026-05-27 10:35:12.486490000,454502.9926390648,696.2145385742188,652.8203125,-1.0,-1.0,-1.0,1913.4865
2026-05-27 10:35:13.127524000,454456.1709561646,696.0298461914062,652.92626953125,-1.0,-1.0,-1.0,1914.1275
2026-05-27 10:35:13.768558000,454623.2227805704,696.4557495117188,652.766845703125,-1.0,-1.0,-1.0,1914.7686
2026-05-27 10:35:14.409592000,454442.34234344214,696.0352783203125,652.9013061523438,-1.0,-1.0,-1.0,1915.4096
2026-05-27 10:35:15.050626000,454385.71334289014,696.0460815429688,652.809814453125,-1.0,-1.0,-1.0,1916.0506
2026-05-27 10:35:15.691660000,454495.5027109198,696.0507202148438,652.9631958007812,2160.0,48.0,45.0,1916.6917
2026-05-27 10:35:16.332694000,454771.0196837783,696.2919921875,653.1326293945312,2160.0,48.0,45.0,1917.3327
2026-05-27 10:35:16.973728000,454389.4671222903,695.8314819335938,653.0165405273438,-1.0,-1.0,-1.0,1917.9737
2026-05-27 10:35:17.614762000,454275.82288208604,695.7432250976562,652.93603515625,-1.0,-1.0,-1.0,1918.6148
2026-05-27 10:35:18.255796000,454439.096742928,695.9932861328125,652.93603515625,-1.0,-1.0,-1.0,1919.2558
2026-05-27 10:35:18.896830000,454466.29322621226,696.0453491210938,652.92626953125,-1.0,-1.0,-1.0,1919.8968
2026-05-27 10:35:19.537864000,454508.261102099,695.9138793945312,653.1099243164062,-1.0,-1.0,-1.0,1920.5379
2026-05-27 10:35:20.178898000,454418.0199664235,695.9776611328125,652.92041015625,-1.0,-1.0,-1.0,1921.1789
2026-05-27 10:35:20.819932000,454240.4885142669,695.5222778320312,653.0926513671875,-1.0,-1.0,-1.0,1921.8199
2026-05-27 10:35:21.460965999,454281.26543551683,695.6137084960938,653.0654296875,-1.0,-1.0,-1.0,1922.461
2026-05-27 10:35:22.102000000,454418.0199664235,695.9776611328125,652.92041015625,-1.0,-1.0,-1.0,1923.102
2026-05-27 10:35:22.743034000,454227.2031214535,695.51123046875,653.0839233398438,-1.0,-1.0,-1.0,1923.743
2026-05-27 10:35:23.384068000,454316.28636316955,695.718505859375,653.0173950195312,-1.0,-1.0,-1.0,1924.3841
2026-05-27 10:35:24.025102000,454237.7966398001,695.6005859375,653.0152587890625,-1.0,-1.0,-1.0,1925.0251
2026-05-27 10:35:24.666136000,454501.6913330555,696.049072265625,652.9736328125,-1.0,-1.0,-1.0,1925.6661
2026-05-27 10:35:25.307170000,454233.4715729952,695.6383056640625,652.9736328125,-1.0,-1.0,-1.0,1926.3072
2026-05-27 10:35:25.948204000,454302.3041241467,695.629150390625,653.0811767578125,-1.0,-1.0,-1.0,1926.9482
2026-05-27 10:35:26.589238000,454242.59993524477,695.6412963867188,652.9839477539062,-1.0,-1.0,-1.0,1927.5892
2026-05-27 10:35:27.230272000,454515.77683751285,695.937744140625,653.0983276367188,-1.0,-1.0,-1.0,1928.2303
2026-05-27 10:35:27.871306000,454260.8502969146,695.6005859375,653.0484008789062,-1.0,-1.0,-1.0,1928.8713
2026-05-27 10:35:28.512340000,454439.30250419676,695.844970703125,653.0755004882812,-1.0,-1.0,-1.0,1929.5123
2026-05-27 10:35:29.153374000,454226.29103928804,695.6005859375,652.9987182617188,-1.0,-1.0,-1.0,1930.1534
2026-05-27 10:35:29.794408000,454324.6918016821,695.6867065429688,653.059326171875,-1.0,-1.0,-1.0,1930.7944
2026-05-27 10:35:30.435442000,454251.5445452407,695.5977783203125,653.0376586914062,-1.0,-1.0,-1.0,1931.4354
2026-05-27 10:35:31.076476000,454427.50873985887,696.0088500976562,652.90478515625,-1.0,-1.0,-1.0,1932.0765
2026-05-27 10:35:31.717510000,454233.4715729952,695.6383056640625,652.9736328125,2160.0,48.0,45.0,1932.7175
2026-05-27 10:35:32.358544000,454304.85091876984,695.6171875,653.0960693359375,2160.0,48.0,45.0,1933.3585
2026-05-27 10:35:32.999578000,454247.557034716,695.6644287109375,652.9693603515625,-1.0,-1.0,-1.0,1933.9996
2026-05-27 10:35:33.640612000,454278.3560824394,695.5712890625,653.10107421875,-1.0,-1.0,-1.0,1934.6406
2026-05-27 10:35:34.281646000,454247.81153106317,695.5867309570312,653.0426635742188,-1.0,-1.0,-1.0,1935.2816
2026-05-27 10:35:34.922680000,454354.16579671204,695.805908203125,652.9898071289062,-1.0,-1.0,-1.0,1935.9227
2026-05-27 10:35:35.563714000,454281.439134866,695.5606689453125,653.115478515625,-1.0,-1.0,-1.0,1936.5637
2026-05-27 10:35:36.204748000,454243.7173048407,695.5272216796875,653.0926513671875,-1.0,-1.0,-1.0,1937.2047
2026-05-27 10:35:36.845781999,454533.45524817705,696.0977172851562,652.9736328125,-1.0,-1.0,-1.0,1937.8458
2026-05-27 10:35:37.486816000,454315.0037853122,695.612060546875,653.115478515625,-1.0,-1.0,-1.0,1938.4868
2026-05-27 10:35:38.127850000,454482.17320651934,695.8862915039062,653.0983276367188,-1.0,-1.0,-1.0,1939.1278
2026-05-27 10:35:38.768884000,454253.9363748282,695.6412963867188,653.000244140625,-1.0,-1.0,-1.0,1939.7689
2026-05-27 10:35:39.409918000,454228.0022831261,695.6002807617188,653.00146484375,-1.0,-1.0,-1.0,1940.4099
2026-05-27 10:35:40.050952000,454427.4074523896,695.944091796875,652.9653930664062,-1.0,-1.0,-1.0,1941.051
2026-05-27 10:35:40.691986000,454563.1852755323,696.0525512695312,653.0587158203125,-1.0,-1.0,-1.0,1941.692
2026-05-27 10:35:41.333020000,454234.31457825005,695.5487060546875,653.0589599609375,-1.0,-1.0,-1.0,1942.333
2026-05-27 10:35:41.974054000,454428.8946173787,695.9776611328125,652.93603515625,-1.0,-1.0,-1.0,1942.9741
2026-05-27 10:35:42.615088000,454450.09479989856,696.0407104492188,652.9073486328125,-1.0,-1.0,-1.0,1943.6151
2026-05-27 10:35:43.256122000,454276.6092539951,695.6412963867188,653.0328369140625,-1.0,-1.0,-1.0,1944.2561
2026-05-27 10:35:43.897156000,454770.38606444,696.2879638671875,653.135498046875,-1.0,-1.0,-1.0,1944.8972
2026-05-27 10:35:44.538190000,454643.15916646644,696.4557495117188,652.7954711914062,-1.0,-1.0,-1.0,1945.5382
2026-05-27 10:35:45.179224000,454767.9947466105,696.2931518554688,653.127197265625,-1.0,-1.0,-1.0,1946.1792
2026-05-27 10:35:45.820258000,454670.71233958006,696.45751953125,652.8333740234375,-1.0,-1.0,-1.0,1946.8203
2026-05-27 10:35:46.461292000,454818.19636469334,696.2879638671875,653.2041625976562,-1.0,-1.0,-1.0,1947.4613
2026-05-27 10:35:47.102326000,454345.723229941,695.6325073242188,653.1404418945312,-1.0,-1.0,-1.0,1948.1023
2026-05-27 10:35:47.743360000,454311.7556860484,695.6544799804688,653.0709838867188,-1.0,-1.0,-1.0,1948.7434
2026-05-27 10:35:48.384394000,454336.5099175088,695.7092895507812,653.0551147460938,-1.0,-1.0,-1.0,1949.3844
2026-05-27 10:35:49.025428000,454829.3993901871,696.3051147460938,653.2041625976562,-1.0,-1.0,-1.0,1950.0254
2026-05-27 10:35:49.666462000,454495.5027109198,696.0507202148438,652.9631958007812,-1.0,-1.0,-1.0,1950.6665
2026-05-27 10:35:50.307496000,454682.5338503793,696.4700927734375,652.8385620117188,-1.0,-1.0,-1.0,1951.3075
2026-05-27 10:35:50.948530000,454484.7118855454,696.0507202148438,652.9476928710938,-1.0,-1.0,-1.0,1951.9485
2026-05-27 10:35:51.589564000,454494.1425231099,695.9776611328125,653.02978515625,-1.0,-1.0,-1.0,1952.5896
2026-05-27 10:35:52.230597999,454803.2059840858,696.3103637695312,653.16162109375,-1.0,-1.0,-1.0,1953.2306
2026-05-27 10:35:52.871632000,454423.4857390523,695.8314819335938,653.0654296875,-1.0,-1.0,-1.0,1953.8716
2026-05-27 10:35:53.512666000,454578.618326392,696.0977172851562,653.0385131835938,-1.0,-1.0,-1.0,1954.5127
2026-05-27 10:35:54.153700000,454757.4556888491,696.2586669921875,653.1444091796875,-1.0,-1.0,-1.0,1955.1537
2026-05-27 10:35:54.794734000,454779.97928450257,696.2931518554688,653.1444091796875,-1.0,-1.0,-1.0,1955.7947
2026-05-27 10:35:55.435768000,454778.1658523381,696.281005859375,653.1531982421875,-1.0,-1.0,-1.0,1956.4358
2026-05-27 10:35:56.076802000,454292.8166204691,695.693359375,653.0072631835938,-1.0,-1.0,-1.0,1957.0768
2026-05-27 10:35:56.717836000,454816.7168829404,696.2759399414062,653.2133178710938,-1.0,-1.0,-1.0,1957.7178
2026-05-27 10:35:57.358870000,454793.5301569812,696.3051147460938,653.1526489257812,-1.0,-1.0,-1.0,1958.3589
2026-05-27 10:35:57.999904000,454818.74526405334,696.2919921875,653.201171875,-1.0,-1.0,-1.0,1958.9999
2026-05-27 10:35:58.640938000,454804.7326412983,696.2759399414062,653.1961059570312,-1.0,-1.0,-1.0,1959.6409
2026-05-27 10:35:59.281972000,454563.4781367481,695.937744140625,653.1668701171875,-1.0,-1.0,-1.0,1960.282
2026-05-27 10:35:59.923006000,454851.2303194776,696.3103637695312,653.2305908203125,-1.0,-1.0,-1.0,1960.923
2026-05-27 10:36:00.564040000,454636.5489762351,696.0001220703125,653.2133178710938,-1.0,-1.0,-1.0,1961.564
2026-05-27 10:36:01.205074000,454815.97539654,696.2931518554688,653.1961059570312,-1.0,-1.0,-1.0,1962.2051
2026-05-27 10:36:01.846108000,454854.68365669996,696.3170166015625,653.2293090820312,-1.0,-1.0,-1.0,1962.8461
2026-05-27 10:36:02.487142000,454336.1585392803,695.5296630859375,653.2232666015625,-1.0,-1.0,-1.0,1963.4871
2026-05-27 10:36:03.128176000,454904.7278289087,696.4760131835938,653.1520385742188,-1.0,-1.0,-1.0,1964.1282
2026-05-27 10:36:03.769210000,454853.28387959674,696.3051147460938,653.2384643554688,4160.0,64.0,65.0,1964.7692
2026-05-27 10:36:04.410244000,454867.45513515174,696.4473876953125,653.1253662109375,4160.0,64.0,65.0,1965.4102
2026-05-27 10:36:05.051278000,454690.27912543714,696.086669921875,653.2092895507812,-1.0,-1.0,-1.0,1966.0513
2026-05-27 10:36:05.692312000,454878.96736288443,696.3915405273438,653.1942749023438,-1.0,-1.0,-1.0,1966.6923
2026-05-27 10:36:06.333346000,454863.9560464695,696.2931518554688,653.2650146484375,-1.0,-1.0,-1.0,1967.3333
2026-05-27 10:36:06.974380000,454876.0255810842,696.2931518554688,653.2823486328125,-1.0,-1.0,-1.0,1967.9744
2026-05-27 10:36:07.615413999,454875.1999877617,696.3103637695312,653.2650146484375,-1.0,-1.0,-1.0,1968.6154
2026-05-27 10:36:08.256448000,454548.0846476853,696.318115234375,652.7879638671875,-1.0,-1.0,-1.0,1969.2564
2026-05-27 10:36:08.897482000,454839.9869706854,696.2931518554688,653.2305908203125,-1.0,-1.0,-1.0,1969.8975
2026-05-27 10:36:09.538516000,454995.16312318295,697.0029907226562,652.7879638671875,-1.0,-1.0,-1.0,1970.5385
2026-05-27 10:36:10.179550000,454875.1999877617,696.3103637695312,653.2650146484375,-1.0,-1.0,-1.0,1971.1796
2026-05-27 10:36:10.820584000,454887.2698207274,696.3103637695312,653.2823486328125,-1.0,-1.0,-1.0,1971.8206
2026-05-27 10:36:11.461618000,454851.2303194776,696.3103637695312,653.2305908203125,-1.0,-1.0,-1.0,1972.4616
2026-05-27 10:36:12.102652000,454865.22612430155,696.3051147460938,653.255615234375,-1.0,-1.0,-1.0,1973.1027
2026-05-27 10:36:12.743686000,454887.2698207274,696.3103637695312,653.2823486328125,-1.0,-1.0,-1.0,1973.7437
2026-05-27 10:36:13.384720000,454877.21086809784,696.3051147460938,653.2728271484375,-1.0,-1.0,-1.0,1974.3847
2026-05-27 10:36:14.025754000,454624.922997728,696.1422729492188,653.063232421875,-1.0,-1.0,-1.0,1975.0258
2026-05-27 10:36:14.666788000,454888.01011897624,696.2931518554688,653.299560546875,-1.0,-1.0,-1.0,1975.6668
2026-05-27 10:36:15.307822000,454888.01011897624,696.2931518554688,653.299560546875,-1.0,-1.0,-1.0,1976.3078
2026-05-27 10:36:15.948856000,454866.0066649467,696.2879638671875,653.2728271484375,-1.0,-1.0,-1.0,1976.9489
2026-05-27 10:36:16.589890000,454864.781341441,696.2759399414062,653.2823486328125,-1.0,-1.0,-1.0,1977.5899
2026-05-27 10:36:17.230924000,454684.59439481795,696.0001220703125,653.2823486328125,-1.0,-1.0,-1.0,1978.2309
2026-05-27 10:36:17.871958000,454854.8024617955,696.2708129882812,653.2728271484375,-1.0,-1.0,-1.0,1978.872
2026-05-27 10:36:18.512992000,454865.6503095925,696.30908203125,653.2525024414062,-1.0,-1.0,-1.0,1979.513
2026-05-27 10:36:19.154026000,454634.41891795397,696.17333984375,653.0477294921875,-1.0,-1.0,-1.0,1980.154
2026-05-27 10:36:19.795060000,454853.67848423123,696.4925537109375,653.063232421875,-1.0,-1.0,-1.0,1980.7951
2026-05-27 10:36:20.436094000,454864.781341441,696.2759399414062,653.2823486328125,2160.0,48.0,45.0,1981.4361
2026-05-27 10:36:21.077128000,454655.3360376656,696.1888427734375,653.063232421875,2160.0,48.0,45.0,1982.0771
2026-05-27 10:36:21.718162000,454874.6354497075,696.281005859375,653.291748046875,-1.0,-1.0,-1.0,1982.7182
2026-05-27 10:36:22.359196000,454876.0255810842,696.2931518554688,653.2823486328125,-1.0,-1.0,-1.0,1983.3592
2026-05-27 10:36:23.000229999,454802.75527522713,696.3837280273438,653.0921630859375,-1.0,-1.0,-1.0,1984.0002
2026-05-27 10:36:23.641263999,454811.15665312856,696.4507446289062,653.0413818359375,-1.0,-1.0,-1.0,1984.6413
2026-05-27 10:36:24.282298000,454403.34014360607,695.6514892578125,653.2054443359375,-1.0,-1.0,-1.0,1985.2823
2026-05-27 10:36:24.923332000,454644.92463314906,696.1306762695312,653.1028442382812,-1.0,-1.0,-1.0,1985.9233
2026-05-27 10:36:25.564366000,454622.8904317096,696.1460571289062,653.0567626953125,-1.0,-1.0,-1.0,1986.5644
2026-05-27 10:36:26.205400000,454485.09491093457,695.6419677734375,653.3319091796875,-1.0,-1.0,-1.0,1987.2054
2026-05-27 10:36:26.846434000,454411.330080688,695.6142578125,653.2518920898438,-1.0,-1.0,-1.0,1987.8464
2026-05-27 10:36:27.487468000,454913.0376022123,696.3051147460938,653.3242797851562,-1.0,-1.0,-1.0,1988.4875
2026-05-27 10:36:28.128502000,454833.38983766735,696.4614868164062,653.063232421875,-1.0,-1.0,-1.0,1989.1285
2026-05-27 10:36:28.769536000,454590.9624503553,695.85205078125,653.2868041992188,-1.0,-1.0,-1.0,1989.7695
2026-05-27 10:36:29.410570000,454630.55579067767,696.155517578125,653.0588989257812,-1.0,-1.0,-1.0,1990.4106
2026-05-27 10:36:30.051604000,454420.60818397254,695.5655517578125,653.3109741210938,-1.0,-1.0,-1.0,1991.0516
2026-05-27 10:36:30.692638000,454368.98501551896,695.6676025390625,653.1409301757812,-1.0,-1.0,-1.0,1991.6926
2026-05-27 10:36:31.333672000,454667.50719901174,696.1578369140625,653.1098022460938,-1.0,-1.0,-1.0,1992.3337
2026-05-27 10:36:31.974706000,454886.6622761637,696.281005859375,653.3090209960938,-1.0,-1.0,-1.0,1992.9747
2026-05-27 10:36:32.615740000,454876.0255810842,696.2931518554688,653.2823486328125,-1.0,-1.0,-1.0,1993.6157
2026-05-27 10:36:33.256774000,454888.01011897624,696.2931518554688,653.299560546875,-1.0,-1.0,-1.0,1994.2568
2026-05-27 10:36:33.897808000,454336.5336060226,696.30908203125,652.4926147460938,-1.0,-1.0,-1.0,1994.8978
2026-05-27 10:36:34.538842000,454704.27735441923,695.948974609375,653.358642578125,-1.0,-1.0,-1.0,1995.5388
2026-05-27 10:36:35.179876000,454876.0255810842,696.2931518554688,653.2823486328125,-1.0,-1.0,-1.0,1996.1799
2026-05-27 10:36:35.820910000,454655.1924737692,696.16259765625,653.087646484375,-1.0,-1.0,-1.0,1996.8209
2026-05-27 10:36:36.461944000,454936.9645907134,696.3051147460938,653.358642578125,-1.0,-1.0,-1.0,1997.4619
2026-05-27 10:36:37.102978000,453998.4761157036,696.2249145507812,652.0859375,-1.0,-1.0,-1.0,1998.103
2026-05-27 10:36:37.744012000,454028.8540526703,696.1912841796875,652.1610717773438,2160.0,48.0,45.0,1998.744
2026-05-27 10:36:38.385045999,454277.4087462723,696.2879638671875,652.427490234375,2160.0,48.0,45.0,1999.385
2026-05-27 10:36:39.026079999,454300.6295407377,696.2759399414062,652.4721069335938,-1.0,-1.0,-1.0,2000.0261
2026-05-27 10:36:39.667114000,453982.22682829946,696.1578369140625,652.1254272460938,-1.0,-1.0,-1.0,2000.6671
2026-05-27 10:36:40.308148000,454922.8702483922,696.281005859375,653.3610229492188,-1.0,-1.0,-1.0,2001.3081
2026-05-27 10:36:40.949182000,454151.23240790516,696.4456787109375,652.0985717773438,-1.0,-1.0,-1.0,2001.9492
2026-05-27 10:36:41.590216000,454925.02234600857,696.3051147460938,653.3414916992188,-1.0,-1.0,-1.0,2002.5902
2026-05-27 10:36:42.231250000,454127.20573055744,696.0810546875,652.4056396484375,-1.0,-1.0,-1.0,2003.2312
2026-05-27 10:36:42.872284000,454913.0376022123,696.3051147460938,653.3242797851562,-1.0,-1.0,-1.0,2003.8723
2026-05-27 10:36:43.513318000,454216.56986000016,696.2759399414062,652.3513793945312,-1.0,-1.0,-1.0,2004.5133
2026-05-27 10:36:44.154352000,453958.90883779153,696.1460571289062,652.1029663085938,-1.0,-1.0,-1.0,2005.1544
2026-05-27 10:36:44.795386000,453987.6798578873,696.1710205078125,652.1209106445312,-1.0,-1.0,-1.0,2005.7954
2026-05-27 10:36:45.436420000,454300.54069585726,696.3051147460938,652.4446411132812,-1.0,-1.0,-1.0,2006.4364
2026-05-27 10:36:46.077454000,454036.87312848866,696.1422729492188,652.218505859375,-1.0,-1.0,-1.0,2007.0775
2026-05-27 10:36:46.718488000,453719.0252600387,695.6514892578125,652.2217407226562,-1.0,-1.0,-1.0,2007.7185
2026-05-27 10:36:47.359522000,453977.57007326186,696.155517578125,652.1209106445312,-1.0,-1.0,-1.0,2008.3595
2026-05-27 10:36:48.000556000,454657.3422210105,696.1422729492188,653.1098022460938,-1.0,-1.0,-1.0,2009.0006
2026-05-27 10:36:48.641590000,454053.03224362433,696.155517578125,652.2293090820312,-1.0,-1.0,-1.0,2009.6416
2026-05-27 10:36:49.282624000,453958.90883779153,696.1460571289062,652.1029663085938,-1.0,-1.0,-1.0,2010.2826
2026-05-27 10:36:49.923658000,453877.4937893264,696.2460327148438,651.8923950195312,-1.0,-1.0,-1.0,2010.9237
2026-05-27 10:36:50.564692000,453981.50329720974,696.0087890625,652.2640380859375,-1.0,-1.0,-1.0,2011.5647
2026-05-27 10:36:51.205726000,453662.43746227026,695.6590576171875,652.13330078125,-1.0,-1.0,-1.0,2012.2057
2026-05-27 10:36:51.846760000,453849.2374122143,695.95703125,652.1224975585938,-1.0,-1.0,-1.0,2012.8468
2026-05-27 10:36:52.487794000,453983.86618353426,696.0198364257812,652.257080078125,-1.0,-1.0,-1.0,2013.4878
2026-05-27 10:36:53.128828000,453980.862023294,696.0244140625,652.2484741210938,-1.0,-1.0,-1.0,2014.1288
2026-05-27 10:36:53.769861999,453777.2627034411,695.7242431640625,652.2372436523438,-1.0,-1.0,-1.0,2014.7699
2026-05-27 10:36:54.410895999,453869.244091589,696.0460815429688,652.0678100585938,-1.0,-1.0,-1.0,2015.4109
2026-05-27 10:36:55.051930000,453746.8483202532,695.6776123046875,652.2372436523438,-1.0,-1.0,-1.0,2016.0519
2026-05-27 10:36:55.692964000,453972.35709661245,696.0352783203125,652.22607421875,-1.0,-1.0,-1.0,2016.693
2026-05-27 10:36:56.333998000,453972.35709661245,696.0352783203125,652.22607421875,-1.0,-1.0,-1.0,2017.334
2026-05-27 10:36:56.975032000,453970.67064088583,696.0087890625,652.2484741210938,-1.0,-1.0,-1.0,2017.975
2026-05-27 10:36:57.616066000,454174.97790148854,696.33740234375,652.2340698242188,-1.0,-1.0,-1.0,2018.6161
2026-05-27 10:36:58.257100000,454001.24478811026,696.0556640625,652.2484741210938,-1.0,-1.0,-1.0,2019.2571
2026-05-27 10:36:58.898134000,454033.6901525222,696.1460571289062,652.2103881835938,-1.0,-1.0,-1.0,2019.8981
2026-05-27 10:36:59.539168000,453798.1602959335,695.73974609375,652.2527465820312,2156.0,49.0,44.0,2020.5392
2026-05-27 10:37:00.180202000,454152.6397649646,695.912353515625,652.600341796875,2156.0,49.0,44.0,2021.1802
2026-05-27 10:37:00.821236000,454157.76173605025,695.934326171875,652.5870971679688,-1.0,-1.0,-1.0,2021.8212
2026-05-27 10:37:01.462270000,454091.1425799206,695.9932861328125,652.4360961914062,-1.0,-1.0,-1.0,2022.4623
2026-05-27 10:37:02.103304000,454054.66113987565,695.8621826171875,652.506591796875,-1.0,-1.0,-1.0,2023.1033
2026-05-27 10:37:02.744338000,454133.058291398,695.8692016601562,652.6126708984375,-1.0,-1.0,-1.0,2023.7443
2026-05-27 10:37:03.385372000,454090.44560138136,695.5863647460938,652.8167724609375,-1.0,-1.0,-1.0,2024.3854
2026-05-27 10:37:04.026406000,454431.87520693615,696.2931518554688,652.6444702148438,-1.0,-1.0,-1.0,2025.0264
2026-05-27 10:37:04.667440000,453897.4442845993,695.9474487304688,652.2007446289062,-1.0,-1.0,-1.0,2025.6674
2026-05-27 10:37:05.308474000,453888.5320654698,695.6777954101562,652.4407348632812,-1.0,-1.0,-1.0,2026.3085
2026-05-27 10:37:05.949508000,454320.0566677563,696.3407592773438,652.4392700195312,-1.0,-1.0,-1.0,2026.9495
2026-05-27 10:37:06.590542000,453897.8927540593,695.9371948242188,652.2109985351562,-1.0,-1.0,-1.0,2027.5905
2026-05-27 10:37:07.231576000,454009.3733022697,695.9269409179688,652.3807983398438,-1.0,-1.0,-1.0,2028.2316
2026-05-27 10:37:07.872610000,454464.52318161726,696.3280029296875,652.65869140625,-1.0,-1.0,-1.0,2028.8726
2026-05-27 10:37:08.513644000,454636.824856624,696.3562622070312,652.879638671875,-1.0,-1.0,-1.0,2029.5136
2026-05-27 10:37:09.154677999,454681.02477595955,696.4306030273438,652.8734130859375,-1.0,-1.0,-1.0,2030.1547
2026-05-27 10:37:09.795711999,454672.9872994423,696.3681640625,652.92041015625,-1.0,-1.0,-1.0,2030.7957
2026-05-27 10:37:10.436746000,454233.00852528214,695.7276000976562,652.88916015625,-1.0,-1.0,-1.0,2031.4367
2026-05-27 10:37:11.077780000,454715.51897391677,696.4291381835938,652.92431640625,-1.0,-1.0,-1.0,2032.0778
2026-05-27 10:37:11.718814000,454445.3379721083,696.0298461914062,652.9107055664062,-1.0,-1.0,-1.0,2032.7188
2026-05-27 10:37:12.359848000,454442.34234344214,696.0352783203125,652.9013061523438,-1.0,-1.0,-1.0,2033.3598
2026-05-27 10:37:13.000882000,454489.28835988045,695.98583984375,653.01513671875,-1.0,-1.0,-1.0,2034.0009
2026-05-27 10:37:13.641916000,454435.17609284073,696.0142822265625,652.9107055664062,-1.0,-1.0,-1.0,2034.6419
2026-05-27 10:37:14.282950000,454410.0522168875,695.88037109375,653.000244140625,-1.0,-1.0,-1.0,2035.283
2026-05-27 10:37:14.923984000,454459.46114197373,696.0244750976562,652.93603515625,-1.0,-1.0,-1.0,2035.924
2026-05-27 10:37:15.565018000,454276.8958799988,695.5296630859375,653.1380615234375,-1.0,-1.0,-1.0,2036.565
2026-05-27 10:37:16.206052000,454986.5875572525,696.8588256835938,652.9107055664062,-1.0,-1.0,-1.0,2037.2061
2026-05-27 10:37:16.847086000,454231.1553009972,695.5441284179688,653.0587158203125,-1.0,-1.0,-1.0,2037.8471
2026-05-27 10:37:17.488120000,454224.1443685591,695.6807250976562,652.92041015625,-1.0,-1.0,-1.0,2038.4881
2026-05-27 10:37:18.129154000,454767.9947466105,696.2931518554688,653.127197265625,-1.0,-1.0,-1.0,2039.1292
2026-05-27 10:37:18.770188000,454779.23631580174,696.3103637695312,653.127197265625,-1.0,-1.0,-1.0,2039.7702
2026-05-27 10:37:19.411222000,454417.04545274377,695.92822265625,652.9653930664062,-1.0,-1.0,-1.0,2040.4112
2026-05-27 10:37:20.052256000,454623.70651490986,696.190185546875,653.0165405273438,-1.0,-1.0,-1.0,2041.0523
2026-05-27 10:37:20.693290000,454378.7854552455,695.8151245117188,653.0165405273438,-1.0,-1.0,-1.0,2041.6933
2026-05-27 10:37:21.334324000,454466.29322621226,696.0453491210938,652.92626953125,-1.0,-1.0,-1.0,2042.3343
2026-05-27 10:37:21.975358000,454779.97928450257,696.2931518554688,653.1444091796875,-1.0,-1.0,-1.0,2042.9754
2026-05-27 10:37:22.616392000,454473.96354373544,696.0507202148438,652.9322509765625,-1.0,-1.0,-1.0,2043.6164
2026-05-27 10:37:23.257426000,454273.7696439624,695.6142578125,653.0541381835938,-1.0,-1.0,-1.0,2044.2574
2026-05-27 10:37:23.898460000,454253.2077969909,695.5296630859375,653.10400390625,-1.0,-1.0,-1.0,2044.8985
2026-05-27 10:37:24.539493999,454456.8415764794,696.0142822265625,652.9418334960938,-1.0,-1.0,-1.0,2045.5395
2026-05-27 10:37:25.180527999,454582.4608915001,696.0923461914062,653.049072265625,-1.0,-1.0,-1.0,2046.1805
2026-05-27 10:37:25.821562000,454449.97163802385,695.9932861328125,652.95166015625,-1.0,-1.0,-1.0,2046.8216
2026-05-27 10:37:26.462596000,454338.963123858,695.647705078125,653.116455078125,-1.0,-1.0,-1.0,2047.4626
2026-05-27 10:37:27.103630000,454779.97928450257,696.2931518554688,653.1444091796875,-1.0,-1.0,-1.0,2048.1036
2026-05-27 10:37:27.744663999,454450.6439192891,695.9776611328125,652.96728515625,-1.0,-1.0,-1.0,2048.7447
2026-05-27 10:37:28.385698000,454489.21235791594,696.0142822265625,652.9883422851562,-1.0,-1.0,-1.0,2049.3857
2026-05-27 10:37:29.026731999,454498.7079357691,696.0453491210938,652.9728393554688,-1.0,-1.0,-1.0,2050.0267
2026-05-27 10:37:29.667766000,454578.0039578676,695.965576171875,653.16162109375,2204.2800277823117,44.13470458984375,49.94437026977539,2050.6678
2026-05-27 10:37:30.308799999,454506.2510527298,696.0507202148438,652.9786376953125,2204.2800277823117,44.13470458984375,49.94437026977539,2051.3088
2026-05-27 10:37:30.949834000,454434.82527797297,695.8314819335938,653.0817260742188,-1.0,-1.0,-1.0,2051.9498
2026-05-27 10:37:31.590867999,454439.78886269033,696.110107421875,652.8274536132812,-1.0,-1.0,-1.0,2052.5909
2026-05-27 10:37:32.231902000,454344.6278914958,695.6412963867188,653.130615234375,-1.0,-1.0,-1.0,2053.2319
2026-05-27 10:37:32.872935999,454322.3857309818,695.5321044921875,653.201171875,-1.0,-1.0,-1.0,2053.8729
2026-05-27 10:37:33.513970000,454414.4268093109,696.07470703125,652.82421875,-1.0,-1.0,-1.0,2054.514
2026-05-27 10:37:34.155004000,454301.1927093193,695.6383056640625,653.0709838867188,-1.0,-1.0,-1.0,2055.155
2026-05-27 10:37:34.796038000,454827.95993443206,696.2931518554688,653.2133178710938,-1.0,-1.0,-1.0,2055.796
2026-05-27 10:37:35.437072000,454445.62597225606,696.1008911132812,652.844482421875,-1.0,-1.0,-1.0,2056.4371
2026-05-27 10:37:36.078106000,454457.4267515391,695.9987182617188,652.957275390625,-1.0,-1.0,-1.0,2057.0781
2026-05-27 10:37:36.719140000,454851.97150857747,696.2931518554688,653.247802734375,-1.0,-1.0,-1.0,2057.7191
2026-05-27 10:37:37.360174000,454686.07482721657,696.4395751953125,652.8722534179688,-1.0,-1.0,-1.0,2058.3602
2026-05-27 10:37:38.001208000,454355.3114245087,695.6576538085938,653.130615234375,-1.0,-1.0,-1.0,2059.0012
2026-05-27 10:37:38.642242000,454752.40229681134,696.3471069335938,653.05419921875,-1.0,-1.0,-1.0,2059.6422
2026-05-27 10:37:39.283276000,454678.90847198665,696.2973022460938,652.995361328125,-1.0,-1.0,-1.0,2060.2833
2026-05-27 10:37:39.924309999,454391.39480345696,695.6077880859375,653.2293090820312,-1.0,-1.0,-1.0,2060.9243
2026-05-27 10:37:40.565344000,454862.56612563133,696.281005859375,653.2744140625,-1.0,-1.0,-1.0,2061.5653
2026-05-27 10:37:41.206377999,454802.3045004904,696.281005859375,653.1878662109375,-1.0,-1.0,-1.0,2062.2064
2026-05-27 10:37:41.847412000,454603.47794573754,695.9310913085938,653.2305908203125,-1.0,-1.0,-1.0,2062.8474
2026-05-27 10:37:42.488445999,454803.94836028665,696.2931518554688,653.1788330078125,-1.0,-1.0,-1.0,2063.4884
2026-05-27 10:37:43.129480000,454693.624086231,696.069091796875,653.2305908203125,-1.0,-1.0,-1.0,2064.1295
2026-05-27 10:37:43.770513999,454815.97539654,696.2931518554688,653.1961059570312,-1.0,-1.0,-1.0,2064.7705
2026-05-27 10:37:44.411548000,454757.4556888491,696.2586669921875,653.1444091796875,-1.0,-1.0,-1.0,2065.4115
2026-05-27 10:37:45.052581999,454827.95993443206,696.2931518554688,653.2133178710938,-1.0,-1.0,-1.0,2066.0526
2026-05-27 10:37:45.693616000,454803.2059840858,696.3103637695312,653.16162109375,-1.0,-1.0,-1.0,2066.6936
2026-05-27 10:37:46.334649999,454851.97150857747,696.2931518554688,653.247802734375,-1.0,-1.0,-1.0,2067.3346
2026-05-27 10:37:46.975684000,454840.7278635353,696.2759399414062,653.247802734375,-1.0,-1.0,-1.0,2067.9757
2026-05-27 10:37:47.616717999,454815.97539654,696.2931518554688,653.1961059570312,-1.0,-1.0,-1.0,2068.6167
2026-05-27 10:37:48.257752000,454528.62820869684,696.2064208984375,652.86474609375,-1.0,-1.0,-1.0,2069.2578
2026-05-27 10:37:48.898786000,454278.3999164589,695.5442504882812,653.1265258789062,2205.0,49.0,45.0,2069.8988
2026-05-27 10:37:49.539820000,454578.0039578676,695.965576171875,653.16162109375,2205.0,49.0,45.0,2070.5398
2026-05-27 10:37:50.180854000,454782.91920512915,696.2919921875,653.1497192382812,-1.0,-1.0,-1.0,2071.1809
2026-05-27 10:37:50.821888000,454626.73976799846,695.9483642578125,653.247802734375,-1.0,-1.0,-1.0,2071.8219
2026-05-27 10:37:51.462922000,454325.44262455776,695.5441284179688,653.1942749023438,-1.0,-1.0,-1.0,2072.4629
2026-05-27 10:37:52.103956000,454851.97150857747,696.2931518554688,653.247802734375,-1.0,-1.0,-1.0,2073.104
2026-05-27 10:37:52.744990000,454482.1512848735,696.119873046875,652.879150390625,-1.0,-1.0,-1.0,2073.745
2026-05-27 10:37:53.386024000,454827.95993443206,696.2931518554688,653.2133178710938,-1.0,-1.0,-1.0,2074.386
2026-05-27 10:37:54.027058000,454321.9550123289,695.6412963867188,653.0980224609375,-1.0,-1.0,-1.0,2075.0271
2026-05-27 10:37:54.668092000,454839.9869706854,696.2931518554688,653.2305908203125,-1.0,-1.0,-1.0,2075.6681
2026-05-27 10:37:55.309126000,454863.21515361965,696.3103637695312,653.247802734375,-1.0,-1.0,-1.0,2076.3091
2026-05-27 10:37:55.950159999,454697.0228610933,696.069091796875,653.2354736328125,-1.0,-1.0,-1.0,2076.9502
2026-05-27 10:37:56.591194000,454851.97150857747,696.2931518554688,653.247802734375,-1.0,-1.0,-1.0,2077.5912
2026-05-27 10:37:57.232227999,454869.875022009,696.4454956054688,653.130615234375,-1.0,-1.0,-1.0,2078.2322
2026-05-27 10:37:57.873262000,454871.7144125998,696.303466796875,653.2664794921875,-1.0,-1.0,-1.0,2078.8733
2026-05-27 10:37:58.514295999,454874.4587986618,696.3275756835938,653.247802734375,-1.0,-1.0,-1.0,2079.5143
2026-05-27 10:37:59.155330000,454853.28387959674,696.3051147460938,653.2384643554688,-1.0,-1.0,-1.0,2080.1553
2026-05-27 10:37:59.796363999,454851.97150857747,696.2931518554688,653.247802734375,-1.0,-1.0,-1.0,2080.7964
2026-05-27 10:38:00.437398000,454885.91972489655,696.2982788085938,653.291748046875,-1.0,-1.0,-1.0,2081.4374
2026-05-27 10:38:01.078431999,454865.22612430155,696.3051147460938,653.255615234375,-1.0,-1.0,-1.0,2082.0784
2026-05-27 10:38:01.719466000,454369.6685414426,695.6804809570312,653.1298217773438,-1.0,-1.0,-1.0,2082.7195
2026-05-27 10:38:02.360499999,454863.21515361965,696.3103637695312,653.247802734375,-1.0,-1.0,-1.0,2083.3605
2026-05-27 10:38:03.001534000,454864.4874933958,696.322265625,653.2384643554688,-1.0,-1.0,-1.0,2084.0015
2026-05-27 10:38:03.642567999,454864.4874933958,696.322265625,653.2384643554688,-1.0,-1.0,-1.0,2084.6426
2026-05-27 10:38:04.283602000,454899.6192744002,696.3394165039062,653.2728271484375,-1.0,-1.0,-1.0,2085.2836
2026-05-27 10:38:04.924636000,454565.33250921965,696.2105712890625,652.91357421875,-1.0,-1.0,-1.0,2085.9246
2026-05-27 10:38:05.565670000,454898.5140603706,696.3275756835938,653.2823486328125,-1.0,-1.0,-1.0,2086.5657
2026-05-27 10:38:06.206704000,454888.415071249,696.322265625,653.2728271484375,-1.0,-1.0,-1.0,2087.2067
2026-05-27 10:38:06.847738000,454888.415071249,696.322265625,653.2728271484375,2204.2800277823117,44.13470458984375,49.94437026977539,2087.8477
2026-05-27 10:38:07.488772000,454851.97150857747,696.2931518554688,653.247802734375,2204.2800277823117,44.13470458984375,49.94437026977539,2088.4888
2026-05-27 10:38:08.129806000,454876.43003225327,696.322265625,653.255615234375,-1.0,-1.0,-1.0,2089.1298
2026-05-27 10:38:08.770840000,454887.2698207274,696.3103637695312,653.2823486328125,-1.0,-1.0,-1.0,2089.7708
2026-05-27 10:38:09.411874000,454887.2698207274,696.3103637695312,653.2823486328125,-1.0,-1.0,-1.0,2090.4119
2026-05-27 10:38:10.052908000,454876.0255810842,696.2931518554688,653.2823486328125,-1.0,-1.0,-1.0,2091.0529
2026-05-27 10:38:10.693942000,454899.25465486944,696.3103637695312,653.299560546875,-1.0,-1.0,-1.0,2091.6939
2026-05-27 10:38:11.334976000,454509.3842762634,695.8707275390625,653.1520385742188,-1.0,-1.0,-1.0,2092.335
2026-05-27 10:38:11.976009999,454386.9629573822,695.6171875,653.214111328125,-1.0,-1.0,-1.0,2092.976
2026-05-27 10:38:12.617044000,454820.0540660955,696.3463745117188,653.1520385742188,-1.0,-1.0,-1.0,2093.617
2026-05-27 10:38:13.258077999,454887.2698207274,696.3103637695312,653.2823486328125,-1.0,-1.0,-1.0,2094.2581
2026-05-27 10:38:13.899112000,454499.7382866144,696.110107421875,652.91357421875,-1.0,-1.0,-1.0,2094.8991
2026-05-27 10:38:14.540145999,455122.2144680545,696.9114990234375,653.0559692382812,-1.0,-1.0,-1.0,2095.5401
2026-05-27 10:38:15.181180000,454887.2698207274,696.3103637695312,653.2823486328125,-1.0,-1.0,-1.0,2096.1812
2026-05-27 10:38:15.822213999,454910.49919076264,696.3275756835938,653.299560546875,-1.0,-1.0,-1.0,2096.8222
2026-05-27 10:38:16.463248000,454342.386405915,695.73974609375,653.0349731445312,-1.0,-1.0,-1.0,2097.4632
2026-05-27 10:38:17.104281999,454863.21515361965,696.3103637695312,653.247802734375,-1.0,-1.0,-1.0,2098.1043
2026-05-27 10:38:17.745316000,454368.98501551896,695.6676025390625,653.1409301757812,-1.0,-1.0,-1.0,2098.7453
2026-05-27 10:38:18.386349999,454371.73311555386,695.5296630859375,653.2744140625,-1.0,-1.0,-1.0,2099.3863
2026-05-27 10:38:19.027384000,454371.73311555386,695.5296630859375,653.2744140625,-1.0,-1.0,-1.0,2100.0274
2026-05-27 10:38:19.668418000,454914.56812318414,696.4617919921875,653.1795043945312,-1.0,-1.0,-1.0,2100.6684
2026-05-27 10:38:20.309452000,454687.16609221697,696.0125122070312,653.2744140625,-1.0,-1.0,-1.0,2101.3095
2026-05-27 10:38:20.950486000,454568.17248424515,696.0244750976562,653.0922241210938,-1.0,-1.0,-1.0,2101.9505
2026-05-27 10:38:21.591520000,454690.1134497076,696.130126953125,653.1682739257812,-1.0,-1.0,-1.0,2102.5915
2026-05-27 10:38:22.232554000,454390.0403541364,695.6707153320312,653.1682739257812,-1.0,-1.0,-1.0,2103.2326
2026-05-27 10:38:22.873588000,454916.0353618376,696.4760131835938,653.1682739257812,-1.0,-1.0,-1.0,2103.8736
2026-05-27 10:38:23.514622000,454916.0353618376,696.4760131835938,653.1682739257812,-1.0,-1.0,-1.0,2104.5146
2026-05-27 10:38:24.155656000,454936.5671986565,696.3262329101562,653.3382568359375,-1.0,-1.0,-1.0,2105.1557
2026-05-27 10:38:24.796690000,454900.73937795684,696.3262329101562,653.2868041992188,-1.0,-1.0,-1.0,2105.7967
2026-05-27 10:38:25.437724000,454240.32961961627,696.3512573242188,652.31494140625,-1.0,-1.0,-1.0,2106.4377
2026-05-27 10:38:26.078758000,454936.5671986565,696.3262329101562,653.3382568359375,-1.0,-1.0,-1.0,2107.0788
2026-05-27 10:38:26.719791999,454423.33166141063,695.6576538085938,653.2283935546875,-1.0,-1.0,-1.0,2107.7198
2026-05-27 10:38:27.360826000,454900.73937795684,696.3262329101562,653.2868041992188,-1.0,-1.0,-1.0,2108.3608
2026-05-27 10:38:28.001859999,454911.2819884233,696.3103637695312,653.3168334960938,-1.0,-1.0,-1.0,2109.0019
2026-05-27 10:38:28.642894000,454912.6819848567,696.3262329101562,653.303955078125,-1.0,-1.0,-1.0,2109.6429
2026-05-27 10:38:29.283927999,454888.01011897624,696.2931518554688,653.299560546875,-1.0,-1.0,-1.0,2110.2839
2026-05-27 10:38:29.924962000,454453.20395842195,697.00439453125,652.0090942382812,-1.0,-1.0,-1.0,2110.925
2026-05-27 10:38:30.565995999,454911.2819884233,696.3103637695312,653.3168334960938,-1.0,-1.0,-1.0,2111.566
2026-05-27 10:38:31.207030000,454876.76558308303,696.2759399414062,653.299560546875,-1.0,-1.0,-1.0,2112.207
2026-05-27 10:38:31.848063999,454935.2941561192,696.3103637695312,653.351318359375,-1.0,-1.0,-1.0,2112.8481
2026-05-27 10:38:32.489098000,453967.77365626395,696.1878662109375,652.0765380859375,-1.0,-1.0,-1.0,2113.4891
2026-05-27 10:38:33.130131999,454002.49754807353,696.16259765625,652.1500854492188,-1.0,-1.0,-1.0,2114.1301
2026-05-27 10:38:33.771166000,454675.5616014153,696.1937866210938,653.087646484375,-1.0,-1.0,-1.0,2114.7712
2026-05-27 10:38:34.412199999,454248.04190341383,696.5057373046875,652.1813354492188,-1.0,-1.0,-1.0,2115.4122
2026-05-27 10:38:35.053234000,454262.7972147614,696.281005859375,652.4130249023438,-1.0,-1.0,-1.0,2116.0532
2026-05-27 10:38:35.694268000,454250.7278906852,696.281005859375,652.3956909179688,-1.0,-1.0,-1.0,2116.6943
2026-05-27 10:38:36.335302000,454911.2819884233,696.3103637695312,653.3168334960938,-1.0,-1.0,-1.0,2117.3353
2026-05-27 10:38:36.976336000,454202.5355896205,696.281005859375,652.3264770507812,-1.0,-1.0,-1.0,2117.9763
2026-05-27 10:38:37.617370000,454900.0371552296,696.2931518554688,653.3168334960938,2068.0,47.0,44.0,2118.6174
2026-05-27 10:38:38.258404000,454275.0232935995,696.3103637695312,652.403076171875,2068.0,47.0,44.0,2119.2584
2026-05-27 10:38:38.899438000,453935.35822588205,696.2146606445312,652.0048828125,-1.0,-1.0,-1.0,2119.8994
2026-05-27 10:38:39.540472000,454024.8524522893,696.1576538085938,652.1868286132812,-1.0,-1.0,-1.0,2120.5405
2026-05-27 10:38:40.181506000,454336.9933747649,696.3170166015625,652.48583984375,-1.0,-1.0,-1.0,2121.1815
2026-05-27 10:38:40.822540000,454298.9626893699,696.281005859375,652.4649658203125,-1.0,-1.0,-1.0,2121.8225
2026-05-27 10:38:41.463574000,454073.93639912456,696.1710205078125,652.2448120117188,-1.0,-1.0,-1.0,2122.4636
2026-05-27 10:38:42.104608000,454347.10229609907,696.3103637695312,652.506591796875,-1.0,-1.0,-1.0,2123.1046
2026-05-27 10:38:42.745641999,453827.52671254054,695.9474487304688,652.1002807617188,-1.0,-1.0,-1.0,2123.7456
2026-05-27 10:38:43.386676000,453747.07692764327,695.5222778320312,652.3832397460938,-1.0,-1.0,-1.0,2124.3867
2026-05-27 10:38:44.027709999,454322.30230707675,696.2982788085938,652.4822998046875,-1.0,-1.0,-1.0,2125.0277
2026-05-27 10:38:44.668744000,453910.7265725322,696.2306518554688,651.9545288085938,-1.0,-1.0,-1.0,2125.6687
2026-05-27 10:38:45.309777999,453795.8103397563,695.5272216796875,652.4486694335938,-1.0,-1.0,-1.0,2126.3098
2026-05-27 10:38:45.950812000,453807.82412500307,695.6412963867188,652.3589477539062,-1.0,-1.0,-1.0,2126.9508
2026-05-27 10:38:46.591845999,454324.4251852669,696.3051147460938,652.4789428710938,-1.0,-1.0,-1.0,2127.5918
2026-05-27 10:38:47.232880000,454336.4099290632,696.3051147460938,652.4961547851562,-1.0,-1.0,-1.0,2128.2329
2026-05-27 10:38:47.873913999,454322.30230707675,696.2982788085938,652.4822998046875,-1.0,-1.0,-1.0,2128.8739
2026-05-27 10:38:48.514948000,454347.10229609907,696.3103637695312,652.506591796875,-1.0,-1.0,-1.0,2129.5149
2026-05-27 10:38:49.155981999,454335.0749625452,696.3103637695312,652.4893188476562,-1.0,-1.0,-1.0,2130.156
2026-05-27 10:38:49.797016000,454345.60002387315,696.3155517578125,652.4995727539062,-1.0,-1.0,-1.0,2130.797
2026-05-27 10:38:50.438050000,454334.3294318877,696.2982788085938,652.4995727539062,-1.0,-1.0,-1.0,2131.4381
2026-05-27 10:38:51.079084000,454323.0588399023,696.281005859375,652.4995727539062,-1.0,-1.0,-1.0,2132.0791
2026-05-27 10:38:51.720118000,453989.1230764389,696.2105712890625,652.0859375,-1.0,-1.0,-1.0,2132.7201
2026-05-27 10:38:52.361152000,454346.3990553729,696.2982788085938,652.5169067382812,-1.0,-1.0,-1.0,2133.3612
2026-05-27 10:38:53.002186000,454311.0320134461,696.281005859375,652.4822998046875,-1.0,-1.0,-1.0,2134.0022
2026-05-27 10:38:53.643220000,454431.1236333288,696.3103637695312,652.6272583007812,-1.0,-1.0,-1.0,2134.6432
2026-05-27 10:38:54.284254000,454430.84392109513,696.2982788085938,652.63818359375,-1.0,-1.0,-1.0,2135.2843
2026-05-27 10:38:54.925288000,454290.47718399763,696.0810546875,652.6401977539062,-1.0,-1.0,-1.0,2135.9253
2026-05-27 10:38:55.566322000,454537.8919751644,696.7607421875,652.358642578125,2112.0,48.0,44.0,2136.5663
2026-05-27 10:38:56.207356000,454275.412069615,695.8862915039062,652.8012084960938,2112.0,48.0,44.0,2137.2074
2026-05-27 10:38:56.848390000,454007.33295951784,695.9474487304688,652.358642578125,-1.0,-1.0,-1.0,2137.8484
2026-05-27 10:38:57.489423999,454547.2887427211,696.775146484375,652.358642578125,-1.0,-1.0,-1.0,2138.4894
2026-05-27 10:38:58.130458000,454743.2393139638,696.3103637695312,653.0755004882812,-1.0,-1.0,-1.0,2139.1305
2026-05-27 10:38:58.771491999,454722.47005462646,696.30908203125,653.046875,-1.0,-1.0,-1.0,2139.7715
2026-05-27 10:38:59.412526000,454743.2393139638,696.3103637695312,653.0755004882812,-1.0,-1.0,-1.0,2140.4125
2026-05-27 10:39:00.053559999,454743.2393139638,696.3103637695312,653.0755004882812,-1.0,-1.0,-1.0,2141.0536
2026-05-27 10:39:00.694594000,454552.6451199129,696.8698120117188,652.2777099609375,-1.0,-1.0,-1.0,2141.6946
2026-05-27 10:39:01.335627999,454569.0087834075,696.0435791015625,653.0755004882812,-1.0,-1.0,-1.0,2142.3356
2026-05-27 10:39:01.976662000,454242.2362533286,695.5610961914062,653.0587158203125,-1.0,-1.0,-1.0,2142.9767
2026-05-27 10:39:02.617695999,454959.513895452,697.03466796875,652.7071533203125,-1.0,-1.0,-1.0,2143.6177
2026-05-27 10:39:03.258730000,454755.22414810583,696.3103637695312,653.0927124023438,-1.0,-1.0,-1.0,2144.2587
2026-05-27 10:39:03.899763999,454531.12919154763,696.1456909179688,652.92529296875,-1.0,-1.0,-1.0,2144.8998
2026-05-27 10:39:04.540798000,454786.97142475843,696.303466796875,653.144775390625,-1.0,-1.0,-1.0,2145.5408
2026-05-27 10:39:05.181831999,454775.6099586338,696.2860717773438,653.144775390625,-1.0,-1.0,-1.0,2146.1818
2026-05-27 10:39:05.822866000,454540.27786004543,696.1650390625,652.9202880859375,-1.0,-1.0,-1.0,2146.8229
2026-05-27 10:39:06.463900000,454786.97142475843,696.303466796875,653.144775390625,-1.0,-1.0,-1.0,2147.4639
2026-05-27 10:39:07.104934000,454716.8939572759,696.4043579101562,652.9495239257812,-1.0,-1.0,-1.0,2148.1049
2026-05-27 10:39:07.745968000,454787.6793705225,696.2860717773438,653.162109375,-1.0,-1.0,-1.0,2148.746
2026-05-27 10:39:08.387002000,454490.52512709796,696.066650390625,652.9411010742188,-1.0,-1.0,-1.0,2149.387
2026-05-27 10:39:09.028036000,454800.7296163887,696.3155517578125,653.1531982421875,-1.0,-1.0,-1.0,2150.028
2026-05-27 10:39:09.669070000,454813.5869813338,696.2982788085938,653.1878662109375,-1.0,-1.0,-1.0,2150.6691
2026-05-27 10:39:10.310104000,454801.05047699064,696.5189208984375,652.9629516601562,-1.0,-1.0,-1.0,2151.3101
2026-05-27 10:39:10.951138000,454787.6793705225,696.2860717773438,653.162109375,-1.0,-1.0,-1.0,2151.9511
2026-05-27 10:39:11.592172000,454611.1121142581,696.0346069335938,653.1444091796875,-1.0,-1.0,-1.0,2152.5922
2026-05-27 10:39:12.233206000,454639.38455765694,696.2678833007812,652.9661865234375,-1.0,-1.0,-1.0,2153.2332
2026-05-27 10:39:12.874240000,454803.2059840858,696.3103637695312,653.16162109375,-1.0,-1.0,-1.0,2153.8742
2026-05-27 10:39:13.515273999,454806.38853900135,696.3341064453125,653.1439208984375,-1.0,-1.0,-1.0,2154.5153
2026-05-27 10:39:14.156308000,454779.97928450257,696.2931518554688,653.1444091796875,-1.0,-1.0,-1.0,2155.1563
2026-05-27 10:39:14.797341999,454782.18161836267,696.30908203125,653.1326293945312,-1.0,-1.0,-1.0,2155.7973
2026-05-27 10:39:15.438376000,454802.463015385,696.3275756835938,653.1444091796875,-1.0,-1.0,-1.0,2156.4384
2026-05-27 10:39:16.079409999,454789.4477343634,696.2982788085938,653.1531982421875,-1.0,-1.0,-1.0,2157.0794
2026-05-27 10:39:16.720444000,454422.61247062683,696.10546875,652.80712890625,-1.0,-1.0,-1.0,2157.7204
2026-05-27 10:39:17.361477999,454802.463015385,696.3275756835938,653.1444091796875,-1.0,-1.0,-1.0,2158.3615
2026-05-27 10:39:18.002512000,454281.8740371689,695.6033935546875,653.0759887695312,-1.0,-1.0,-1.0,2159.0025
2026-05-27 10:39:18.643545999,454815.1908182278,696.3103637695312,653.1788330078125,-1.0,-1.0,-1.0,2159.6435
2026-05-27 10:39:19.284580000,454792.7059023455,696.2759399414062,653.1788330078125,-1.0,-1.0,-1.0,2160.2846
2026-05-27 10:39:19.925613999,454824.0150999762,696.2860717773438,653.2142944335938,2112.0,48.0,44.0,2160.9256
2026-05-27 10:39:20.566648000,455017.94079173356,697.0208740234375,652.8038940429688,2112.0,48.0,44.0,2161.5666
2026-05-27 10:39:21.207681999,454836.1270097941,696.2860717773438,653.231689453125,-1.0,-1.0,-1.0,2162.2077
2026-05-27 10:39:21.848716000,454838.46997509897,696.281005859375,653.2398071289062,-1.0,-1.0,-1.0,2162.8487
2026-05-27 10:39:22.489750000,454836.1270097941,696.2860717773438,653.231689453125,-1.0,-1.0,-1.0,2163.4898
2026-05-27 10:39:23.130784000,454861.78047792614,696.2982788085938,653.257080078125,-1.0,-1.0,-1.0,2164.1308
2026-05-27 10:39:23.771818000,454860.3508294299,696.2860717773438,653.2664794921875,-1.0,-1.0,-1.0,2164.7718
2026-05-27 10:39:24.412852000,454871.7144125998,696.303466796875,653.2664794921875,-1.0,-1.0,-1.0,2165.4129
2026-05-27 10:39:25.053886000,454860.3508294299,696.2860717773438,653.2664794921875,-1.0,-1.0,-1.0,2166.0539
2026-05-27 10:39:25.694920000,454828.7436218932,696.2759399414062,653.2305908203125,-1.0,-1.0,-1.0,2166.6949
2026-05-27 10:39:26.335954000,454861.78047792614,696.2982788085938,653.257080078125,-1.0,-1.0,-1.0,2167.336
2026-05-27 10:39:26.976988000,454863.21515361965,696.3103637695312,653.247802734375,-1.0,-1.0,-1.0,2167.977
2026-05-27 10:39:27.618022000,454850.49680155516,696.281005859375,653.257080078125,-1.0,-1.0,-1.0,2168.618
2026-05-27 10:39:28.259055999,454860.3508294299,696.2860717773438,653.2664794921875,-1.0,-1.0,-1.0,2169.2591
2026-05-27 10:39:28.900090000,454850.49680155516,696.281005859375,653.257080078125,-1.0,-1.0,-1.0,2169.9001
2026-05-27 10:39:29.541123999,454863.21515361965,696.3103637695312,653.247802734375,-1.0,-1.0,-1.0,2170.5411
2026-05-27 10:39:30.182158000,455011.4065693617,697.002197265625,652.81201171875,-1.0,-1.0,-1.0,2171.1822
2026-05-27 10:39:30.823191999,454852.71210517734,696.2759399414062,653.2650146484375,-1.0,-1.0,-1.0,2171.8232
2026-05-27 10:39:31.464226000,454794.940904323,696.3884887695312,653.0764770507812,-1.0,-1.0,-1.0,2172.4642
2026-05-27 10:39:32.105259999,454885.91972489655,696.2982788085938,653.291748046875,-1.0,-1.0,-1.0,2173.1053
2026-05-27 10:39:32.746294000,454896.68655888364,696.2860717773438,653.3186645507812,-1.0,-1.0,-1.0,2173.7463
2026-05-27 10:39:33.387327999,454897.9468497075,696.2982788085938,653.3090209960938,-1.0,-1.0,-1.0,2174.3873
2026-05-27 10:39:34.028362000,454808.52506643534,696.394775390625,653.090087890625,-1.0,-1.0,-1.0,2175.0284
2026-05-27 10:39:34.669395999,454859.6022001952,696.303466796875,653.2490844726562,4160.0,64.0,65.0,2175.6694
2026-05-27 10:39:35.310430000,454779.25855731964,696.383544921875,653.05859375,4160.0,64.0,65.0,2176.3104
2026-05-27 10:39:35.951463999,454841.42829175293,696.2586669921875,653.2650146484375,-1.0,-1.0,-1.0,2176.9515
2026-05-27 10:39:36.592498000,453991.27171816304,696.1734008789062,652.1238403320312,-1.0,-1.0,-1.0,2177.5925
2026-05-27 10:39:37.233532000,454675.54721686244,696.1141357421875,653.162353515625,-1.0,-1.0,-1.0,2178.2335
2026-05-27 10:39:37.874566000,454609.71789322793,696.071044921875,653.1082153320312,-1.0,-1.0,-1.0,2178.8746
2026-05-27 10:39:38.515600000,454631.12846046686,696.0869140625,653.1240844726562,-1.0,-1.0,-1.0,2179.5156
2026-05-27 10:39:39.156634000,454851.2422771454,696.263671875,653.2744140625,-1.0,-1.0,-1.0,2180.1566
2026-05-27 10:39:39.797668000,454779.9405504018,696.3677978515625,653.0743408203125,-1.0,-1.0,-1.0,2180.7977
2026-05-27 10:39:40.438702000,454599.3536271155,696.05517578125,653.1082153320312,-1.0,-1.0,-1.0,2181.4387
2026-05-27 10:39:41.079736000,454644.35742357373,696.16259765625,653.0720825195312,-1.0,-1.0,-1.0,2182.0797
2026-05-27 10:39:41.720770000,454864.781341441,696.2759399414062,653.2823486328125,-1.0,-1.0,-1.0,2182.7208
2026-05-27 10:39:42.361804000,454784.49247044325,696.36279296875,653.0855712890625,-1.0,-1.0,-1.0,2183.3618
2026-05-27 10:39:43.002838000,454545.13036410883,696.0130004882812,653.0698852539062,-1.0,-1.0,-1.0,2184.0028
2026-05-27 10:39:43.643872000,454593.3282912895,696.0846557617188,653.0718994140625,-1.0,-1.0,-1.0,2184.6439
2026-05-27 10:39:44.284905999,454556.0480485037,696.0130004882812,653.0855712890625,-1.0,-1.0,-1.0,2185.2849
2026-05-27 10:39:44.925940000,454577.94381536543,696.039306640625,653.0923461914062,-1.0,-1.0,-1.0,2185.9259
2026-05-27 10:39:45.566973999,454631.10571343824,696.0349731445312,653.1727905273438,-1.0,-1.0,-1.0,2186.567
2026-05-27 10:39:46.208008000,454600.4548717141,695.9421997070312,653.2158203125,-1.0,-1.0,-1.0,2187.208
2026-05-27 10:39:46.849041999,454498.81998853013,695.8545532226562,653.1520385742188,-1.0,-1.0,-1.0,2187.849
2026-05-27 10:39:47.490076000,454884.57464906573,696.2860717773438,653.30126953125,-1.0,-1.0,-1.0,2188.4901
2026-05-27 10:39:48.131109999,454827.4073441513,696.4043579101562,653.1082153320312,-1.0,-1.0,-1.0,2189.1311
2026-05-27 10:39:48.772144000,454897.9468497075,696.2982788085938,653.3090209960938,-1.0,-1.0,-1.0,2189.7721
2026-05-27 10:39:49.413177999,454677.1691534519,696.0773315429688,653.19921875,4160.0,64.0,65.0,2190.4132
2026-05-27 10:39:50.054212000,454589.5140977651,696.066650390625,653.0833129882812,4160.0,64.0,65.0,2191.0542
2026-05-27 10:39:50.695245999,454676.0929940343,696.01416015625,653.2569580078125,-1.0,-1.0,-1.0,2191.6952
2026-05-27 10:39:51.336280000,454604.61635507643,696.0414428710938,653.128662109375,-1.0,-1.0,-1.0,2192.3363
2026-05-27 10:39:51.977313999,454675.71904312447,696.1891479492188,653.0922241210938,-1.0,-1.0,-1.0,2192.9773
2026-05-27 10:39:52.618348000,454406.9609921798,695.5670166015625,653.2899780273438,-1.0,-1.0,-1.0,2193.6183
2026-05-27 10:39:53.259382000,454983.38228948414,696.600341796875,653.1483764648438,-1.0,-1.0,-1.0,2194.2594
2026-05-27 10:39:53.900416000,454262.9959600456,696.3103637695312,652.3858032226562,-1.0,-1.0,-1.0,2194.9004
2026-05-27 10:39:54.541450000,454753.7118061185,696.1768188476562,653.2158203125,-1.0,-1.0,-1.0,2195.5414
2026-05-27 10:39:55.182484000,454899.25465486944,696.3103637695312,653.299560546875,-1.0,-1.0,-1.0,2196.1825
2026-05-27 10:39:55.823518000,454709.1864556521,696.0648193359375,653.2569580078125,-1.0,-1.0,-1.0,2196.8235
2026-05-27 10:39:56.464552000,454654.5218145065,696.1781616210938,653.0720825195312,-1.0,-1.0,-1.0,2197.4646
2026-05-27 10:39:57.105586000,454530.8955370262,695.9219360351562,653.1348876953125,-1.0,-1.0,-1.0,2198.1056
2026-05-27 10:39:57.746620000,454897.9468497075,696.2982788085938,653.3090209960938,-1.0,-1.0,-1.0,2198.7466
2026-05-27 10:39:58.387654000,454655.1924737692,696.16259765625,653.087646484375,-1.0,-1.0,-1.0,2199.3877
2026-05-27 10:39:59.028688000,454547.010438323,696.0087890625,653.0765380859375,-1.0,-1.0,-1.0,2200.0287
2026-05-27 10:39:59.669722000,454681.42234139144,696.089111328125,653.1942749023438,-1.0,-1.0,-1.0,2200.6697
2026-05-27 10:40:00.310756000,454578.6250948906,696.0234375,653.1082153320312,-1.0,-1.0,-1.0,2201.3108
2026-05-27 10:40:00.951790000,454853.49722860754,696.2586669921875,653.2823486328125,-1.0,-1.0,-1.0,2201.9518
2026-05-27 10:40:01.592824000,454670.578295812,696.072509765625,653.1942749023438,-1.0,-1.0,-1.0,2202.5928
2026-05-27 10:40:02.233858000,454644.35742357373,696.16259765625,653.0720825195312,-1.0,-1.0,-1.0,2203.2339
2026-05-27 10:40:02.874892000,454828.09416489676,696.3884887695312,653.1240844726562,-1.0,-1.0,-1.0,2203.8749
2026-05-27 10:40:03.515926000,454759.19296878204,696.2064819335938,653.1958618164062,-1.0,-1.0,-1.0,2204.5159
2026-05-27 10:40:04.156960000,454835.6307150051,696.4097900390625,653.1149291992188,-1.0,-1.0,-1.0,2205.157
2026-05-27 10:40:04.797994000,454024.15979264304,696.1734008789062,652.1710815429688,-1.0,-1.0,-1.0,2205.798
2026-05-27 10:40:05.439028000,454843.7954209149,696.4391479492188,653.09912109375,-1.0,-1.0,-1.0,2206.439
2026-05-27 10:40:06.080062000,454642.53447983414,696.1141357421875,653.1149291992188,-1.0,-1.0,-1.0,2207.0801
2026-05-27 10:40:06.721096000,454685.094708018,696.2249755859375,653.0720825195312,-1.0,-1.0,-1.0,2207.7211
2026-05-27 10:40:07.362130000,454861.2474254705,696.3884887695312,653.1716918945312,4096.0,64.0,64.0,2208.3621
2026-05-27 10:40:08.003164000,454697.9054755792,696.1781616210938,653.1343994140625,4096.0,64.0,64.0,2209.0032
2026-05-27 10:40:08.644198000,454719.6635693908,696.1246948242188,653.2158203125,-1.0,-1.0,-1.0,2209.6442
2026-05-27 10:40:09.285232000,454882.98967789114,696.462646484375,653.1333618164062,-1.0,-1.0,-1.0,2210.2852
2026-05-27 10:40:09.926266000,453786.0164442286,695.5633544921875,652.4006958007812,-1.0,-1.0,-1.0,2210.9263
2026-05-27 10:40:10.567300000,454882.0876532793,696.38818359375,653.201904296875,-1.0,-1.0,-1.0,2211.5673
2026-05-27 10:40:11.208334000,454687.13743845373,696.0310668945312,653.2569580078125,-1.0,-1.0,-1.0,2212.2083
2026-05-27 10:40:11.849368000,454725.08782088757,696.0247802734375,653.3173828125,-1.0,-1.0,-1.0,2212.8494
2026-05-27 10:40:12.490402000,454275.0232935995,696.3103637695312,652.403076171875,-1.0,-1.0,-1.0,2213.4904
2026-05-27 10:40:13.131436000,454250.7278906852,696.281005859375,652.3956909179688,-1.0,-1.0,-1.0,2214.1314
2026-05-27 10:40:13.772470000,454057.53489584103,696.0187377929688,652.3639526367188,-1.0,-1.0,-1.0,2214.7725
2026-05-27 10:40:14.413504000,454251.76715166494,696.2931518554688,652.3858032226562,-1.0,-1.0,-1.0,2215.4135
2026-05-27 10:40:15.054538000,454593.0743865967,696.83203125,652.37109375,-1.0,-1.0,-1.0,2216.0545
2026-05-27 10:40:15.695572000,453828.0304178931,695.9165649414062,652.1299438476562,-1.0,-1.0,-1.0,2216.6956
2026-05-27 10:40:16.336606000,454116.58019347116,695.9719848632812,652.4926147460938,-1.0,-1.0,-1.0,2217.3366
2026-05-27 10:40:16.977640000,454546.7609871626,696.6661376953125,652.4599609375,-1.0,-1.0,-1.0,2217.9776
2026-05-27 10:40:17.618674000,454109.8164611757,696.01904296875,652.4387817382812,-1.0,-1.0,-1.0,2218.6187
2026-05-27 10:40:18.259708000,454107.64810777456,696.0862426757812,652.3726806640625,-1.0,-1.0,-1.0,2219.2597
2026-05-27 10:40:18.900742000,454159.23459352925,696.0519409179688,652.4789428710938,-1.0,-1.0,-1.0,2219.9007
2026-05-27 10:40:19.541776000,454336.24401474,696.3341064453125,652.46875,-1.0,-1.0,-1.0,2220.5418
2026-05-27 10:40:20.182810000,453970.8646965176,695.801513671875,652.4430541992188,-1.0,-1.0,-1.0,2221.1828
2026-05-27 10:40:20.823844000,454289.90266513824,696.2724609375,652.4599609375,-1.0,-1.0,-1.0,2221.8238
2026-05-27 10:40:21.464878000,454099.3098078966,695.9803466796875,652.4599609375,-1.0,-1.0,-1.0,2222.4649
2026-05-27 10:40:22.105912000,454131.84814958274,696.1565551757812,652.341552734375,-1.0,-1.0,-1.0,2223.1059
2026-05-27 10:40:22.746945999,454308.71314269304,696.3909301757812,652.3759765625,-1.0,-1.0,-1.0,2223.7469
2026-05-27 10:40:23.387980000,454482.18602687493,696.6033325195312,652.4260864257812,-1.0,-1.0,-1.0,2224.388
2026-05-27 10:40:24.029014000,454077.0380606204,696.0059814453125,652.4039306640625,-1.0,-1.0,-1.0,2225.029
2026-05-27 10:40:24.670048000,454132.4027172923,696.0310668945312,652.4599609375,4096.0,64.0,64.0,2225.67
2026-05-27 10:40:25.311082000,454203.2363235131,696.1817016601562,652.4205322265625,4096.0,64.0,64.0,2226.3111
2026-05-27 10:40:25.952116000,454406.25550242513,696.5888061523438,652.3306884765625,-1.0,-1.0,-1.0,2226.9521
2026-05-27 10:40:26.593150000,454253.6937316656,696.3170166015625,652.3662109375,-1.0,-1.0,-1.0,2227.5932
2026-05-27 10:40:27.234184000,454253.02241545916,696.30908203125,652.3726806640625,-1.0,-1.0,-1.0,2228.2342
2026-05-27 10:40:27.875218000,454537.0717728697,696.8289184570312,652.2936401367188,-1.0,-1.0,-1.0,2228.8752
2026-05-27 10:40:28.516252000,454119.5511942506,695.9837646484375,652.48583984375,-1.0,-1.0,-1.0,2229.5163
2026-05-27 10:40:29.157286000,454229.566833023,696.3784790039062,652.2739868164062,-1.0,-1.0,-1.0,2230.1573
2026-05-27 10:40:29.798320000,454077.4821806252,696.05517578125,652.3584594726562,-1.0,-1.0,-1.0,2230.7983
2026-05-27 10:40:30.439354000,454284.4494096041,696.4360961914062,652.298828125,-1.0,-1.0,-1.0,2231.4394
2026-05-27 10:40:31.080388000,454389.50076074153,696.5639038085938,652.3299560546875,-1.0,-1.0,-1.0,2232.0804
2026-05-27 10:40:31.721422000,454443.10846747085,696.3103637695312,652.6444702148438,-1.0,-1.0,-1.0,2232.7214
2026-05-27 10:40:32.362456000,454478.32212563604,696.4642333984375,652.5508422851562,-1.0,-1.0,-1.0,2233.3625
2026-05-27 10:40:33.003490000,454186.5022919178,696.1504516601562,652.42578125,-1.0,-1.0,-1.0,2234.0035
2026-05-27 10:40:33.644524000,454700.1852995753,697.009521484375,652.358642578125,-1.0,-1.0,-1.0,2234.6445
2026-05-27 10:40:34.285558000,454481.10052412376,696.4096069335938,652.6060180664062,-1.0,-1.0,-1.0,2235.2856
2026-05-27 10:40:34.926592000,454291.8845191598,696.0525512695312,652.6689453125,-1.0,-1.0,-1.0,2235.9266
2026-05-27 10:40:35.567626000,454645.2175119519,696.4923095703125,652.76416015625,-1.0,-1.0,-1.0,2236.5676
2026-05-27 10:40:36.208660000,454555.19910624996,696.5712280273438,652.5609741210938,-1.0,-1.0,-1.0,2237.2087
2026-05-27 10:40:36.849694000,455010.1846672185,697.2156372070312,652.6104125976562,-1.0,-1.0,-1.0,2237.8497
2026-05-27 10:40:37.490728000,454538.83542846143,696.738525390625,652.3807983398438,-1.0,-1.0,-1.0,2238.4907
2026-05-27 10:40:38.131762000,454725.03876858205,696.5189208984375,652.8538208007812,-1.0,-1.0,-1.0,2239.1318
2026-05-27 10:40:38.772796000,454680.8887775615,696.6009521484375,652.7135620117188,-1.0,-1.0,-1.0,2239.7728
2026-05-27 10:40:39.413830000,454567.92574249953,696.0648193359375,653.0540161132812,-1.0,-1.0,-1.0,2240.4138
2026-05-27 10:40:40.054864000,454947.2438208014,697.0532836914062,652.672119140625,-1.0,-1.0,-1.0,2241.0549
2026-05-27 10:40:40.695898000,454764.60484716296,696.3155517578125,653.101318359375,-1.0,-1.0,-1.0,2241.6959
2026-05-27 10:40:41.336932000,454576.7292084694,696.1484375,652.9882202148438,-1.0,-1.0,-1.0,2242.3369
2026-05-27 10:40:41.977966000,454514.4140453674,696.5087280273438,652.5609741210938,-1.0,-1.0,-1.0,2242.978
2026-05-27 10:40:42.619000000,454557.1337046325,696.7785034179688,652.36962890625,-1.0,-1.0,-1.0,2243.619
2026-05-27 10:40:43.260034000,454468.8173257187,695.9135131835938,653.0535888671875,-1.0,-1.0,-1.0,2244.26
2026-05-27 10:40:43.901068000,454755.22414810583,696.3103637695312,653.0927124023438,-1.0,-1.0,-1.0,2244.9011
2026-05-27 10:40:44.542102000,454514.72067430615,696.068115234375,652.9744873046875,-1.0,-1.0,-1.0,2245.5421
2026-05-27 10:40:45.183136000,454554.4267296791,696.0546875,653.0441284179688,-1.0,-1.0,-1.0,2246.1831
2026-05-27 10:40:45.824170000,454791.9638223946,696.2931518554688,653.16162109375,-1.0,-1.0,-1.0,2246.8242
2026-05-27 10:40:46.465204000,454727.996029295,696.2687377929688,653.0926513671875,-1.0,-1.0,-1.0,2247.4652
2026-05-27 10:40:47.106238000,454355.0003945716,696.1537475585938,652.6647338867188,-1.0,-1.0,-1.0,2248.1062
2026-05-27 10:40:47.747272000,454810.4029058218,696.3208618164062,653.162109375,-1.0,-1.0,-1.0,2248.7473
2026-05-27 10:40:48.388306000,454786.97142475843,696.303466796875,653.144775390625,-1.0,-1.0,-1.0,2249.3883
2026-05-27 10:40:49.029340000,454471.7184724398,695.8626098632812,653.1055297851562,-1.0,-1.0,-1.0,2250.0293
2026-05-27 10:40:49.670374000,454742.0428753495,696.281005859375,653.101318359375,-1.0,-1.0,-1.0,2250.6704
2026-05-27 10:40:50.311408000,454535.163632378,696.1781616210938,652.900634765625,-1.0,-1.0,-1.0,2251.3114
2026-05-27 10:40:50.952442000,455066.2901274562,696.949951171875,652.939697265625,-1.0,-1.0,-1.0,2251.9524
2026-05-27 10:40:51.593476000,454800.0661419332,696.3328857421875,653.135986328125,-1.0,-1.0,-1.0,2252.5935
2026-05-27 10:40:52.234510000,454730.5843985714,696.2727661132812,653.0925903320312,-1.0,-1.0,-1.0,2253.2345
2026-05-27 10:40:52.875544000,454774.8592123538,696.303466796875,653.1273803710938,-1.0,-1.0,-1.0,2253.8755
2026-05-27 10:40:53.516577999,454778.45025413856,696.3275756835938,653.1099243164062,-1.0,-1.0,-1.0,2254.5166
2026-05-27 10:40:54.157612000,454592.7487841621,696.1178588867188,653.0399169921875,-1.0,-1.0,-1.0,2255.1576
2026-05-27 10:40:54.798646000,454753.32386125624,696.2982788085938,653.101318359375,-1.0,-1.0,-1.0,2255.7986
2026-05-27 10:40:55.439680000,454847.8340709284,696.4754028320312,653.0709228515625,-1.0,-1.0,-1.0,2256.4397
2026-05-27 10:40:56.080714000,454492.7401787862,695.9360961914062,653.0667724609375,-1.0,-1.0,-1.0,2257.0807
2026-05-27 10:40:56.721748000,454570.1669726148,696.2274780273438,652.9046630859375,-1.0,-1.0,-1.0,2257.7217
2026-05-27 10:40:57.362782000,454983.70343055576,696.6964721679688,653.0587158203125,-1.0,-1.0,-1.0,2258.3628
2026-05-27 10:40:58.003816000,455031.4335104227,696.78662109375,653.042724609375,-1.0,-1.0,-1.0,2259.0038
2026-05-27 10:40:58.644850000,454718.09822653234,696.418701171875,652.9378051757812,-1.0,-1.0,-1.0,2259.6448
2026-05-27 10:40:59.285884000,454637.2770515792,696.1681518554688,653.0567016601562,-1.0,-1.0,-1.0,2260.2859
2026-05-27 10:40:59.926918000,455018.62379129604,696.7897338867188,653.0214233398438,-1.0,-1.0,-1.0,2260.9269
2026-05-27 10:41:00.567952000,454696.56363241374,696.4202880859375,652.9053955078125,-1.0,-1.0,-1.0,2261.568
2026-05-27 10:41:01.208986000,454773.70435893536,696.40185546875,653.033447265625,-1.0,-1.0,-1.0,2262.209
2026-05-27 10:41:01.850020000,454978.6402243078,696.83544921875,652.9212036132812,-1.0,-1.0,-1.0,2262.85
2026-05-27 10:41:02.491054000,454406.2051469162,696.0948486328125,652.7935180664062,-1.0,-1.0,-1.0,2263.4911
2026-05-27 10:41:03.132088000,454554.01657741517,696.1056518554688,652.9957275390625,-1.0,-1.0,-1.0,2264.1321
2026-05-27 10:41:03.773122000,454762.7894989401,696.303466796875,653.1100463867188,-1.0,-1.0,-1.0,2264.7731
2026-05-27 10:41:04.414156000,454767.20898224786,696.3103637695312,653.1099243164062,-1.0,-1.0,-1.0,2265.4142
2026-05-27 10:41:05.055190000,455224.65945314616,697.1820068359375,652.9495239257812,-1.0,-1.0,-1.0,2266.0552
2026-05-27 10:41:05.696224000,454638.0402416736,696.1514282226562,653.073486328125,-1.0,-1.0,-1.0,2266.6962
2026-05-27 10:41:06.337258000,454264.3293800652,695.5466918945312,653.10400390625,-1.0,-1.0,-1.0,2267.3373
2026-05-27 10:41:06.978292000,454755.96771035716,696.2931518554688,653.1099243164062,-1.0,-1.0,-1.0,2267.9783
2026-05-27 10:41:07.619326000,455478.9535960108,697.3347778320312,653.171142578125,-1.0,-1.0,-1.0,2268.6193
2026-05-27 10:41:08.260360000,454814.448145777,696.3275756835938,653.16162109375,-1.0,-1.0,-1.0,2269.2604
2026-05-27 10:41:08.901394000,454744.667670466,696.4254760742188,652.9696044921875,-1.0,-1.0,-1.0,2269.9014
2026-05-27 10:41:09.542428000,454706.581599541,696.2410888671875,653.0878295898438,-1.0,-1.0,-1.0,2270.5424
2026-05-27 10:41:10.183462000,454942.32683493197,696.6224365234375,653.0687255859375,-1.0,-1.0,-1.0,2271.1835
2026-05-27 10:41:10.824496000,455288.0836656019,697.2181396484375,653.0066528320312,-1.0,-1.0,-1.0,2271.8245
2026-05-27 10:41:11.465530000,454948.8863195181,696.5517578125,653.1444091796875,4096.0,64.0,64.0,2272.4655
2026-05-27 10:41:12.106564000,454751.10464662313,696.18310546875,653.2061767578125,4096.0,64.0,64.0,2273.1066
2026-05-27 10:41:12.747598000,455102.3009582944,696.9765014648438,652.9664916992188,-1.0,-1.0,-1.0,2273.7476
2026-05-27 10:41:13.388632000,455184.9078575112,696.8580932617188,653.1959838867188,-1.0,-1.0,-1.0,2274.3886
2026-05-27 10:41:14.029666000,454913.39041784406,696.33544921875,653.2963256835938,-1.0,-1.0,-1.0,2275.0297
2026-05-27 10:41:14.670700000,455222.0553690195,696.885986328125,653.22314453125,-1.0,-1.0,-1.0,2275.6707
2026-05-27 10:41:15.311734000,455402.8397708349,697.2416381835938,653.1492309570312,-1.0,-1.0,-1.0,2276.3117
2026-05-27 10:41:15.952768000,455049.9603896588,696.5493774414062,653.291748046875,-1.0,-1.0,-1.0,2276.9528
2026-05-27 10:41:16.593802000,454225.07079384476,696.3155517578125,652.3264770507812,-1.0,-1.0,-1.0,2277.5938
2026-05-27 10:41:17.234836000,454563.57052850723,696.818359375,652.341552734375,-1.0,-1.0,-1.0,2278.2348
2026-05-27 10:41:17.875870000,455172.90082879364,696.7578735351562,653.272705078125,-1.0,-1.0,-1.0,2278.8759
2026-05-27 10:41:18.516904000,454253.42334476113,696.222412109375,652.4544677734375,-1.0,-1.0,-1.0,2279.5169
2026-05-27 10:41:19.157938000,454523.5621523708,696.7271728515625,652.3695068359375,-1.0,-1.0,-1.0,2280.1579
2026-05-27 10:41:19.798972000,454240.3303587958,696.3106689453125,652.3529663085938,-1.0,-1.0,-1.0,2280.799
2026-05-27 10:41:20.440006000,454501.6718514189,696.5307006835938,652.5220947265625,-1.0,-1.0,-1.0,2281.44
2026-05-27 10:41:21.081040000,454993.1411237642,697.2894287109375,652.5169067382812,-1.0,-1.0,-1.0,2282.081
2026-05-27 10:41:21.722074000,455095.1857415885,697.285888671875,652.6665649414062,-1.0,-1.0,-1.0,2282.7221
2026-05-27 10:41:22.363108000,454771.00287918,696.8719482421875,652.5890502929688,-1.0,-1.0,-1.0,2283.3631
2026-05-27 10:41:23.004142000,454901.045201011,697.1810913085938,652.4862060546875,-1.0,-1.0,-1.0,2284.0041
2026-05-27 10:41:23.645176000,454913.97765912116,696.885986328125,652.7810668945312,-1.0,-1.0,-1.0,2284.6452
2026-05-27 10:41:24.286209999,454804.00632496923,696.3528442382812,653.1229248046875,-1.0,-1.0,-1.0,2285.2862
2026-05-27 10:41:24.927244000,455312.2321026325,697.319580078125,652.9462890625,-1.0,-1.0,-1.0,2285.9272
2026-05-27 10:41:25.568278000,454830.4225936271,696.3936157226562,653.1226196289062,-1.0,-1.0,-1.0,2286.5683
2026-05-27 10:41:26.209312000,455079.9675906077,696.8719482421875,653.0324096679688,-1.0,-1.0,-1.0,2287.2093
2026-05-27 10:41:26.850346000,455060.12477076054,696.7275390625,653.1392822265625,-1.0,-1.0,-1.0,2287.8503
2026-05-27 10:41:27.491380000,455469.2978526056,697.3760375976562,653.11865234375,-1.0,-1.0,-1.0,2288.4914
2026-05-27 10:41:28.132414000,455057.7333160192,696.703369140625,653.1585083007812,-1.0,-1.0,-1.0,2289.1324
2026-05-27 10:41:28.773448000,454918.39150581136,696.4628295898438,653.1840209960938,-1.0,-1.0,-1.0,2289.7734
2026-05-27 10:41:29.414482000,455546.0539789349,697.3728637695312,653.231689453125,-1.0,-1.0,-1.0,2290.4145
2026-05-27 10:41:30.055516000,454971.6501422301,696.5120849609375,653.2142944335938,-1.0,-1.0,-1.0,2291.0555
2026-05-27 10:41:30.696550000,455039.48994755745,696.5653686523438,653.26171875,-1.0,-1.0,-1.0,2291.6966
2026-05-27 10:41:31.337584000,455509.25616905093,697.2894287109375,653.257080078125,-1.0,-1.0,-1.0,2292.3376
2026-05-27 10:41:31.978618000,455513.9236109331,697.1841430664062,653.3624267578125,-1.0,-1.0,-1.0,2292.9786
2026-05-27 10:41:32.619652000,455571.0825369358,697.35546875,653.2838745117188,-1.0,-1.0,-1.0,2293.6197
2026-05-27 10:41:33.260686000,455074.96004135907,696.582763671875,653.2963256835938,-1.0,-1.0,-1.0,2294.2607
2026-05-27 10:41:33.901720000,455571.0825369358,697.35546875,653.2838745117188,-1.0,-1.0,-1.0,2294.9017
2026-05-27 10:41:34.542754000,455605.9414256215,697.3902587890625,653.30126953125,-1.0,-1.0,-1.0,2295.5428
2026-05-27 10:41:35.183788000,455546.0264499001,697.3223266601562,653.2789916992188,-1.0,-1.0,-1.0,2296.1838
2026-05-27 10:41:35.824822000,455067.07417201996,696.546875,653.3186645507812,-1.0,-1.0,-1.0,2296.8248
2026-05-27 10:41:36.465856000,455223.73009696975,696.8104858398438,653.2963256835938,-1.0,-1.0,-1.0,2297.4659
2026-05-27 10:41:37.106890000,455524.86127542704,697.3032836914062,653.2664794921875,-1.0,-1.0,-1.0,2298.1069
2026-05-27 10:41:37.747924000,455232.98798266053,696.8995971679688,653.22607421875,-1.0,-1.0,-1.0,2298.7479
2026-05-27 10:41:38.388958000,455269.93564819917,696.8374633789062,653.3373413085938,-1.0,-1.0,-1.0,2299.389
2026-05-27 10:41:39.029992000,455646.9200104326,697.285888671875,653.4578247070312,-1.0,-1.0,-1.0,2300.03
2026-05-27 10:41:39.671026000,455590.77181551605,697.3587646484375,653.3090209960938,-1.0,-1.0,-1.0,2300.671
2026-05-27 10:41:40.312059999,455606.70805186406,697.3728637695312,653.3186645507812,-1.0,-1.0,-1.0,2301.3121
2026-05-27 10:41:40.953094000,455641.52588709816,697.4076538085938,653.3359985351562,-1.0,-1.0,-1.0,2301.9531
2026-05-27 10:41:41.594128000,455661.45714780316,697.2561645507812,653.5065307617188,-1.0,-1.0,-1.0,2302.5941
2026-05-27 10:41:42.235162000,455686.56585978344,697.2561645507812,653.5425415039062,-1.0,-1.0,-1.0,2303.2352
2026-05-27 10:41:42.876196000,455702.2255522795,697.4076538085938,653.4230346679688,-1.0,-1.0,-1.0,2303.8762
2026-05-27 10:41:43.517230000,455727.2525973469,697.3902587890625,653.4752197265625,-1.0,-1.0,-1.0,2304.5172
2026-05-27 10:41:44.158264000,455509.9871151149,697.230224609375,653.3135986328125,-1.0,-1.0,-1.0,2305.1583
2026-05-27 10:41:44.799298000,455660.6690952182,697.274169921875,653.488525390625,-1.0,-1.0,-1.0,2305.7993
2026-05-27 10:41:45.440332000,455745.3513394855,697.3696899414062,653.5204467773438,-1.0,-1.0,-1.0,2306.4403
2026-05-27 10:41:46.081366000,454482.31016961485,696.5455932617188,652.4803466796875,-1.0,-1.0,-1.0,2307.0814
2026-05-27 10:41:46.722400000,455231.3951176405,696.60009765625,653.504638671875,-1.0,-1.0,-1.0,2307.7224
2026-05-27 10:41:47.363434000,455151.9279192388,697.274169921875,652.7589111328125,-1.0,-1.0,-1.0,2308.3634
2026-05-27 10:41:48.004468000,455535.22966615856,697.4395751953125,653.1536865234375,-1.0,-1.0,-1.0,2309.0045
2026-05-27 10:41:48.645502000,455559.57875289023,697.4395751953125,653.1885986328125,-1.0,-1.0,-1.0,2309.6455
2026-05-27 10:41:49.286536000,455178.42507747933,696.8721313476562,653.1735229492188,-1.0,-1.0,-1.0,2310.2865
2026-05-27 10:41:49.927570000,455510.42997694016,697.35546875,653.1968994140625,-1.0,-1.0,-1.0,2310.9276
2026-05-27 10:41:50.568604000,455202.58421875164,696.8721313476562,653.2081909179688,-1.0,-1.0,-1.0,2311.5686
2026-05-27 10:41:51.209638000,455124.3181173876,696.7172241210938,653.2410888671875,-1.0,-1.0,-1.0,2312.2096
2026-05-27 10:41:51.850672000,455536.7346936241,697.4046020507812,653.1885986328125,-1.0,-1.0,-1.0,2312.8507
2026-05-27 10:41:52.491706000,455499.5615263656,697.3712158203125,653.1665649414062,-1.0,-1.0,-1.0,2313.4917
2026-05-27 10:41:53.132740000,455595.37311434746,697.45703125,653.2235717773438,-1.0,-1.0,-1.0,2314.1327
2026-05-27 10:41:53.773774000,455203.3407883458,696.8547973632812,653.2255249023438,-1.0,-1.0,-1.0,2314.7738
2026-05-27 10:41:54.414808000,455573.2008802742,697.353759765625,653.2885131835938,-1.0,-1.0,-1.0,2315.4148
2026-05-27 10:41:55.055842000,455558.9520249367,697.35546875,653.2664794921875,-1.0,-1.0,-1.0,2316.0558
2026-05-27 10:41:55.696876000,455502.7176860869,697.33251953125,653.2073364257812,-1.0,-1.0,-1.0,2316.6969
2026-05-27 10:41:56.337910000,455604.4063576162,697.425048828125,653.2664794921875,-1.0,-1.0,-1.0,2317.3379
2026-05-27 10:41:56.978944000,455652.89067955315,697.425048828125,653.3359985351562,-1.0,-1.0,-1.0,2317.9789
2026-05-27 10:41:57.619978000,455598.60025357455,697.2561645507812,653.4163818359375,-1.0,-1.0,-1.0,2318.62
2026-05-27 10:41:58.261012000,455710.9303741902,697.274169921875,653.5606079101562,-1.0,-1.0,-1.0,2319.261
2026-05-27 10:41:58.902046000,455317.5057607703,696.7172241210938,653.5183715820312,-1.0,-1.0,-1.0,2319.902
2026-05-27 10:41:59.543080000,455863.1941728294,697.2381591796875,653.812744140625,-1.0,-1.0,-1.0,2320.5431
2026-05-27 10:42:00.184114000,455862.24143593013,697.2816162109375,653.7706298828125,-1.0,-1.0,-1.0,2321.1841
2026-05-27 10:42:00.825148000,455370.6313926503,696.5546264648438,653.7471923828125,-1.0,-1.0,-1.0,2321.8251
2026-05-27 10:42:01.466182000,455463.8562874496,697.353759765625,653.1317138671875,-1.0,-1.0,-1.0,2322.4662
2026-05-27 10:42:02.107216000,455144.68837771565,696.8353271484375,653.1596069335938,-1.0,-1.0,-1.0,2323.1072
2026-05-27 10:42:02.748250000,455171.41982628405,696.8299560546875,653.2030029296875,-1.0,-1.0,-1.0,2323.7482
2026-05-27 10:42:03.389284000,455409.80076446757,697.3652954101562,653.0433959960938,-1.0,-1.0,-1.0,2324.3893
2026-05-27 10:42:04.030318000,455177.2364445776,696.8905639648438,653.154541015625,-1.0,-1.0,-1.0,2325.0303
2026-05-27 10:42:04.671352000,455469.75927289575,697.2421264648438,653.2447509765625,-1.0,-1.0,-1.0,2325.6714
2026-05-27 10:42:05.312386000,455193.91227185726,696.849609375,653.2168579101562,-1.0,-1.0,-1.0,2326.3124
2026-05-27 10:42:05.953420000,455252.0563036278,696.8700561523438,653.2811279296875,-1.0,-1.0,-1.0,2326.9534
2026-05-27 10:42:06.594454000,455206.71816081926,696.8163452148438,653.2664184570312,-1.0,-1.0,-1.0,2327.5945
2026-05-27 10:42:07.235488000,455554.55790983513,697.2890014648438,653.3224487304688,-1.0,-1.0,-1.0,2328.2355
2026-05-27 10:42:07.876522000,455254.40352113545,696.833740234375,653.3185424804688,-1.0,-1.0,-1.0,2328.8765
2026-05-27 10:42:08.517556000,455505.6058723703,697.2669677734375,653.2728881835938,-1.0,-1.0,-1.0,2329.5176
2026-05-27 10:42:09.158590000,455179.1424469277,696.6433715820312,653.3890380859375,-1.0,-1.0,-1.0,2330.1586
2026-05-27 10:42:09.799624000,455567.16129202396,697.2161254882812,653.4088134765625,-1.0,-1.0,-1.0,2330.7996
2026-05-27 10:42:10.440658000,455597.5044079125,697.353759765625,653.3233642578125,-1.0,-1.0,-1.0,2331.4407
2026-05-27 10:42:11.081691999,455660.6690952182,697.274169921875,653.488525390625,-1.0,-1.0,-1.0,2332.0817
2026-05-27 10:42:11.722726000,455289.7049689293,696.76611328125,653.4326171875,-1.0,-1.0,-1.0,2332.7227
2026-05-27 10:42:12.363760000,455590.0712747872,697.1661376953125,653.488525390625,-1.0,-1.0,-1.0,2333.3638
2026-05-27 10:42:13.004794000,455817.0814316124,697.3363647460938,653.654541015625,-1.0,-1.0,-1.0,2334.0048
2026-05-27 10:42:13.645828000,455733.65425812826,697.3102416992188,653.5593872070312,-1.0,-1.0,-1.0,2334.6458
2026-05-27 10:42:14.286862000,455763.5587215498,697.3067016601562,653.6055908203125,-1.0,-1.0,-1.0,2335.2869
2026-05-27 10:42:14.927896000,455492.40854008496,696.8396606445312,653.654541015625,-1.0,-1.0,-1.0,2335.9279
2026-05-27 10:42:15.568930000,455859.84887637943,697.4076538085938,653.6490478515625,-1.0,-1.0,-1.0,2336.5689
2026-05-27 10:42:16.209964000,455826.04268402606,697.2890014648438,653.7117919921875,-1.0,-1.0,-1.0,2337.21
2026-05-27 10:42:16.850998000,455497.9241364971,696.8320922851562,653.6695556640625,-1.0,-1.0,-1.0,2337.851
2026-05-27 10:42:17.492032000,455427.9190787673,696.629638671875,653.759033203125,-1.0,-1.0,-1.0,2338.492
2026-05-27 10:42:18.133066000,455866.3631433472,697.3189086914062,653.7415771484375,-1.0,-1.0,-1.0,2339.1331
2026-05-27 10:42:18.774100000,455711.34526792914,696.5826416015625,654.2100219726562,-1.0,-1.0,-1.0,2339.7741
2026-05-27 10:42:19.415134000,455826.7045986578,696.8516845703125,654.1229858398438,-1.0,-1.0,-1.0,2340.4151
2026-05-27 10:42:20.056168000,455966.85930526257,697.1751708984375,654.0205078125,-1.0,-1.0,-1.0,2341.0562
2026-05-27 10:42:20.697202000,455418.3316037804,697.2840576171875,653.1317138671875,-1.0,-1.0,-1.0,2341.6972
2026-05-27 10:42:21.338236000,454969.09215563536,696.558349609375,653.167236328125,-1.0,-1.0,-1.0,2342.3382
2026-05-27 10:42:21.979270000,455052.86215108633,696.650146484375,653.201416015625,-1.0,-1.0,-1.0,2342.9793
2026-05-27 10:42:22.620304000,455211.70069213584,696.8873901367188,653.2069702148438,-1.0,-1.0,-1.0,2343.6203
2026-05-27 10:42:23.261338000,455510.71976164356,697.2561645507812,653.2903442382812,-1.0,-1.0,-1.0,2344.2613
2026-05-27 10:42:23.902372000,455514.0008847378,697.3189086914062,653.2362670898438,-1.0,-1.0,-1.0,2344.9024
2026-05-27 10:42:24.543406000,455547.2014903575,697.3120727539062,653.290283203125,-1.0,-1.0,-1.0,2345.5434
2026-05-27 10:42:25.184440000,455593.9107108861,697.3648071289062,653.307861328125,-1.0,-1.0,-1.0,2346.1844
2026-05-27 10:42:25.825474000,455609.8208570592,697.4046020507812,653.2933959960938,-1.0,-1.0,-1.0,2346.8255
2026-05-27 10:42:26.466508000,455442.8322549127,697.2031860351562,653.2426147460938,-1.0,-1.0,-1.0,2347.4665
2026-05-27 10:42:27.107542000,455277.9721579328,696.8511962890625,653.3359985351562,-1.0,-1.0,-1.0,2348.1075
2026-05-27 10:42:27.748576000,455359.8469810188,696.8698120117188,653.43603515625,-1.0,-1.0,-1.0,2348.7486
2026-05-27 10:42:28.389610000,455659.1656726599,697.327880859375,653.43603515625,-1.0,-1.0,-1.0,2349.3896
2026-05-27 10:42:29.030644000,455421.8900090456,696.869140625,653.5256958007812,-1.0,-1.0,-1.0,2350.0306
2026-05-27 10:42:29.671678000,456148.95187565684,697.353759765625,654.1141357421875,-1.0,-1.0,-1.0,2350.6717
2026-05-27 10:42:30.312712000,455977.5740774609,697.3522338867188,653.8698120117188,-1.0,-1.0,-1.0,2351.3127
2026-05-27 10:42:30.953746000,455645.6897858344,696.5558471679688,654.1409301757812,-1.0,-1.0,-1.0,2351.9537
2026-05-27 10:42:31.594780000,456121.37738192454,697.2787475585938,654.1449584960938,-1.0,-1.0,-1.0,2352.5948
2026-05-27 10:42:32.235814000,456175.4494763464,697.3522338867188,654.153564453125,-1.0,-1.0,-1.0,2353.2358
2026-05-27 10:42:32.876848000,456062.8776843734,697.2852172851562,654.0549926757812,-1.0,-1.0,-1.0,2353.8768
2026-05-27 10:42:33.517882000,456175.4494763464,697.3522338867188,654.153564453125,-1.0,-1.0,-1.0,2354.5179
2026-05-27 10:42:34.158916000,454959.87963576615,696.5394287109375,653.1717529296875,-1.0,-1.0,-1.0,2355.1589
2026-05-27 10:42:34.799950000,455855.2684662752,696.9187622070312,654.1010131835938,-1.0,-1.0,-1.0,2355.8
2026-05-27 10:42:35.440984000,455248.5356823616,696.8873901367188,653.2598266601562,-1.0,-1.0,-1.0,2356.441
2026-05-27 10:42:36.082018000,456225.6929587014,697.2280883789062,654.3421020507812,-1.0,-1.0,-1.0,2357.082
2026-05-27 10:42:36.723052000,455879.2168432437,696.8320922851562,654.2167358398438,-1.0,-1.0,-1.0,2357.7231
2026-05-27 10:42:37.364086000,455240.7323387638,696.8527221679688,653.2811279296875,-1.0,-1.0,-1.0,2358.3641
2026-05-27 10:42:38.005120000,455537.4516768381,697.2201538085938,653.3624267578125,-1.0,-1.0,-1.0,2359.0051
2026-05-27 10:42:38.646154000,455238.05466006696,696.706787109375,653.4141235351562,-1.0,-1.0,-1.0,2359.6462
2026-05-27 10:42:39.287188000,455637.13648840785,697.2381591796875,653.488525390625,-1.0,-1.0,-1.0,2360.2872
2026-05-27 10:42:39.928222000,455551.9663657993,697.2840576171875,653.3233642578125,-1.0,-1.0,-1.0,2360.9282
2026-05-27 10:42:40.569256000,455551.31294777244,697.2669677734375,653.3384399414062,-1.0,-1.0,-1.0,2361.5693
2026-05-27 10:42:41.210290000,455679.49293937907,697.3728637695312,653.4230346679688,-1.0,-1.0,-1.0,2362.2103
2026-05-27 10:42:41.851323999,455264.1278633177,696.8516845703125,653.315673828125,-1.0,-1.0,-1.0,2362.8513
2026-05-27 10:42:42.492358000,455434.78954880685,697.1198120117188,653.3092041015625,-1.0,-1.0,-1.0,2363.4924
2026-05-27 10:42:43.133392000,455227.9279243946,696.7275390625,653.380126953125,-1.0,-1.0,-1.0,2364.1334
2026-05-27 10:42:43.774426000,455186.02900743484,696.59912109375,653.4404296875,-1.0,-1.0,-1.0,2364.7744
2026-05-27 10:42:44.415460000,455728.7366297245,697.35546875,653.5099487304688,-1.0,-1.0,-1.0,2365.4155
2026-05-27 10:42:45.056494000,455120.950383693,696.5042114257812,653.43603515625,-1.0,-1.0,-1.0,2366.0565
2026-05-27 10:42:45.697528000,455672.31139881536,697.3696899414062,653.4157104492188,-1.0,-1.0,-1.0,2366.6975
2026-05-27 10:42:46.338562000,455312.683242023,696.540771484375,653.677001953125,-1.0,-1.0,-1.0,2367.3386
2026-05-27 10:42:46.979596000,455274.60881062225,696.5661010742188,653.5985717773438,-1.0,-1.0,-1.0,2367.9796
2026-05-27 10:42:47.620630000,455217.59582331777,696.5394287109375,653.541748046875,-1.0,-1.0,-1.0,2368.6206
2026-05-27 10:42:48.261664000,455839.86199453473,697.3712158203125,653.654541015625,-1.0,-1.0,-1.0,2369.2617
2026-05-27 10:42:48.902698000,455254.59955688566,696.6131591796875,653.5256958007812,-1.0,-1.0,-1.0,2369.9027
2026-05-27 10:42:49.543732000,455267.49297119677,696.5911865234375,653.5648193359375,-1.0,-1.0,-1.0,2370.5437
2026-05-27 10:42:50.184766000,455430.8922826052,696.67529296875,653.720458984375,-1.0,-1.0,-1.0,2371.1848
2026-05-27 10:42:50.825800000,455593.56271894276,696.9517211914062,653.694580078125,-1.0,-1.0,-1.0,2371.8258
2026-05-27 10:42:51.466834000,455573.48527052253,696.8097534179688,653.7989501953125,-1.0,-1.0,-1.0,2372.4668
2026-05-27 10:42:52.107868000,456064.5833855495,697.1617431640625,654.1732788085938,-1.0,-1.0,-1.0,2373.1079
2026-05-27 10:42:52.748902000,455662.6099511981,696.8577270507812,653.8818359375,-1.0,-1.0,-1.0,2373.7489
2026-05-27 10:42:53.389936000,456159.9299253337,697.3380737304688,654.1445922851562,-1.0,-1.0,-1.0,2374.3899
2026-05-27 10:42:54.030970000,455975.6915302016,696.9575805664062,654.2373657226562,-1.0,-1.0,-1.0,2375.031
2026-05-27 10:42:54.672004000,456070.21672486514,697.1672973632812,654.1761474609375,-1.0,-1.0,-1.0,2375.672
2026-05-27 10:42:55.313038000,455847.55772497505,696.8792724609375,654.1270141601562,-1.0,-1.0,-1.0,2376.313
2026-05-27 10:42:55.954072000,456111.13770885766,697.1348876953125,654.2652587890625,-1.0,-1.0,-1.0,2376.9541
2026-05-27 10:42:56.595106000,455876.7279673368,696.663330078125,654.3716430664062,-1.0,-1.0,-1.0,2377.5951
2026-05-27 10:42:57.236140000,455829.26672715694,696.5850830078125,654.3770141601562,-1.0,-1.0,-1.0,2378.2361
2026-05-27 10:42:57.877174000,455679.25561641157,696.523193359375,654.2197875976562,-1.0,-1.0,-1.0,2378.8772
2026-05-27 10:42:58.518208000,454998.2204240747,696.5042114257812,653.2598266601562,-1.0,-1.0,-1.0,2379.5182
2026-05-27 10:42:59.159242000,455233.996065259,696.6600341796875,653.4521484375,-1.0,-1.0,-1.0,2380.1592
2026-05-27 10:42:59.800276000,455475.0993972644,697.1029052734375,653.3828735351562,-1.0,-1.0,-1.0,2380.8003
2026-05-27 10:43:00.441310000,455163.27467056364,696.5401611328125,653.4630737304688,-1.0,-1.0,-1.0,2381.4413
2026-05-27 10:43:01.082344000,455877.82378551364,696.5577392578125,654.472412109375,-1.0,-1.0,-1.0,2382.0823
2026-05-27 10:43:01.723378000,454991.5905631371,696.3463745117188,653.3983764648438,-1.0,-1.0,-1.0,2382.7234
2026-05-27 10:43:02.364412000,455160.53055882454,696.547607421875,653.4521484375,-1.0,-1.0,-1.0,2383.3644
2026-05-27 10:43:03.005446000,455894.6533841491,696.5791015625,654.4765014648438,-1.0,-1.0,-1.0,2384.0054
2026-05-27 10:43:03.646480000,454985.85990057886,696.4528198242188,653.290283203125,-1.0,-1.0,-1.0,2384.6465
2026-05-27 10:43:04.287514000,455907.4299601838,696.6189575195312,654.4573974609375,-1.0,-1.0,-1.0,2385.2875
2026-05-27 10:43:04.928548000,455908.550473284,696.6417846679688,654.4375610351562,-1.0,-1.0,-1.0,2385.9285
2026-05-27 10:43:05.569582000,455829.5519229993,696.5601806640625,654.4008178710938,-1.0,-1.0,-1.0,2386.5696
2026-05-27 10:43:06.210616000,455510.58480770513,697.2611694335938,653.2854614257812,-1.0,-1.0,-1.0,2387.2106
2026-05-27 10:43:06.851650000,455024.3123899102,696.468994140625,653.330322265625,-1.0,-1.0,-1.0,2387.8516
2026-05-27 10:43:07.492684000,455071.55624364316,696.4528198242188,653.413330078125,-1.0,-1.0,-1.0,2388.4927
2026-05-27 10:43:08.133718000,455039.1660812311,696.4675903320312,653.3529663085938,-1.0,-1.0,-1.0,2389.1337
2026-05-27 10:43:08.774752000,455255.2899180874,696.6365966796875,653.5046997070312,-1.0,-1.0,-1.0,2389.7748
2026-05-27 10:43:09.415786000,455039.1660812311,696.4675903320312,653.3529663085938,-1.0,-1.0,-1.0,2390.4158
2026-05-27 10:43:10.056820000,455353.08897793293,696.84619140625,653.448486328125,-1.0,-1.0,-1.0,2391.0568
2026-05-27 10:43:10.697854000,455410.45924811065,696.8345336914062,653.541748046875,-1.0,-1.0,-1.0,2391.6979
2026-05-27 10:43:11.338888000,455118.2568489164,696.5055541992188,653.430908203125,-1.0,-1.0,-1.0,2392.3389
2026-05-27 10:43:11.979922000,455086.4120776355,696.4513549804688,653.43603515625,-1.0,-1.0,-1.0,2392.9799
2026-05-27 10:43:12.620955999,455384.7849355191,696.567626953125,653.7553100585938,-1.0,-1.0,-1.0,2393.621
2026-05-27 10:43:13.261990000,455453.72414918244,696.6981201171875,653.7318115234375,-1.0,-1.0,-1.0,2394.262
2026-05-27 10:43:13.903024000,455408.16815155,696.8873901367188,653.4888916015625,-1.0,-1.0,-1.0,2394.903
2026-05-27 10:43:14.544058000,455343.80865849927,696.6495971679688,653.6195678710938,-1.0,-1.0,-1.0,2395.5441
2026-05-27 10:43:15.185092000,455335.7401331663,696.654296875,653.6035766601562,-1.0,-1.0,-1.0,2396.1851
2026-05-27 10:43:15.826126000,455106.77075873315,696.4879760742188,653.430908203125,-1.0,-1.0,-1.0,2396.8261
2026-05-27 10:43:16.467160000,455136.22353013605,696.4337158203125,653.5241088867188,-1.0,-1.0,-1.0,2397.4672
2026-05-27 10:43:17.108194000,455330.1008418873,696.6134033203125,653.6338500976562,-1.0,-1.0,-1.0,2398.1082
2026-05-27 10:43:17.749228000,455457.18208014965,696.5478515625,653.8778076171875,-1.0,-1.0,-1.0,2398.7492
2026-05-27 10:43:18.390262000,455548.1492293924,696.7817993164062,653.788818359375,-1.0,-1.0,-1.0,2399.3903
2026-05-27 10:43:19.031296000,455570.1521692127,696.6444091796875,653.9493408203125,-1.0,-1.0,-1.0,2400.0313
2026-05-27 10:43:19.672330000,455664.4261697307,696.6522216796875,654.0773315429688,-1.0,-1.0,-1.0,2400.6723
2026-05-27 10:43:20.313364000,455241.0586681366,695.7880249023438,654.28125,-1.0,-1.0,-1.0,2401.3134
2026-05-27 10:43:20.954398000,455541.1500514671,696.4315795898438,654.1075439453125,-1.0,-1.0,-1.0,2401.9544
2026-05-27 10:43:21.595432000,455586.6964161694,696.6134033203125,654.002197265625,-1.0,-1.0,-1.0,2402.5954
2026-05-27 10:43:22.236466000,455524.05988080427,696.4205932617188,654.0933227539062,-1.0,-1.0,-1.0,2403.2365
2026-05-27 10:43:22.877500000,455741.78055808693,696.5667114257812,654.2686767578125,-1.0,-1.0,-1.0,2403.8775
2026-05-27 10:43:23.518534000,455756.3694434762,696.6318359375,654.2284545898438,-1.0,-1.0,-1.0,2404.5185
2026-05-27 10:43:24.159568000,455754.4327705763,696.5741577148438,654.2798461914062,-1.0,-1.0,-1.0,2405.1596
2026-05-27 10:43:24.800602000,455626.0300358422,696.5442504882812,654.1235961914062,-1.0,-1.0,-1.0,2405.8006
2026-05-27 10:43:25.441636000,455781.7492582947,696.6239013671875,654.2723388671875,-1.0,-1.0,-1.0,2406.4416
2026-05-27 10:43:26.082670000,455830.8694164604,696.6658325195312,654.303466796875,-1.0,-1.0,-1.0,2407.0827
2026-05-27 10:43:26.723704000,454571.92421627045,695.8173828125,653.2919921875,-1.0,-1.0,-1.0,2407.7237
2026-05-27 10:43:27.364738000,454682.4543311596,695.986572265625,653.2919921875,-1.0,-1.0,-1.0,2408.3647
2026-05-27 10:43:28.005772000,455675.70794093236,696.4411010742188,654.2918090820312,-1.0,-1.0,-1.0,2409.0058
2026-05-27 10:43:28.646806000,454578.8779559955,695.8006591796875,653.3176879882812,-1.0,-1.0,-1.0,2409.6468
2026-05-27 10:43:29.287840000,454974.78831376135,696.5250244140625,653.2066650390625,-1.0,-1.0,-1.0,2410.2878
2026-05-27 10:43:29.928874000,455040.7157207988,696.2133178710938,653.5938110351562,-1.0,-1.0,-1.0,2410.9289
2026-05-27 10:43:30.569908000,455008.2222555131,696.246826171875,653.5156860351562,-1.0,-1.0,-1.0,2411.5699
2026-05-27 10:43:31.210942000,454988.2894281745,696.5067749023438,653.2431640625,-1.0,-1.0,-1.0,2412.2109
2026-05-27 10:43:31.851976000,454682.4543311596,695.986572265625,653.2919921875,-1.0,-1.0,-1.0,2412.852
2026-05-27 10:43:32.493010000,455070.04727885127,696.5223388671875,653.345947265625,-1.0,-1.0,-1.0,2413.493
2026-05-27 10:43:33.134044000,454517.1882067323,695.706298828125,653.317626953125,-1.0,-1.0,-1.0,2414.134
2026-05-27 10:43:33.775078000,455013.3381750807,696.5213012695312,653.2655029296875,-1.0,-1.0,-1.0,2414.7751
2026-05-27 10:43:34.416112000,454865.04921637475,696.452880859375,653.1167602539062,-1.0,-1.0,-1.0,2415.4161
2026-05-27 10:43:35.057146000,454614.0202440843,695.9089965820312,653.2664794921875,-1.0,-1.0,-1.0,2416.0571
2026-05-27 10:43:35.698180000,454981.39996161684,696.5176391601562,653.2230834960938,-1.0,-1.0,-1.0,2416.6982
2026-05-27 10:43:36.339214000,454633.3298356533,695.911376953125,653.2919921875,-1.0,-1.0,-1.0,2417.3392
2026-05-27 10:43:36.980248000,454617.0827947855,695.7117919921875,653.4560546875,-1.0,-1.0,-1.0,2417.9802
2026-05-27 10:43:37.621282000,454572.745991759,695.8190307617188,653.2916259765625,-1.0,-1.0,-1.0,2418.6213
2026-05-27 10:43:38.262316000,455108.6082090251,696.5213012695312,653.4022827148438,-1.0,-1.0,-1.0,2419.2623
2026-05-27 10:43:38.903350000,455183.9741112441,696.5056762695312,653.525146484375,-1.0,-1.0,-1.0,2419.9034
2026-05-27 10:43:39.544384000,454865.16012609005,695.8761596679688,653.658203125,-1.0,-1.0,-1.0,2420.5444
2026-05-27 10:43:40.185418000,455202.96190235764,696.5267944335938,653.5325927734375,-1.0,-1.0,-1.0,2421.1854
2026-05-27 10:43:40.826452000,454562.16676810756,695.6729125976562,653.4136352539062,-1.0,-1.0,-1.0,2421.8265
2026-05-27 10:43:41.467486000,454763.9436428547,695.7213134765625,653.658203125,-1.0,-1.0,-1.0,2422.4675
2026-05-27 10:43:42.108520000,454736.7702397704,695.775634765625,653.568115234375,-1.0,-1.0,-1.0,2423.1085
2026-05-27 10:43:42.749554000,455134.1890692562,696.417724609375,653.5361938476562,-1.0,-1.0,-1.0,2423.7496
2026-05-27 10:43:43.390587999,454715.37004242465,695.6586303710938,653.6472778320312,-1.0,-1.0,-1.0,2424.3906
2026-05-27 10:43:44.031622000,454601.9178946018,695.41162109375,653.71630859375,-1.0,-1.0,-1.0,2425.0316
2026-05-27 10:43:44.672656000,454601.9178946018,695.41162109375,653.71630859375,-1.0,-1.0,-1.0,2425.6727
2026-05-27 10:43:45.313690000,454601.9178946018,695.41162109375,653.71630859375,-1.0,-1.0,-1.0,2426.3137
2026-05-27 10:43:45.954724000,454601.9178946018,695.41162109375,653.71630859375,-1.0,-1.0,-1.0,2426.9547
2026-05-27 10:43:46.595758000,454601.9178946018,695.41162109375,653.71630859375,-1.0,-1.0,-1.0,2427.5958
2026-05-27 10:43:47.236792000,454601.9178946018,695.41162109375,653.71630859375,-1.0,-1.0,-1.0,2428.2368
2026-05-27 10:43:47.877826000,413953.57401823625,688.6691284179688,601.0921020507812,-1.0,-1.0,-1.0,2428.8778
2026-05-27 10:43:48.518860000,414197.2147920653,689.4459838867188,600.7681884765625,-1.0,-1.0,-1.0,2429.5189
2026-05-27 10:43:49.159894000,413989.5983896479,688.8694458007812,600.9696044921875,-1.0,-1.0,-1.0,2430.1599
2026-05-27 10:43:49.800928000,414082.72570475936,689.6510009765625,600.423583984375,-1.0,-1.0,-1.0,2430.8009
2026-05-27 10:43:50.441962000,413604.2923742756,689.3736572265625,599.9711303710938,-1.0,-1.0,-1.0,2431.442
2026-05-27 10:43:51.082996000,413276.1439650804,689.2320556640625,599.6182861328125,-1.0,-1.0,-1.0,2432.083
2026-05-27 10:43:51.724030000,412641.7302633673,688.9566650390625,598.9371337890625,-1.0,-1.0,-1.0,2432.724
2026-05-27 10:43:52.365064000,412462.6498091221,689.04541015625,598.60009765625,-1.0,-1.0,-1.0,2433.3651
2026-05-27 10:43:53.006098000,412030.90297192335,689.04541015625,597.9735107421875,-1.0,-1.0,-1.0,2434.0061
2026-05-27 10:43:53.647132000,411861.1400127411,689.1271362304688,597.65625,-1.0,-1.0,-1.0,2434.6471
2026-05-27 10:43:54.288166000,411624.27055093646,688.9613037109375,597.456298828125,-1.0,-1.0,-1.0,2435.2882
2026-05-27 10:43:54.929200000,410520.4746132158,689.1592407226562,595.6830444335938,-1.0,-1.0,-1.0,2435.9292
2026-05-27 10:43:55.570234000,409579.0591074303,689.0038452148438,594.4510498046875,-1.0,-1.0,-1.0,2436.5702
2026-05-27 10:43:56.211268000,409319.430205334,689.4005737304688,593.7323608398438,-1.0,-1.0,-1.0,2437.2113
2026-05-27 10:43:56.852302000,408921.43825276196,689.3465576171875,593.2015380859375,-1.0,-1.0,-1.0,2437.8523
2026-05-27 10:43:57.493336000,408320.62854245305,689.00146484375,592.6266479492188,-1.0,-1.0,-1.0,2438.4933
2026-05-27 10:43:58.134370000,407836.345826488,688.7987670898438,592.0979614257812,-1.0,-1.0,-1.0,2439.1344
2026-05-27 10:43:58.775404000,407713.38231758773,689.225830078125,591.5526733398438,-1.0,-1.0,-1.0,2439.7754
2026-05-27 10:43:59.416438000,407032.3470140062,689.8814086914062,590.0033569335938,-1.0,-1.0,-1.0,2440.4164
2026-05-27 10:44:00.057472000,406843.21502705663,689.5689086914062,589.9964599609375,-1.0,-1.0,-1.0,2441.0575
2026-05-27 10:44:00.698506000,405782.5685096085,689.040283203125,588.9097900390625,-1.0,-1.0,-1.0,2441.6985
2026-05-27 10:44:01.339540000,405359.8897522241,688.954833984375,588.3693237304688,-1.0,-1.0,-1.0,2442.3395
2026-05-27 10:44:01.980574000,405747.34113165736,689.863037109375,588.1563720703125,-1.0,-1.0,-1.0,2442.9806
2026-05-27 10:44:02.621608000,405285.1890497692,689.5678100585938,587.7379760742188,-1.0,-1.0,-1.0,2443.6216
2026-05-27 10:44:03.262642000,405037.24383303523,689.5130615234375,587.425048828125,-1.0,-1.0,-1.0,2444.2626
2026-05-27 10:44:03.903676000,404438.4458631277,689.912109375,586.2173461914062,-1.0,-1.0,-1.0,2444.9037
2026-05-27 10:44:04.544710000,404191.93628692627,689.93359375,585.841796875,-1.0,-1.0,-1.0,2445.5447
2026-05-27 10:44:05.185744000,403650.02035963535,689.921142578125,585.06689453125,-1.0,-1.0,-1.0,2446.1857
2026-05-27 10:44:05.826778000,403050.115647912,689.912109375,584.2050170898438,-1.0,-1.0,-1.0,2446.8268
2026-05-27 10:44:06.467812000,402736.4904512167,689.85693359375,583.797119140625,-1.0,-1.0,-1.0,2447.4678
2026-05-27 10:44:07.108846000,401551.06600013375,689.43701171875,582.4332885742188,-1.0,-1.0,-1.0,2448.1088
2026-05-27 10:44:07.749880000,402120.8354565315,689.9032592773438,582.8655395507812,-1.0,-1.0,-1.0,2448.7499
2026-05-27 10:44:08.390914000,401700.55198296905,689.9032592773438,582.25634765625,-1.0,-1.0,-1.0,2449.3909
2026-05-27 10:44:09.031948000,401318.53106819093,689.515380859375,582.0298461914062,-1.0,-1.0,-1.0,2450.0319
2026-05-27 10:44:09.672982000,400498.6174415946,689.1699829101562,581.1318359375,-1.0,-1.0,-1.0,2450.673
2026-05-27 10:44:10.314016000,399632.99247939885,688.9722290039062,580.042236328125,-1.0,-1.0,-1.0,2451.314
2026-05-27 10:44:10.955050000,399748.02785701305,689.0581665039062,580.1368408203125,-1.0,-1.0,-1.0,2451.955
2026-05-27 10:44:11.596084000,399054.0439301133,688.954833984375,579.216552734375,-1.0,-1.0,-1.0,2452.5961
2026-05-27 10:44:12.237118000,399049.16229203343,689.85107421875,578.4569702148438,-1.0,-1.0,-1.0,2453.2371
2026-05-27 10:44:12.878152000,398678.5241623819,689.4960327148438,578.21728515625,-1.0,-1.0,-1.0,2453.8782
2026-05-27 10:44:13.519186000,398895.13579314575,689.4314575195312,578.5856323242188,-1.0,-1.0,-1.0,2454.5192
2026-05-27 10:44:14.160219999,398405.33118340373,689.1373291015625,578.121826171875,-1.0,-1.0,-1.0,2455.1602
2026-05-27 10:44:14.801254000,397707.44731628895,689.04638671875,577.185302734375,-1.0,-1.0,-1.0,2455.8013
2026-05-27 10:44:15.442288000,397298.02341386676,688.861083984375,576.7462158203125,-1.0,-1.0,-1.0,2456.4423
2026-05-27 10:44:16.083322000,396130.50938588753,689.1428833007812,574.8162231445312,-1.0,-1.0,-1.0,2457.0833
2026-05-27 10:44:16.724356000,396021.0400589481,689.1346435546875,574.6642456054688,-1.0,-1.0,-1.0,2457.7244
2026-05-27 10:44:17.365390000,393911.6465644166,688.4478759765625,572.1735229492188,-1.0,-1.0,-1.0,2458.3654
2026-05-27 10:44:18.006424000,393830.1582533121,689.346923828125,571.30908203125,-1.0,-1.0,-1.0,2459.0064
2026-05-27 10:44:18.647458000,393230.7704872638,688.9544677734375,570.7645263671875,-1.0,-1.0,-1.0,2459.6475
2026-05-27 10:44:19.288492000,393283.1176597327,688.837646484375,570.9373168945312,-1.0,-1.0,-1.0,2460.2885
2026-05-27 10:44:19.929526000,392733.0778832175,688.4212036132812,570.4837036132812,-1.0,-1.0,-1.0,2460.9295
2026-05-27 10:44:20.570560000,392225.7752010897,688.8682250976562,569.3770751953125,-1.0,-1.0,-1.0,2461.5706
2026-05-27 10:44:21.211594000,391992.7883501686,689.3230590820312,568.6633911132812,-1.0,-1.0,-1.0,2462.2116
2026-05-27 10:44:21.852628000,391150.14162898064,689.1043090820312,567.62109375,-1.0,-1.0,-1.0,2462.8526
2026-05-27 10:44:22.493662000,390380.4888007231,688.8156127929688,566.7416381835938,-1.0,-1.0,-1.0,2463.4937
2026-05-27 10:44:23.134696000,389778.892371241,688.4293823242188,566.1857299804688,-1.0,-1.0,-1.0,2464.1347
2026-05-27 10:44:23.775730000,388598.2459147051,688.1200561523438,564.7244873046875,-1.0,-1.0,-1.0,2464.7757
2026-05-27 10:44:24.416764000,388391.249499958,687.9921264648438,564.5286254882812,-1.0,-1.0,-1.0,2465.4168
2026-05-27 10:44:25.057798000,388639.1233558059,688.7777099609375,564.24462890625,-1.0,-1.0,-1.0,2466.0578
2026-05-27 10:44:25.698832000,387682.8685916662,688.7010498046875,562.9189453125,-1.0,-1.0,-1.0,2466.6988
2026-05-27 10:44:26.339866000,387265.1089141071,688.681884765625,562.3280029296875,-1.0,-1.0,-1.0,2467.3399
2026-05-27 10:44:26.980900000,386165.61075402424,687.9741821289062,561.3082885742188,-1.0,-1.0,-1.0,2467.9809
2026-05-27 10:44:27.621934000,385487.51822021976,687.8460083007812,560.4270629882812,-1.0,-1.0,-1.0,2468.6219
2026-05-27 10:44:28.262968000,383635.8805882931,687.0556640625,558.376708984375,-1.0,-1.0,-1.0,2469.263
2026-05-27 10:44:28.904002000,383846.4271369949,687.7633666992188,558.1082763671875,-1.0,-1.0,-1.0,2469.904
2026-05-27 10:44:29.545036000,384277.32868479565,687.7633666992188,558.7348022460938,-1.0,-1.0,-1.0,2470.545
2026-05-27 10:44:30.186069999,383392.38083859906,687.2201538085938,557.8887329101562,-1.0,-1.0,-1.0,2471.1861
2026-05-27 10:44:30.827104000,382633.1022352129,686.7796630859375,557.1409912109375,-1.0,-1.0,-1.0,2471.8271
2026-05-27 10:44:31.468138000,382577.309771128,686.7796630859375,557.0597534179688,-1.0,-1.0,-1.0,2472.4681
2026-05-27 10:44:32.109172000,381964.22810459137,686.908203125,556.06298828125,-1.0,-1.0,-1.0,2473.1092
2026-05-27 10:44:32.750206000,381588.78846437484,686.9088134765625,555.5159301757812,-1.0,-1.0,-1.0,2473.7502
2026-05-27 10:44:33.391240000,381243.3850133456,686.8265991210938,555.0795288085938,-1.0,-1.0,-1.0,2474.3912
2026-05-27 10:44:34.032274000,380702.03347697854,686.744873046875,554.3572998046875,-1.0,-1.0,-1.0,2475.0323
2026-05-27 10:44:34.673308000,380108.53956632316,686.4834594726562,553.703857421875,-1.0,-1.0,-1.0,2475.6733
2026-05-27 10:44:35.314342000,379866.80829431117,686.7274169921875,553.1551513671875,-1.0,-1.0,-1.0,2476.3143
2026-05-27 10:44:35.955376000,379866.80829431117,686.7274169921875,553.1551513671875,-1.0,-1.0,-1.0,2476.9554
2026-05-27 10:44:36.596410000,379866.80829431117,686.7274169921875,553.1551513671875,-1.0,-1.0,-1.0,2477.5964
2026-05-27 10:44:37.237444000,355875.0617650598,669.8938598632812,531.240966796875,-1.0,-1.0,-1.0,2478.2374
2026-05-27 10:44:37.878478000,355805.5167279281,668.5845336914062,532.1773071289062,-1.0,-1.0,-1.0,2478.8785
2026-05-27 10:44:38.519512000,355811.22956127673,668.6207275390625,532.1570434570312,-1.0,-1.0,-1.0,2479.5195
2026-05-27 10:44:39.160546000,355807.5473791212,668.647705078125,532.1300659179688,-1.0,-1.0,-1.0,2480.1605
2026-05-27 10:44:39.801580000,355828.1193731427,677.094970703125,525.521728515625,-1.0,-1.0,-1.0,2480.8016
2026-05-27 10:44:40.442614000,355690.5954065174,674.015380859375,527.7188110351562,-1.0,-1.0,-1.0,2481.4426
2026-05-27 10:44:41.083648000,355740.63551291823,676.6851806640625,525.710693359375,-1.0,-1.0,-1.0,2482.0836
2026-05-27 10:44:41.724682000,355971.98158830404,677.125244140625,525.710693359375,-1.0,-1.0,-1.0,2482.7247
2026-05-27 10:44:42.365716000,355662.0894919038,675.0144653320312,526.8955078125,-1.0,-1.0,-1.0,2483.3657
2026-05-27 10:44:43.006750000,355618.3746070452,674.6216430664062,527.1375122070312,-1.0,-1.0,-1.0,2484.0068
2026-05-27 10:44:43.647784000,355638.4468374327,673.9719848632812,527.6754150390625,-1.0,-1.0,-1.0,2484.6478
2026-05-27 10:44:44.288818000,355574.84153201804,674.9679565429688,526.8025512695312,-1.0,-1.0,-1.0,2485.2888
2026-05-27 10:44:44.929851999,355505.7228640653,673.4542846679688,527.8839721679688,-1.0,-1.0,-1.0,2485.9299
2026-05-27 10:44:45.570886000,355543.4907864779,674.9679565429688,526.756103515625,-1.0,-1.0,-1.0,2486.5709
2026-05-27 10:44:46.211920000,355574.84153201804,674.9679565429688,526.8025512695312,-1.0,-1.0,-1.0,2487.2119
2026-05-27 10:44:46.852954000,355594.43721025065,674.5762329101562,527.1375122070312,-1.0,-1.0,-1.0,2487.853
2026-05-27 10:44:47.493988000,355452.46540224925,674.7356567382812,526.8025512695312,-1.0,-1.0,-1.0,2488.494
2026-05-27 10:44:48.135022000,355421.1254465133,674.7356567382812,526.756103515625,-1.0,-1.0,-1.0,2489.135
2026-05-27 10:44:48.776056000,355304.4286717698,676.9578857421875,524.8545532226562,-1.0,-1.0,-1.0,2489.7761
2026-05-27 10:44:49.417090000,355243.6693316996,676.1823120117188,525.36669921875,-1.0,-1.0,-1.0,2490.4171
2026-05-27 10:44:50.058124000,355284.0107592456,668.6694946289062,531.3297729492188,-1.0,-1.0,-1.0,2491.0581
2026-05-27 10:44:50.699158000,355872.7826615125,677.348388671875,525.3910522460938,-1.0,-1.0,-1.0,2491.6992
2026-05-27 10:44:51.340192000,355879.05513994396,677.3435668945312,525.404052734375,-1.0,-1.0,-1.0,2492.3402
2026-05-27 10:44:51.981226000,355098.850781098,677.2882080078125,524.2950439453125,-1.0,-1.0,-1.0,2492.9812
2026-05-27 10:44:52.622260000,355266.42759749293,667.9528198242188,531.87353515625,-1.0,-1.0,-1.0,2493.6223
2026-05-27 10:44:53.263294000,355152.65547406673,674.6165161132812,526.451171875,-1.0,-1.0,-1.0,2494.2633
2026-05-27 10:44:53.904328000,355199.7748764083,673.6461181640625,527.2794799804688,-1.0,-1.0,-1.0,2494.9043
2026-05-27 10:44:54.545362000,355608.84789687395,674.5689697265625,527.16455078125,-1.0,-1.0,-1.0,2495.5454
2026-05-27 10:44:55.186396000,354820.0646892339,673.379638671875,526.9242553710938,-1.0,-1.0,-1.0,2496.1864
2026-05-27 10:44:55.827430000,354671.1393577978,667.2689819335938,531.5264892578125,-1.0,-1.0,-1.0,2496.8274
2026-05-27 10:44:56.468464000,354666.4005516544,667.4860229492188,531.3465576171875,-1.0,-1.0,-1.0,2497.4685
2026-05-27 10:44:57.109498000,355552.58698537946,673.379638671875,528.0120849609375,-1.0,-1.0,-1.0,2498.1095
2026-05-27 10:44:57.750532000,355345.4153248295,667.4507446289062,532.3919677734375,-1.0,-1.0,-1.0,2498.7505
2026-05-27 10:44:58.391566000,355024.1489480585,673.922607421875,526.8025512695312,-1.0,-1.0,-1.0,2499.3916
2026-05-27 10:44:59.032600000,354614.46805936843,674.5453491210938,525.7088623046875,-1.0,-1.0,-1.0,2500.0326
2026-05-27 10:44:59.673634000,354556.2731442973,675.1278686523438,525.1690673828125,-1.0,-1.0,-1.0,2500.6736
2026-05-27 10:45:00.314668000,354635.06304210424,667.63134765625,531.1839599609375,-1.0,-1.0,-1.0,2501.3147
2026-05-27 10:45:00.955701999,355346.8879127987,667.2559204101562,532.5496215820312,-1.0,-1.0,-1.0,2501.9557
2026-05-27 10:45:01.596736000,355028.9385993965,674.9771118164062,525.9866333007812,-1.0,-1.0,-1.0,2502.5967
2026-05-27 10:45:02.237770000,354329.4527331367,674.4075317382812,525.3936767578125,-1.0,-1.0,-1.0,2503.2378
2026-05-27 10:45:02.878804000,354237.5075013265,674.5861206054688,525.1182861328125,-1.0,-1.0,-1.0,2503.8788
2026-05-27 10:45:03.519838000,354364.72375690937,669.7158813476562,529.126953125,-1.0,-1.0,-1.0,2504.5198
2026-05-27 10:45:04.160872000,354387.09372514486,670.6580200195312,528.4169921875,-1.0,-1.0,-1.0,2505.1609
2026-05-27 10:45:04.801906000,354229.8735825531,674.6369018554688,525.0674438476562,-1.0,-1.0,-1.0,2505.8019
2026-05-27 10:45:05.442940000,354184.17517539114,674.4845581054688,525.1182861328125,-1.0,-1.0,-1.0,2506.4429
2026-05-27 10:45:06.083974000,354157.50901242346,674.4337768554688,525.1182861328125,-1.0,-1.0,-1.0,2507.084
2026-05-27 10:45:06.725008000,353970.8458716497,674.0783081054688,525.1182861328125,-1.0,-1.0,-1.0,2507.725
2026-05-27 10:45:07.366042000,354069.92414332926,674.332275390625,525.0674438476562,-1.0,-1.0,-1.0,2508.366
2026-05-27 10:45:08.007076000,354096.5556768887,674.3829956054688,525.0674438476562,-1.0,-1.0,-1.0,2509.0071
2026-05-27 10:45:08.648110000,354031.41204468906,675.9576416015625,523.7479248046875,-1.0,-1.0,-1.0,2509.6481
2026-05-27 10:45:09.289144000,354060.2537776828,666.1124877929688,531.5322265625,-1.0,-1.0,-1.0,2510.2891
2026-05-27 10:45:09.930178000,353887.46724937856,673.7583618164062,525.243896484375,-1.0,-1.0,-1.0,2510.9302
2026-05-27 10:45:10.571212000,353875.6826486103,674.0275268554688,525.0166625976562,-1.0,-1.0,-1.0,2511.5712
2026-05-27 10:45:11.212246000,353855.1817445457,674.357177734375,524.7296142578125,-1.0,-1.0,-1.0,2512.2122
2026-05-27 10:45:11.853280000,353712.1201197617,673.9767456054688,524.8135375976562,-1.0,-1.0,-1.0,2512.8533
2026-05-27 10:45:12.494314000,353712.1201197617,673.9767456054688,524.8135375976562,-1.0,-1.0,-1.0,2513.4943
2026-05-27 10:45:13.135348000,353712.1201197617,673.9767456054688,524.8135375976562,-1.0,-1.0,-1.0,2514.1353
2026-05-27 10:45:13.776382000,353523.6611282453,665.6524658203125,531.0934448242188,-1.0,-1.0,-1.0,2514.7764
2026-05-27 10:45:14.417416000,353872.05627657473,674.281494140625,524.8135375976562,-1.0,-1.0,-1.0,2515.4174
2026-05-27 10:45:15.058450000,353538.1507992558,665.6797485351562,531.0934448242188,-1.0,-1.0,-1.0,2516.0584
2026-05-27 10:45:15.699484000,353596.0770679265,665.788818359375,531.0934448242188,-1.0,-1.0,-1.0,2516.6995
2026-05-27 10:45:16.340518000,353472.92437168956,665.625244140625,531.0389404296875,-1.0,-1.0,-1.0,2517.3405
2026-05-27 10:45:16.981552000,353487.3801436275,665.6524658203125,531.0389404296875,-1.0,-1.0,-1.0,2517.9816
2026-05-27 10:45:17.622586000,353406.3900557086,670.5845947265625,527.0123901367188,-1.0,-1.0,-1.0,2518.6226
2026-05-27 10:45:18.263620000,353369.91202282906,670.887939453125,526.7197265625,-1.0,-1.0,-1.0,2519.2636
2026-05-27 10:45:18.904654000,353369.72299499065,671.8782958984375,525.9430541992188,-1.0,-1.0,-1.0,2519.9047
2026-05-27 10:45:19.545688000,353216.35007828474,671.64599609375,525.8966064453125,-1.0,-1.0,-1.0,2520.5457
2026-05-27 10:45:20.186722000,353338.5157572478,671.8782958984375,525.8966064453125,-1.0,-1.0,-1.0,2521.1867
2026-05-27 10:45:20.827756000,353369.91202282906,670.887939453125,526.7197265625,-1.0,-1.0,-1.0,2521.8278
2026-05-27 10:45:21.468790000,353420.4942818284,673.9267578125,524.4197387695312,-1.0,-1.0,-1.0,2522.4688
2026-05-27 10:45:22.109824000,353243.4181666821,670.3294677734375,526.9698486328125,-1.0,-1.0,-1.0,2523.1098
2026-05-27 10:45:22.750858000,353129.4937898554,671.5995483398438,525.8036499023438,-1.0,-1.0,-1.0,2523.7509
2026-05-27 10:45:23.391892000,353077.82872743905,667.362060546875,529.0648803710938,-1.0,-1.0,-1.0,2524.3919
2026-05-27 10:45:24.032926000,353165.8144938648,671.125244140625,526.2293701171875,-1.0,-1.0,-1.0,2525.0329
2026-05-27 10:45:24.673960000,353144.0048385188,670.8488159179688,526.4136962890625,-1.0,-1.0,-1.0,2525.674
2026-05-27 10:45:25.314994000,352950.9363248125,673.0313720703125,524.4197387695312,-1.0,-1.0,-1.0,2526.315
2026-05-27 10:45:25.956028000,352992.669675827,664.7891845703125,530.984375,-1.0,-1.0,-1.0,2526.956
2026-05-27 10:45:26.597062000,353080.9706557095,671.079833984375,526.1385498046875,-1.0,-1.0,-1.0,2527.5971
2026-05-27 10:45:27.238096000,352986.5006048903,664.9100952148438,530.8785400390625,-1.0,-1.0,-1.0,2528.2381
2026-05-27 10:45:27.879130000,353028.9441833347,664.7891845703125,531.0389404296875,-1.0,-1.0,-1.0,2528.8791
2026-05-27 10:45:28.520164000,352928.57456073165,671.1581420898438,525.85009765625,-1.0,-1.0,-1.0,2529.5202
2026-05-27 10:45:29.161198000,352822.03340218216,670.2937622070312,526.3692626953125,-1.0,-1.0,-1.0,2530.1612
2026-05-27 10:45:29.802232000,352872.978373982,671.1116943359375,525.8036499023438,-1.0,-1.0,-1.0,2530.8022
2026-05-27 10:45:30.443266000,352863.87383151054,670.095703125,526.5872802734375,-1.0,-1.0,-1.0,2531.4433
2026-05-27 10:45:31.084300000,353404.57420778275,665.052734375,531.393310546875,-1.0,-1.0,-1.0,2532.0843
2026-05-27 10:45:31.725333999,353250.02775241435,664.7619018554688,531.393310546875,-1.0,-1.0,-1.0,2532.7253
2026-05-27 10:45:32.366368000,353231.9318168536,664.7619018554688,531.3660888671875,-1.0,-1.0,-1.0,2533.3664
2026-05-27 10:45:33.007402000,353340.8377571404,667.645751953125,529.2340087890625,-1.0,-1.0,-1.0,2534.0074
2026-05-27 10:45:33.648436000,352650.38069104403,670.0191650390625,526.3287963867188,-1.0,-1.0,-1.0,2534.6484
2026-05-27 10:45:34.289470000,353251.0132117197,668.3135986328125,528.5707397460938,-1.0,-1.0,-1.0,2535.2895
2026-05-27 10:45:34.930504000,353071.6204199977,664.5491333007812,531.2949829101562,-1.0,-1.0,-1.0,2535.9305
2026-05-27 10:45:35.571538000,352204.4769462198,670.9085693359375,524.9664306640625,-1.0,-1.0,-1.0,2536.5715
2026-05-27 10:45:36.212572000,352888.0419079773,671.6915893554688,525.3721313476562,-1.0,-1.0,-1.0,2537.2126
2026-05-27 10:45:36.853606000,352417.97497720644,671.6408081054688,524.7119750976562,-1.0,-1.0,-1.0,2537.8536
2026-05-27 10:45:37.494640000,353053.1652286127,664.5491333007812,531.2672119140625,-1.0,-1.0,-1.0,2538.4946
2026-05-27 10:45:38.135674000,353097.1705272198,664.748046875,531.1744384765625,-1.0,-1.0,-1.0,2539.1357
2026-05-27 10:45:38.776708000,353043.59912166,664.407470703125,531.3660888671875,-1.0,-1.0,-1.0,2539.7767
2026-05-27 10:45:39.417742000,352839.30048242956,664.2159423828125,531.2117309570312,-1.0,-1.0,-1.0,2540.4177
2026-05-27 10:45:40.058776000,352813.7385658324,667.5833740234375,528.493896484375,-1.0,-1.0,-1.0,2541.0588
2026-05-27 10:45:40.699810000,352677.0254144706,663.9104614257812,531.2117309570312,-1.0,-1.0,-1.0,2541.6998
2026-05-27 10:45:41.340844000,352703.90413212776,663.97265625,531.2024536132812,-1.0,-1.0,-1.0,2542.3408
2026-05-27 10:45:41.981878000,352368.9547973089,670.6122436523438,525.4436645507812,-1.0,-1.0,-1.0,2542.9819
2026-05-27 10:45:42.622912000,352534.79001671076,664.381103515625,530.621337890625,-1.0,-1.0,-1.0,2543.6229
2026-05-27 10:45:43.263946000,352705.7241902314,666.2247924804688,529.4094848632812,-1.0,-1.0,-1.0,2544.2639
2026-05-27 10:45:43.904980000,352660.16770246625,663.6765747070312,531.37353515625,-1.0,-1.0,-1.0,2544.905
2026-05-27 10:45:44.546014000,352525.2760744691,663.7764892578125,531.09033203125,-1.0,-1.0,-1.0,2545.546
2026-05-27 10:45:45.187048000,352525.2760744691,663.7764892578125,531.09033203125,-1.0,-1.0,-1.0,2546.187
2026-05-27 10:45:45.828082000,352521.5580687858,663.8045043945312,531.0623168945312,-1.0,-1.0,-1.0,2546.8281
2026-05-27 10:45:46.469116000,352506.68028537184,663.7764892578125,531.0623168945312,-1.0,-1.0,-1.0,2547.4691
2026-05-27 10:45:47.110150000,352525.2760744691,663.7764892578125,531.09033203125,-1.0,-1.0,-1.0,2548.1102
2026-05-27 10:45:47.751184000,352528.95199846476,663.7484741210938,531.1182861328125,-1.0,-1.0,-1.0,2548.7512
2026-05-27 10:45:48.392218000,352359.68647023663,664.2012329101562,530.5014038085938,-1.0,-1.0,-1.0,2549.3922
2026-05-27 10:45:49.033252000,352342.9063077271,666.6952514648438,528.49169921875,-1.0,-1.0,-1.0,2550.0333
2026-05-27 10:45:49.674286000,352383.52346120775,664.1712036132812,530.561279296875,-1.0,-1.0,-1.0,2550.6743
2026-05-27 10:45:50.315320000,351828.29709978774,663.7484741210938,530.0626831054688,-1.0,-1.0,-1.0,2551.3153
2026-05-27 10:45:50.956354000,352454.5719814673,663.7484741210938,531.0062255859375,-1.0,-1.0,-1.0,2551.9564
2026-05-27 10:45:51.597388000,351507.08076293394,666.4689331054688,527.4170532226562,-1.0,-1.0,-1.0,2552.5974
2026-05-27 10:45:52.238422000,351507.08076293394,666.4689331054688,527.4170532226562,-1.0,-1.0,-1.0,2553.2384
2026-05-27 10:45:52.879456000,351607.59618857503,666.4689331054688,527.56787109375,-1.0,-1.0,-1.0,2553.8795
2026-05-27 10:45:53.520490000,351436.0053999983,670.5913696289062,524.0687866210938,-1.0,-1.0,-1.0,2554.5205
2026-05-27 10:45:54.161524000,351873.1358246505,663.1716918945312,530.59130859375,-1.0,-1.0,-1.0,2555.1615
2026-05-27 10:45:54.802558000,351984.5392732322,663.3816528320312,530.59130859375,-1.0,-1.0,-1.0,2555.8026
2026-05-27 10:45:55.443592000,352070.40023035556,670.3626098632812,525.1939697265625,-1.0,-1.0,-1.0,2556.4436
2026-05-27 10:45:56.084626000,351605.55110050365,668.5857543945312,525.8944702148438,-1.0,-1.0,-1.0,2557.0846
2026-05-27 10:45:56.725660000,352071.3517158218,665.1564331054688,529.3060913085938,-1.0,-1.0,-1.0,2557.7257
2026-05-27 10:45:57.366694000,351990.8135268688,662.945068359375,530.9501953125,-1.0,-1.0,-1.0,2558.3667
2026-05-27 10:45:58.007728000,351297.93873906136,665.83984375,527.6012573242188,-1.0,-1.0,-1.0,2559.0077
2026-05-27 10:45:58.648762000,351208.8129140064,669.2416381835938,524.7862548828125,-1.0,-1.0,-1.0,2559.6488
2026-05-27 10:45:59.289796000,351049.16223634034,665.6959228515625,527.3416137695312,-1.0,-1.0,-1.0,2560.2898
2026-05-27 10:45:59.930830000,351074.2721045241,665.6959228515625,527.3793334960938,-1.0,-1.0,-1.0,2560.9308
2026-05-27 10:46:00.571864000,351206.1079902649,663.3515625,529.44189453125,-1.0,-1.0,-1.0,2561.5719
2026-05-27 10:46:01.212898000,351058.4645188898,665.4326782226562,527.564208984375,-1.0,-1.0,-1.0,2562.2129
2026-05-27 10:46:01.853932000,350724.2236481756,661.626708984375,530.0938110351562,-1.0,-1.0,-1.0,2562.8539
2026-05-27 10:46:02.494965999,351063.60314643756,665.3956909179688,527.6012573242188,-1.0,-1.0,-1.0,2563.495
2026-05-27 10:46:03.136000000,351077.9776970297,665.4696655273438,527.564208984375,-1.0,-1.0,-1.0,2564.136
2026-05-27 10:46:03.777034000,351054.4116889499,665.6582641601562,527.3793334960938,-1.0,-1.0,-1.0,2564.777
2026-05-27 10:46:04.418068000,350929.87952023745,665.4697265625,527.3416137695312,-1.0,-1.0,-1.0,2565.4181
2026-05-27 10:46:05.059102000,350909.98833876103,665.4320068359375,527.3416137695312,-1.0,-1.0,-1.0,2566.0591
2026-05-27 10:46:05.700136000,350649.42942659184,661.2316284179688,530.2974243164062,-1.0,-1.0,-1.0,2566.7001
2026-05-27 10:46:06.341170000,350601.8092134185,666.1719360351562,526.2932739257812,-1.0,-1.0,-1.0,2567.3412
2026-05-27 10:46:06.982204000,350811.7819083519,663.6344604492188,528.6220092773438,-1.0,-1.0,-1.0,2567.9822
2026-05-27 10:46:07.623238000,350595.54464931786,666.460693359375,526.0558471679688,-1.0,-1.0,-1.0,2568.6232
2026-05-27 10:46:08.264272000,350810.56461775675,665.2434692382812,527.3416137695312,-1.0,-1.0,-1.0,2569.2643
2026-05-27 10:46:08.905306000,350573.13333453983,666.4180908203125,526.0558471679688,-1.0,-1.0,-1.0,2569.9053
2026-05-27 10:46:09.546340000,350702.9130943045,663.5315551757812,528.5399169921875,-1.0,-1.0,-1.0,2570.5463
2026-05-27 10:46:10.187374000,350520.03389698267,665.9638061523438,526.3349609375,-1.0,-1.0,-1.0,2571.1874
2026-05-27 10:46:10.828408000,350483.7128307335,666.2481079101562,526.0558471679688,-1.0,-1.0,-1.0,2571.8284
2026-05-27 10:46:11.469442000,350654.3791091256,662.4838256835938,529.3025512695312,-1.0,-1.0,-1.0,2572.4694
2026-05-27 10:46:12.110476000,350526.757077422,663.0952758789062,528.6220092773438,-1.0,-1.0,-1.0,2573.1105
2026-05-27 10:46:12.751510000,350371.0213421583,662.5908203125,528.7894287109375,-1.0,-1.0,-1.0,2573.7515
2026-05-27 10:46:13.392544000,350463.46115872264,660.9138793945312,530.27099609375,-1.0,-1.0,-1.0,2574.3925
2026-05-27 10:46:14.033578000,350376.8044953346,663.791015625,527.842041015625,-1.0,-1.0,-1.0,2575.0336
2026-05-27 10:46:14.674612000,350464.5911094099,665.9638061523438,526.251708984375,-1.0,-1.0,-1.0,2575.6746
2026-05-27 10:46:15.315646000,350421.10960945487,664.88525390625,527.0399780273438,-1.0,-1.0,-1.0,2576.3156
2026-05-27 10:46:15.956680000,350562.80184618384,660.0540771484375,531.1122436523438,-1.0,-1.0,-1.0,2576.9567
2026-05-27 10:46:16.597714000,350301.8629542701,664.6589965820312,527.0399780273438,-1.0,-1.0,-1.0,2577.5977
2026-05-27 10:46:17.238748000,350562.80184618384,660.0540771484375,531.1122436523438,-1.0,-1.0,-1.0,2578.2387
2026-05-27 10:46:17.879782000,349680.67727695405,659.2261352539062,530.441162109375,-1.0,-1.0,-1.0,2578.8798
2026-05-27 10:46:18.520816000,349704.80372686684,659.3333740234375,530.3914794921875,-1.0,-1.0,-1.0,2579.5208
2026-05-27 10:46:19.161850000,350054.132712394,660.431884765625,530.0382080078125,-1.0,-1.0,-1.0,2580.1618
2026-05-27 10:46:19.802884000,349652.5882948041,659.584228515625,530.110595703125,-1.0,-1.0,-1.0,2580.8029
2026-05-27 10:46:20.443918000,349721.785094887,660.3643798828125,529.589111328125,-1.0,-1.0,-1.0,2581.4439
2026-05-27 10:46:21.084952000,349668.65116755664,659.584228515625,530.1349487304688,-1.0,-1.0,-1.0,2582.085
2026-05-27 10:46:21.725986000,349731.9217910506,660.4052124023438,529.5717163085938,-1.0,-1.0,-1.0,2582.726
2026-05-27 10:46:22.367020000,349528.77377571166,658.9356689453125,530.4444580078125,-1.0,-1.0,-1.0,2583.367
2026-05-27 10:46:23.008054000,349525.8490052074,658.958740234375,530.4214477539062,-1.0,-1.0,-1.0,2584.0081
2026-05-27 10:46:23.649088000,349569.0097426176,658.943359375,530.4993286132812,-1.0,-1.0,-1.0,2584.6491
2026-05-27 10:46:24.290122000,349610.666757673,659.5355224609375,530.086181640625,-1.0,-1.0,-1.0,2585.2901
2026-05-27 10:46:24.931156000,349620.95307533443,659.7437744140625,529.9344482421875,-1.0,-1.0,-1.0,2585.9312
2026-05-27 10:46:25.572190000,349515.119359307,658.9714965820312,530.3948974609375,-1.0,-1.0,-1.0,2586.5722
2026-05-27 10:46:26.213224000,349554.04838216305,658.943359375,530.4766235351562,-1.0,-1.0,-1.0,2587.2132
2026-05-27 10:46:26.854258000,349525.8490052074,658.958740234375,530.4214477539062,-1.0,-1.0,-1.0,2587.8543
2026-05-27 10:46:27.495292000,349567.23466115445,658.9083251953125,530.5248413085938,-1.0,-1.0,-1.0,2588.4953
2026-05-27 10:46:28.136326000,349513.61149866134,658.9356689453125,530.4214477539062,-1.0,-1.0,-1.0,2589.1363
2026-05-27 10:46:28.777360000,349499.3534728326,658.6264038085938,530.6488647460938,-1.0,-1.0,-1.0,2589.7774
2026-05-27 10:46:29.418394000,349404.6679681912,657.9794311523438,531.0267333984375,-1.0,-1.0,-1.0,2590.4184
2026-05-27 10:46:30.059428000,349148.2419063635,658.2319946289062,530.4334106445312,-1.0,-1.0,-1.0,2591.0594
2026-05-27 10:46:30.700462000,349116.2819779925,658.3103637695312,530.3217163085938,-1.0,-1.0,-1.0,2591.7005
2026-05-27 10:46:31.341496000,349064.0011288598,658.2708740234375,530.2741088867188,-1.0,-1.0,-1.0,2592.3415
2026-05-27 10:46:31.982530000,349060.7350208238,658.2091064453125,530.3189086914062,-1.0,-1.0,-1.0,2592.9825
2026-05-27 10:46:32.623564000,349047.4522199929,658.161865234375,530.3367919921875,-1.0,-1.0,-1.0,2593.6236
2026-05-27 10:46:33.264597999,349050.3695808351,658.1390380859375,530.359619140625,-1.0,-1.0,-1.0,2594.2646
2026-05-27 10:46:33.905632000,349035.3461433202,658.1390380859375,530.3367919921875,-1.0,-1.0,-1.0,2594.9056
2026-05-27 10:46:34.546666000,348984.39771788195,658.5358276367188,529.9398803710938,-1.0,-1.0,-1.0,2595.5467
2026-05-27 10:46:35.187700000,348955.4229860604,658.5114135742188,529.91552734375,-1.0,-1.0,-1.0,2596.1877
2026-05-27 10:46:35.828734000,349020.3227058053,658.1390380859375,530.31396484375,-1.0,-1.0,-1.0,2596.8287
2026-05-27 10:46:36.469768000,348968.3603768647,658.5358276367188,529.91552734375,-1.0,-1.0,-1.0,2597.4698
2026-05-27 10:46:37.110802000,348992.3526556939,658.7440795898438,529.784423828125,-1.0,-1.0,-1.0,2598.1108
2026-05-27 10:46:37.751836000,348943.21046926454,657.8961791992188,530.3925170898438,-1.0,-1.0,-1.0,2598.7518
2026-05-27 10:46:38.392870000,348907.2725543305,658.5114135742188,529.8424072265625,-1.0,-1.0,-1.0,2599.3929
2026-05-27 10:46:39.033904000,348923.3093007915,658.5114135742188,529.8667602539062,-1.0,-1.0,-1.0,2600.0339
2026-05-27 10:46:39.674938000,348946.0336631313,657.8737182617188,530.4149169921875,-1.0,-1.0,-1.0,2600.6749
2026-05-27 10:46:40.315972000,348939.3460472524,658.5114135742188,529.89111328125,-1.0,-1.0,-1.0,2601.316
2026-05-27 10:46:40.957006000,348958.2541926205,658.0838012695312,530.26416015625,-1.0,-1.0,-1.0,2601.957
2026-05-27 10:46:41.598040000,348847.96618599445,657.8423461914062,530.2911376953125,-1.0,-1.0,-1.0,2602.598
2026-05-27 10:46:42.239074000,348952.29778178036,658.0345458984375,530.2947998046875,-1.0,-1.0,-1.0,2603.2391
2026-05-27 10:46:42.880108000,348810.2049559802,657.0830688476562,530.846435546875,-1.0,-1.0,-1.0,2603.8801
2026-05-27 10:46:43.521142000,348018.1343437694,657.0505981445312,529.6671752929688,-1.0,-1.0,-1.0,2604.5211
2026-05-27 10:46:44.162176000,348323.745431073,657.8792724609375,529.4645385742188,-1.0,-1.0,-1.0,2605.1622
2026-05-27 10:46:44.803210000,348779.05983376503,657.0784912109375,530.802734375,-1.0,-1.0,-1.0,2605.8032
2026-05-27 10:46:45.444244000,348230.683691334,656.9747924804688,530.0518188476562,-1.0,-1.0,-1.0,2606.4442
2026-05-27 10:46:46.085278000,348217.09027979523,656.9747924804688,530.0311279296875,-1.0,-1.0,-1.0,2607.0853
2026-05-27 10:46:46.726312000,347981.08706256,657.0445556640625,529.6156616210938,-1.0,-1.0,-1.0,2607.7263
2026-05-27 10:46:47.367346000,347991.65723901987,657.0283203125,529.6448364257812,-1.0,-1.0,-1.0,2608.3673
2026-05-27 10:46:48.008380000,347954.2167903632,657.0219116210938,529.593017578125,-1.0,-1.0,-1.0,2609.0084
2026-05-27 10:46:48.649414000,348139.2253845446,657.0457153320312,529.8554077148438,-1.0,-1.0,-1.0,2609.6494
2026-05-27 10:46:49.290448000,347870.63653728366,656.8274536132812,529.62255859375,-1.0,-1.0,-1.0,2610.2904
2026-05-27 10:46:49.931482000,347956.49877179414,657.0574951171875,529.5678100585938,-1.0,-1.0,-1.0,2610.9315
2026-05-27 10:46:50.572516000,347993.04737718403,657.067138671875,529.6156616210938,-1.0,-1.0,-1.0,2611.5725
2026-05-27 10:46:51.213550000,347981.49181682616,657.0294189453125,529.6284790039062,-1.0,-1.0,-1.0,2612.2136
2026-05-27 10:46:51.854584000,347548.3631946072,656.8534545898438,529.1109619140625,-1.0,-1.0,-1.0,2612.8546
2026-05-27 10:46:52.495618000,347783.5386472307,656.1824340820312,530.0104370117188,-1.0,-1.0,-1.0,2613.4956
2026-05-27 10:46:53.136652000,347789.8222931735,657.2190551757812,529.1840209960938,-1.0,-1.0,-1.0,2614.1367
2026-05-27 10:46:53.777686000,347767.3381220028,656.7848510742188,529.4996337890625,-1.0,-1.0,-1.0,2614.7777
2026-05-27 10:46:54.418720000,347772.9904518798,656.5827026367188,529.6712646484375,-1.0,-1.0,-1.0,2615.4187
2026-05-27 10:46:55.059754000,347480.3208961189,656.0602416992188,529.64697265625,-1.0,-1.0,-1.0,2616.0598
2026-05-27 10:46:55.700788000,348268.71993143857,656.5499267578125,530.4527587890625,-1.0,-1.0,-1.0,2616.7008
2026-05-27 10:46:56.341822000,347539.40020394325,656.8627319335938,529.08984375,-1.0,-1.0,-1.0,2617.3418
2026-05-27 10:46:56.982856000,347530.3087440729,656.8720703125,529.0684814453125,-1.0,-1.0,-1.0,2617.9829
2026-05-27 10:46:57.623890000,347461.703050375,656.7158813476562,529.08984375,-1.0,-1.0,-1.0,2618.6239
2026-05-27 10:46:58.264924000,347358.3264628053,656.5774536132812,529.0439453125,-1.0,-1.0,-1.0,2619.2649
2026-05-27 10:46:58.905958000,347305.05127557367,655.8028564453125,529.5875854492188,-1.0,-1.0,-1.0,2619.906
2026-05-27 10:46:59.546992000,347318.02126730233,656.0447998046875,529.4120483398438,-1.0,-1.0,-1.0,2620.547
2026-05-27 10:47:00.188026000,347179.14786881953,655.1948852539062,529.8868408203125,-1.0,-1.0,-1.0,2621.188
2026-05-27 10:47:00.829060000,347182.3674956821,656.3745727539062,528.9393920898438,-1.0,-1.0,-1.0,2621.8291
2026-05-27 10:47:01.470094000,347124.42566821724,655.0916137695312,529.8868408203125,-1.0,-1.0,-1.0,2622.4701
2026-05-27 10:47:02.111128000,347179.2401271425,656.3991088867188,528.9148559570312,-1.0,-1.0,-1.0,2623.1111
2026-05-27 10:47:02.752162000,347183.37689889595,656.4081420898438,528.9138793945312,-1.0,-1.0,-1.0,2623.7522
2026-05-27 10:47:03.393196000,347113.4618230611,655.0709228515625,529.8868408203125,-1.0,-1.0,-1.0,2624.3932
2026-05-27 10:47:04.034229999,346754.9370962344,654.7583618164062,529.5922241210938,-1.0,-1.0,-1.0,2625.0342
2026-05-27 10:47:04.675264000,346794.65767353773,655.7250366210938,528.8720703125,-1.0,-1.0,-1.0,2625.6753
2026-05-27 10:47:05.316298000,346723.7746869698,654.5540771484375,529.7098999023438,-1.0,-1.0,-1.0,2626.3163
2026-05-27 10:47:05.957332000,346737.71751978993,654.5540771484375,529.731201171875,-1.0,-1.0,-1.0,2626.9573
2026-05-27 10:47:06.598366000,346741.7439287305,654.7037963867188,529.6162109375,-1.0,-1.0,-1.0,2627.5984
2026-05-27 10:47:07.239400000,346762.29966530576,655.7034301757812,528.8401489257812,-1.0,-1.0,-1.0,2628.2394
2026-05-27 10:47:07.880434000,346669.01305295527,655.4635620117188,528.891357421875,-1.0,-1.0,-1.0,2628.8804
2026-05-27 10:47:08.521468000,346633.36903959885,654.2157592773438,529.8456420898438,-1.0,-1.0,-1.0,2629.5215
2026-05-27 10:47:09.162502000,346685.5551412292,655.5903930664062,528.8142700195312,-1.0,-1.0,-1.0,2630.1625
2026-05-27 10:47:09.803536000,346671.3084311858,655.5313720703125,528.8401489257812,-1.0,-1.0,-1.0,2630.8035
2026-05-27 10:47:10.444570000,346659.4436455965,655.541015625,528.8142700195312,-1.0,-1.0,-1.0,2631.4446
2026-05-27 10:47:11.085604000,346588.0284255147,654.182861328125,529.802978515625,-1.0,-1.0,-1.0,2632.0856
2026-05-27 10:47:11.726638000,346635.35946318135,655.5122680664062,528.8007202148438,-1.0,-1.0,-1.0,2632.7266
2026-05-27 10:47:12.367672000,346491.68756327033,653.9754028320312,529.82373046875,-1.0,-1.0,-1.0,2633.3677
2026-05-27 10:47:13.008706000,346478.11629636586,653.9754028320312,529.802978515625,-1.0,-1.0,-1.0,2634.0087
2026-05-27 10:47:13.649740000,346478.11629636586,653.9754028320312,529.802978515625,-1.0,-1.0,-1.0,2634.6497
2026-05-27 10:47:14.290774000,346522.8651608713,654.0872192382812,529.7808227539062,-1.0,-1.0,-1.0,2635.2908
2026-05-27 10:47:14.931808000,346140.61951190233,653.692626953125,529.515869140625,-1.0,-1.0,-1.0,2635.9318
2026-05-27 10:47:15.572842000,345766.3740992546,653.692626953125,528.943359375,-1.0,-1.0,-1.0,2636.5728
2026-05-27 10:47:16.213876000,346077.0704159364,653.3998413085938,529.6558837890625,-1.0,-1.0,-1.0,2637.2139
2026-05-27 10:47:16.854910000,345543.214711301,654.7432250976562,527.7537841796875,-1.0,-1.0,-1.0,2637.8549
2026-05-27 10:47:17.495944000,345729.08060598746,653.4623413085938,529.0726928710938,-1.0,-1.0,-1.0,2638.4959
2026-05-27 10:47:18.136978000,345689.5378446579,653.54736328125,528.943359375,-1.0,-1.0,-1.0,2639.137
2026-05-27 10:47:18.778012000,345682.3744790815,653.3998413085938,529.0518188476562,-1.0,-1.0,-1.0,2639.778
2026-05-27 10:47:19.419046000,345595.84182339907,653.39208984375,528.9256591796875,-1.0,-1.0,-1.0,2640.419
2026-05-27 10:47:20.060079999,345278.3635187745,653.7080078125,528.1843872070312,-1.0,-1.0,-1.0,2641.0601
2026-05-27 10:47:20.701114000,344580.1382140629,653.6836547851562,527.1359252929688,-1.0,-1.0,-1.0,2641.7011
2026-05-27 10:47:21.342148000,344589.9247355461,653.732421875,527.111572265625,-1.0,-1.0,-1.0,2642.3421
2026-05-27 10:47:21.983182000,344965.7014814988,654.5784912109375,527.0043334960938,-1.0,-1.0,-1.0,2642.9832
2026-05-27 10:47:22.624216000,344574.0043720007,653.732421875,527.0872192382812,-1.0,-1.0,-1.0,2643.6242
2026-05-27 10:47:23.265250000,344552.5021414831,653.7100219726562,527.0723876953125,-1.0,-1.0,-1.0,2644.2652
2026-05-27 10:47:23.906284000,344437.52181407064,653.5663452148438,527.0123291015625,-1.0,-1.0,-1.0,2644.9063
2026-05-27 10:47:24.547318000,344523.4266747944,653.6853637695312,527.0477905273438,-1.0,-1.0,-1.0,2645.5473
2026-05-27 10:47:25.188352000,344468.03292380646,653.5537719726562,527.0691528320312,-1.0,-1.0,-1.0,2646.1884
2026-05-27 10:47:25.829386000,344813.4987583533,653.2499389648438,527.8431396484375,-1.0,-1.0,-1.0,2646.8294
2026-05-27 10:47:26.470420000,344635.4570573196,654.8307495117188,526.2969970703125,-1.0,-1.0,-1.0,2647.4704
2026-05-27 10:47:27.111454000,344515.85491457954,653.5617065429688,527.1359252929688,-1.0,-1.0,-1.0,2648.1115
2026-05-27 10:47:27.752488000,344981.3981120512,653.4519653320312,527.9368896484375,-1.0,-1.0,-1.0,2648.7525
2026-05-27 10:47:28.393522000,344270.5297999084,653.4364013671875,526.861572265625,-1.0,-1.0,-1.0,2649.3935
2026-05-27 10:47:29.034556000,344217.4216097854,653.3032836914062,526.8876342773438,-1.0,-1.0,-1.0,2650.0346
2026-05-27 10:47:29.675590000,344033.3093419969,652.9232177734375,526.912353515625,-1.0,-1.0,-1.0,2650.6756
2026-05-27 10:47:30.316624000,344007.1952776015,652.8736572265625,526.912353515625,-1.0,-1.0,-1.0,2651.3166
2026-05-27 10:47:30.957658000,344350.6767864078,653.4024658203125,527.0115966796875,-1.0,-1.0,-1.0,2651.9577
2026-05-27 10:47:31.598692000,344101.2270183563,652.8984375,527.036376953125,-1.0,-1.0,-1.0,2652.5987
2026-05-27 10:47:32.239726000,344025.4923249781,652.90966796875,526.9113159179688,-1.0,-1.0,-1.0,2653.2397
2026-05-27 10:47:32.880760000,343997.3303797431,652.8241577148438,526.9371948242188,-1.0,-1.0,-1.0,2653.8808
2026-05-27 10:47:33.521794000,344007.1952776015,652.8736572265625,526.912353515625,-1.0,-1.0,-1.0,2654.5218
2026-05-27 10:47:34.162828000,344009.23334398866,652.90966796875,526.8864135742188,-1.0,-1.0,-1.0,2655.1628
2026-05-27 10:47:34.803861999,343954.99930898845,652.7745971679688,526.912353515625,-1.0,-1.0,-1.0,2655.8039
2026-05-27 10:47:35.444896000,343917.4527150616,652.7354736328125,526.8864135742188,-1.0,-1.0,-1.0,2656.4449
2026-05-27 10:47:36.085930000,343930.54126305506,652.7603149414062,526.8864135742188,-1.0,-1.0,-1.0,2657.0859
2026-05-27 10:47:36.726964000,343822.51738384366,652.5860595703125,526.861572265625,-1.0,-1.0,-1.0,2657.727
2026-05-27 10:47:37.367998000,343824.0618071556,652.5626831054688,526.8828125,-1.0,-1.0,-1.0,2658.368
2026-05-27 10:47:38.009032000,343791.5611266494,652.5626831054688,526.8330078125,-1.0,-1.0,-1.0,2659.009
2026-05-27 10:47:38.650066000,343806.2664614618,652.5860595703125,526.836669921875,-1.0,-1.0,-1.0,2659.6501
2026-05-27 10:47:39.291100000,343819.3859293163,652.6109619140625,526.836669921875,-1.0,-1.0,-1.0,2660.2911
2026-05-27 10:47:39.932134000,343805.1528777331,652.551513671875,526.8628540039062,-1.0,-1.0,-1.0,2660.9321
2026-05-27 10:47:40.573168000,343736.4382445812,652.4302368164062,526.85546875,-1.0,-1.0,-1.0,2661.5732
2026-05-27 10:47:41.214202000,343727.6139654517,652.436767578125,526.836669921875,-1.0,-1.0,-1.0,2662.2142
2026-05-27 10:47:41.855236000,343810.8076579571,652.59619140625,526.83544921875,-1.0,-1.0,-1.0,2662.8552
2026-05-27 10:47:42.496270000,343731.7694783807,652.4461669921875,526.83544921875,-1.0,-1.0,-1.0,2663.4963
2026-05-27 10:47:43.137304000,343718.5857299566,652.421142578125,526.83544921875,-1.0,-1.0,-1.0,2664.1373
2026-05-27 10:47:43.778338000,343734.87236614525,652.421142578125,526.8604125976562,-1.0,-1.0,-1.0,2664.7783
2026-05-27 10:47:44.419372000,343718.5857299566,652.421142578125,526.83544921875,-1.0,-1.0,-1.0,2665.4194
2026-05-27 10:47:45.060406000,343665.9472027123,652.3212280273438,526.83544921875,-1.0,-1.0,-1.0,2666.0604
2026-05-27 10:47:45.701440000,343455.26447179914,651.9213256835938,526.83544921875,-1.0,-1.0,-1.0,2666.7014
2026-05-27 10:47:46.342474000,343438.95052260906,651.9213256835938,526.8104248046875,-1.0,-1.0,-1.0,2667.3425
2026-05-27 10:47:46.983508000,343455.26447179914,651.9213256835938,526.83544921875,-1.0,-1.0,-1.0,2667.9835
2026-05-27 10:47:47.624542000,343425.7674004063,651.8963012695312,526.8104248046875,-1.0,-1.0,-1.0,2668.6245
2026-05-27 10:47:48.265576000,343409.4938660301,651.8963012695312,526.7854614257812,-1.0,-1.0,-1.0,2669.2656
2026-05-27 10:47:48.906610000,343363.1068547666,651.7463989257812,526.83544921875,-1.0,-1.0,-1.0,2669.9066
2026-05-27 10:47:49.547644000,343432.35971443355,651.9059448242188,526.812744140625,-1.0,-1.0,-1.0,2670.5476
2026-05-27 10:47:50.188678000,343028.8257191926,652.045654296875,526.0809936523438,-1.0,-1.0,-1.0,2671.1887
2026-05-27 10:47:50.829711999,342977.69856566563,652.0177612304688,526.0250854492188,-1.0,-1.0,-1.0,2671.8297
2026-05-27 10:47:51.470746000,342962.99400700256,651.9898071289062,526.0250854492188,-1.0,-1.0,-1.0,2672.4707
2026-05-27 10:47:52.111780000,343257.4620527923,651.60498046875,526.7876586914062,-1.0,-1.0,-1.0,2673.1118
2026-05-27 10:47:52.752814000,342943.37760708854,652.0469360351562,525.9489135742188,-1.0,-1.0,-1.0,2673.7528
2026-05-27 10:47:53.393848000,342981.180001989,651.9898071289062,526.052978515625,-1.0,-1.0,-1.0,2674.3938
2026-05-27 10:47:54.034882000,342984.60196069255,652.0274047851562,526.0278930664062,-1.0,-1.0,-1.0,2675.0349
2026-05-27 10:47:54.675916000,342931.85500726104,652.056884765625,525.9232177734375,-1.0,-1.0,-1.0,2675.6759
2026-05-27 10:47:55.316950000,342884.437024042,651.8682250976562,526.002685546875,-1.0,-1.0,-1.0,2676.317
2026-05-27 10:47:55.957984000,342815.46634845436,650.736083984375,526.8118286132812,-1.0,-1.0,-1.0,2676.958
2026-05-27 10:47:56.599018000,342860.8621723652,651.88671875,525.9515991210938,-1.0,-1.0,-1.0,2677.599
2026-05-27 10:47:57.240052000,342860.8621723652,651.88671875,525.9515991210938,-1.0,-1.0,-1.0,2678.2401
2026-05-27 10:47:57.881086000,342845.9670587182,651.8583984375,525.9515991210938,-1.0,-1.0,-1.0,2678.8811
2026-05-27 10:47:58.522120000,342724.90426369384,650.5967407226562,526.7854614257812,-1.0,-1.0,-1.0,2679.5221
2026-05-27 10:47:59.163154000,342812.57212901115,651.830078125,525.9232177734375,-1.0,-1.0,-1.0,2680.1632
2026-05-27 10:47:59.804188000,342759.04788867384,651.7252807617188,525.9256591796875,-1.0,-1.0,-1.0,2680.8042
2026-05-27 10:48:00.445222000,342821.8026421964,651.8768310546875,525.899658203125,-1.0,-1.0,-1.0,2681.4452
2026-05-27 10:48:01.086256000,342744.08930974454,651.6968383789062,525.9256591796875,-1.0,-1.0,-1.0,2682.0863
2026-05-27 10:48:01.727290000,342717.62045187503,650.5802001953125,526.7876586914062,-1.0,-1.0,-1.0,2682.7273
2026-05-27 10:48:02.368324000,342517.6883286536,651.266357421875,525.9256591796875,-1.0,-1.0,-1.0,2683.3683
2026-05-27 10:48:03.009358000,342499.1647616029,651.266357421875,525.897216796875,-1.0,-1.0,-1.0,2684.0094
2026-05-27 10:48:03.650392000,342398.83433476835,649.9469604492188,526.8104248046875,-1.0,-1.0,-1.0,2684.6504
2026-05-27 10:48:04.291426000,342574.5998978093,650.3370361328125,526.7647094726562,-1.0,-1.0,-1.0,2685.2914
2026-05-27 10:48:04.932460000,342366.22818869725,649.9414672851562,526.7647094726562,-1.0,-1.0,-1.0,2685.9325
2026-05-27 10:48:05.573493999,342366.22818869725,649.9414672851562,526.7647094726562,-1.0,-1.0,-1.0,2686.5735
2026-05-27 10:48:06.214528000,342363.12257274985,649.9666748046875,526.739501953125,-1.0,-1.0,-1.0,2687.2145
2026-05-27 10:48:06.855562000,342349.8447764665,649.9414672851562,526.739501953125,-1.0,-1.0,-1.0,2687.8556
2026-05-27 10:48:07.496596000,342597.9756038636,650.4125366210938,526.739501953125,-1.0,-1.0,-1.0,2688.4966
2026-05-27 10:48:08.137630000,342333.50103351474,649.9414672851562,526.71435546875,-1.0,-1.0,-1.0,2689.1376
2026-05-27 10:48:08.778664000,342227.1121911071,650.5973510742188,526.0198364257812,-1.0,-1.0,-1.0,2689.7787
2026-05-27 10:48:09.419698000,341880.0811744407,649.9414672851562,526.0167236328125,-1.0,-1.0,-1.0,2690.4197
2026-05-27 10:48:10.060732000,342352.9819081612,649.9163208007812,526.7647094726562,-1.0,-1.0,-1.0,2691.0607
2026-05-27 10:48:10.701766000,342283.5522439331,649.8156127929688,526.739501953125,-1.0,-1.0,-1.0,2691.7018
2026-05-27 10:48:11.342800000,342233.5678784549,649.7493286132812,526.71630859375,-1.0,-1.0,-1.0,2692.3428
2026-05-27 10:48:11.983834000,342352.10333991796,651.0872192382812,525.8160400390625,-1.0,-1.0,-1.0,2692.9838
2026-05-27 10:48:12.624868000,341824.0385803692,649.7998657226562,526.0451049804688,-1.0,-1.0,-1.0,2693.6249
2026-05-27 10:48:13.265902000,338414.99744486064,647.0681762695312,522.9974365234375,-1.0,-1.0,-1.0,2694.2659
2026-05-27 10:48:13.906936000,338801.6040518284,646.69140625,523.8999633789062,-1.0,-1.0,-1.0,2694.9069
2026-05-27 10:48:14.547970000,338049.48133332655,647.0681762695312,522.4325561523438,-1.0,-1.0,-1.0,2695.548
2026-05-27 10:48:15.189004000,338399.8224622011,647.081298828125,522.96337890625,-1.0,-1.0,-1.0,2696.189
2026-05-27 10:48:15.830038000,338414.99744486064,647.0681762695312,522.9974365234375,-1.0,-1.0,-1.0,2696.83
2026-05-27 10:48:16.471072000,338801.6040518284,646.69140625,523.8999633789062,-1.0,-1.0,-1.0,2697.4711
2026-05-27 10:48:17.112106000,338438.41733185574,647.0681762695312,523.0336303710938,-1.0,-1.0,-1.0,2698.1121
2026-05-27 10:48:17.753140000,338423.40080298483,647.081298828125,522.9998168945312,-1.0,-1.0,-1.0,2698.7531
2026-05-27 10:48:18.394174000,338419.486732319,647.031982421875,523.0336303710938,-1.0,-1.0,-1.0,2699.3942
2026-05-27 10:48:19.035208000,338438.41733185574,647.0681762695312,523.0336303710938,-1.0,-1.0,-1.0,2700.0352
2026-05-27 10:48:19.676242000,338030.5724889785,647.031982421875,522.4325561523438,-1.0,-1.0,-1.0,2700.6762
2026-05-27 10:48:20.317276000,338423.40080298483,647.081298828125,522.9998168945312,-1.0,-1.0,-1.0,2701.3173
2026-05-27 10:48:20.958310000,338404.43950591236,647.0450439453125,522.9998168945312,-1.0,-1.0,-1.0,2701.9583
2026-05-27 10:48:21.599343999,338016.38624652475,647.0450439453125,522.4000854492188,-1.0,-1.0,-1.0,2702.5993
2026-05-27 10:48:22.240378000,338404.43950591236,647.0450439453125,522.9998168945312,-1.0,-1.0,-1.0,2703.2404
2026-05-27 10:48:22.881412000,338385.44628746435,647.0087280273438,522.9998168945312,-1.0,-1.0,-1.0,2703.8814
2026-05-27 10:48:23.522446000,338404.43950591236,647.0450439453125,522.9998168945312,-1.0,-1.0,-1.0,2704.5224
2026-05-27 10:48:24.163480000,338309.37764954567,646.86328125,522.9998168945312,-1.0,-1.0,-1.0,2705.1635
2026-05-27 10:48:24.804514000,338427.93754065037,647.0450439453125,523.0361328125,-1.0,-1.0,-1.0,2705.8045
2026-05-27 10:48:25.445548000,338404.43950591236,647.0450439453125,522.9998168945312,-1.0,-1.0,-1.0,2706.4455
2026-05-27 10:48:26.086582000,338290.4163524732,646.8270263671875,522.9998168945312,-1.0,-1.0,-1.0,2707.0866
2026-05-27 10:48:26.727616000,338385.44628746435,647.0087280273438,522.9998168945312,-1.0,-1.0,-1.0,2707.7276
2026-05-27 10:48:27.368650000,338413.3800114915,646.9722900390625,523.0724487304688,-1.0,-1.0,-1.0,2708.3686
2026-05-27 10:48:28.009684000,338306.99086269736,645.7825927734375,523.871337890625,-1.0,-1.0,-1.0,2709.0097
2026-05-27 10:48:28.650718000,338264.30393960327,645.7825927734375,523.8052368164062,-1.0,-1.0,-1.0,2709.6507
2026-05-27 10:48:29.291752000,338035.32580040395,647.081298828125,522.4000854492188,-1.0,-1.0,-1.0,2710.2918
2026-05-27 10:48:29.932786000,337871.02776835486,645.8156127929688,523.1694946289062,-1.0,-1.0,-1.0,2710.9328
2026-05-27 10:48:30.573820000,338306.99086269736,645.7825927734375,523.871337890625,-1.0,-1.0,-1.0,2711.5738
2026-05-27 10:48:31.214854000,338285.6276934296,645.7825927734375,523.8382568359375,-1.0,-1.0,-1.0,2712.2149
2026-05-27 10:48:31.855888000,338370.201950334,647.0217895507812,522.9656982421875,-1.0,-1.0,-1.0,2712.8559
2026-05-27 10:48:32.496922000,338351.1780516431,646.9854125976562,522.9656982421875,-1.0,-1.0,-1.0,2713.4969
2026-05-27 10:48:33.137956000,337659.79404455423,645.3709716796875,523.20263671875,-1.0,-1.0,-1.0,2714.138
2026-05-27 10:48:33.778990000,338268.2985714078,645.74951171875,523.8382568359375,-1.0,-1.0,-1.0,2714.779
2026-05-27 10:48:34.420024000,337497.84322772175,645.5510864257812,522.8057861328125,-1.0,-1.0,-1.0,2715.42
2026-05-27 10:48:35.061058000,337890.2875442356,646.0590209960938,523.002197265625,-1.0,-1.0,-1.0,2716.0611
2026-05-27 10:48:35.702092000,337798.7047009766,645.8839111328125,523.002197265625,-1.0,-1.0,-1.0,2716.7021
2026-05-27 10:48:36.343126000,337087.09565252066,645.847412109375,521.929931640625,-1.0,-1.0,-1.0,2717.3431
2026-05-27 10:48:36.984160000,337536.4234847948,645.5841064453125,522.8388061523438,-1.0,-1.0,-1.0,2717.9842
2026-05-27 10:48:37.625194000,338052.7396402806,645.3380126953125,523.8382568359375,-1.0,-1.0,-1.0,2718.6252
2026-05-27 10:48:38.266228000,337809.4438090548,645.9495239257812,522.9656982421875,-1.0,-1.0,-1.0,2719.2662
2026-05-27 10:48:38.907262000,338074.0881023705,645.3380126953125,523.871337890625,-1.0,-1.0,-1.0,2719.9073
2026-05-27 10:48:39.548296000,337813.93126641214,645.9130249023438,523.002197265625,-1.0,-1.0,-1.0,2720.5483
2026-05-27 10:48:40.189330000,338074.0881023705,645.3380126953125,523.871337890625,-1.0,-1.0,-1.0,2721.1893
2026-05-27 10:48:40.830364000,337960.9654479064,647.2614135742188,522.1398315429688,-1.0,-1.0,-1.0,2721.8304
2026-05-27 10:48:41.471398000,337335.1945663206,645.8672485351562,522.2980346679688,-1.0,-1.0,-1.0,2722.4714
2026-05-27 10:48:42.112432000,336464.21485744044,646.4252319335938,520.4998168945312,-1.0,-1.0,-1.0,2723.1124
2026-05-27 10:48:42.753466000,338247.684645433,646.8300170898438,522.9313354492188,-1.0,-1.0,-1.0,2723.7535
2026-05-27 10:48:43.394500000,337369.73273411393,645.847412109375,522.3675537109375,-1.0,-1.0,-1.0,2724.3945
2026-05-27 10:48:44.035534000,337393.3449533433,645.847412109375,522.4041137695312,-1.0,-1.0,-1.0,2725.0355
2026-05-27 10:48:44.676568000,337393.3449533433,645.847412109375,522.4041137695312,-1.0,-1.0,-1.0,2725.6766
2026-05-27 10:48:45.317602000,336853.6108725481,646.0953979492188,521.3682250976562,-1.0,-1.0,-1.0,2726.3176
2026-05-27 10:48:45.958636000,337110.6290329546,645.847412109375,521.9663696289062,-1.0,-1.0,-1.0,2726.9586
2026-05-27 10:48:46.599670000,336370.61972749606,645.1690063476562,521.3682250976562,-1.0,-1.0,-1.0,2727.5997
2026-05-27 10:48:47.240704000,336470.94834076613,646.4829711914062,520.4637451171875,-1.0,-1.0,-1.0,2728.2407
2026-05-27 10:48:47.881738000,336977.255647555,645.0960693359375,522.3675537109375,-1.0,-1.0,-1.0,2728.8817
2026-05-27 10:48:48.522772000,336341.9953170866,645.1094970703125,521.3719482421875,-1.0,-1.0,-1.0,2729.5228
2026-05-27 10:48:49.163806000,336387.71988543123,646.3230590820312,520.4637451171875,-1.0,-1.0,-1.0,2730.1638
2026-05-27 10:48:49.804840000,336413.5586063601,646.3230590820312,520.5037231445312,-1.0,-1.0,-1.0,2730.8048
2026-05-27 10:48:50.445874000,336796.0452374071,646.3630981445312,521.063232421875,-1.0,-1.0,-1.0,2731.4459
2026-05-27 10:48:51.086908000,336770.24436666816,646.3630981445312,521.0233154296875,-1.0,-1.0,-1.0,2732.0869
2026-05-27 10:48:51.727942000,336848.66760864854,646.4610595703125,521.065673828125,-1.0,-1.0,-1.0,2732.7279
2026-05-27 10:48:52.368975999,336799.94322800264,646.4172973632812,521.0255737304688,-1.0,-1.0,-1.0,2733.369
2026-05-27 10:48:53.010010000,336804.96984034777,646.377197265625,521.065673828125,-1.0,-1.0,-1.0,2734.01
2026-05-27 10:48:53.651044000,337079.67545660585,645.8306274414062,521.9320068359375,-1.0,-1.0,-1.0,2734.651
2026-05-27 10:48:54.292078000,336749.3830815777,646.3230590820312,521.0233154296875,-1.0,-1.0,-1.0,2735.2921
2026-05-27 10:48:54.933112000,336787.85965159535,646.3443603515625,521.065673828125,-1.0,-1.0,-1.0,2735.9331
2026-05-27 10:48:55.574146000,336444.3415468782,646.377197265625,520.5077514648438,-1.0,-1.0,-1.0,2736.5741
2026-05-27 10:48:56.215180000,336779.05005161464,646.377197265625,521.0255737304688,-1.0,-1.0,-1.0,2737.2152
2026-05-27 10:48:56.856214000,336761.9411796257,646.3443603515625,521.0255737304688,-1.0,-1.0,-1.0,2737.8562
2026-05-27 10:48:57.497248000,336380.42863613367,646.30419921875,520.4676513671875,-1.0,-1.0,-1.0,2738.4972
2026-05-27 10:48:58.138282000,335962.8854959011,645.501953125,520.4676513671875,-1.0,-1.0,-1.0,2739.1383
2026-05-27 10:48:58.779316000,336401.33120660484,646.3443603515625,520.4676513671875,-1.0,-1.0,-1.0,2739.7793
2026-05-27 10:48:59.420350000,336766.9330638647,646.30419921875,521.065673828125,-1.0,-1.0,-1.0,2740.4204
2026-05-27 10:49:00.061384000,336577.20758894086,644.867919921875,521.9320068359375,-1.0,-1.0,-1.0,2741.0614
2026-05-27 10:49:00.702418000,336348.9101624489,645.501953125,521.065673828125,-1.0,-1.0,-1.0,2741.7024
2026-05-27 10:49:01.343452000,335962.8854959011,645.501953125,520.4676513671875,-1.0,-1.0,-1.0,2742.3435
2026-05-27 10:49:01.984486000,336608.14785151184,644.924560546875,521.9341430664062,-1.0,-1.0,-1.0,2742.9845
2026-05-27 10:49:02.625520000,336795.41678937525,646.4058837890625,521.0277709960938,-1.0,-1.0,-1.0,2743.6255
2026-05-27 10:49:03.266554000,336401.33120660484,646.3443603515625,520.4676513671875,-1.0,-1.0,-1.0,2744.2666
2026-05-27 10:49:03.907588000,335942.0464590788,645.4619140625,520.4676513671875,-1.0,-1.0,-1.0,2744.9076
2026-05-27 10:49:04.548622000,336432.3018064201,646.30419921875,520.5479125976562,-1.0,-1.0,-1.0,2745.5486
2026-05-27 10:49:05.189656000,336228.4840870425,644.1971435546875,521.9341430664062,-1.0,-1.0,-1.0,2746.1897
2026-05-27 10:49:05.830690000,335916.1239774227,645.4619140625,520.427490234375,-1.0,-1.0,-1.0,2746.8307
2026-05-27 10:49:06.471724000,335802.22425185144,644.160400390625,521.3021850585938,-1.0,-1.0,-1.0,2747.4717
2026-05-27 10:49:07.112758000,336252.15392837673,644.1971435546875,521.9708862304688,-1.0,-1.0,-1.0,2748.1128
2026-05-27 10:49:07.753792000,336232.9750664681,644.160400390625,521.9708862304688,-1.0,-1.0,-1.0,2748.7538
2026-05-27 10:49:08.394826000,336217.85035429895,644.1741333007812,521.936279296875,-1.0,-1.0,-1.0,2749.3948
2026-05-27 10:49:09.035860000,336432.3018064201,646.30419921875,520.5479125976562,-1.0,-1.0,-1.0,2750.0359
2026-05-27 10:49:09.676894000,335787.9553363845,644.1741333007812,521.2689208984375,-1.0,-1.0,-1.0,2750.6769
2026-05-27 10:49:10.317928000,335787.9553363845,644.1741333007812,521.2689208984375,-1.0,-1.0,-1.0,2751.3179
2026-05-27 10:49:10.958962000,335811.66364951804,644.1741333007812,521.3057250976562,-1.0,-1.0,-1.0,2751.959
2026-05-27 10:49:11.599996000,336217.9858626574,644.907958984375,521.3425903320312,-1.0,-1.0,-1.0,2752.6
2026-05-27 10:49:12.241030000,335811.66364951804,644.1741333007812,521.3057250976562,-1.0,-1.0,-1.0,2753.241
2026-05-27 10:49:12.882064000,335811.66364951804,644.1741333007812,521.3057250976562,-1.0,-1.0,-1.0,2753.8821
2026-05-27 10:49:13.523098000,335811.66364951804,644.1741333007812,521.3057250976562,-1.0,-1.0,-1.0,2754.5231
2026-05-27 10:49:14.164132000,335792.4774097577,644.1373291015625,521.3057250976562,-1.0,-1.0,-1.0,2755.1641
2026-05-27 10:49:14.805166000,335806.7371013537,644.1236572265625,521.3389282226562,-1.0,-1.0,-1.0,2755.8052
2026-05-27 10:49:15.446200000,335792.4774097577,644.1373291015625,521.3057250976562,-1.0,-1.0,-1.0,2756.4462
2026-05-27 10:49:16.087234000,335792.4774097577,644.1373291015625,521.3057250976562,-1.0,-1.0,-1.0,2757.0872
2026-05-27 10:49:16.728268000,335773.22753404453,644.1004028320312,521.3057250976562,-1.0,-1.0,-1.0,2757.7283
2026-05-27 10:49:17.369302000,335677.1054273844,643.916015625,521.3057250976562,-1.0,-1.0,-1.0,2758.3693
2026-05-27 10:49:18.010336000,335868.73674567416,645.3663940429688,520.4310913085938,-1.0,-1.0,-1.0,2759.0103
2026-05-27 10:49:18.651370000,335768.7704511732,644.1373291015625,521.2689208984375,-1.0,-1.0,-1.0,2759.6514
2026-05-27 10:49:19.292404000,335894.77356125414,645.3663940429688,520.471435546875,-1.0,-1.0,-1.0,2760.2924
2026-05-27 10:49:19.933438000,335856.28307240084,645.3878784179688,520.3944702148438,-1.0,-1.0,-1.0,2760.9334
2026-05-27 10:49:20.574472000,335877.30975326523,645.4282836914062,520.3944702148438,-1.0,-1.0,-1.0,2761.5745
2026-05-27 10:49:21.215506000,335865.843542099,645.40625,520.3944702148438,-1.0,-1.0,-1.0,2762.2155
2026-05-27 10:49:21.856540000,335270.9574864991,644.3672485351562,520.3103637695312,-1.0,-1.0,-1.0,2762.8565
2026-05-27 10:49:22.497574000,335390.64785680175,644.44775390625,520.4310913085938,-1.0,-1.0,-1.0,2763.4976
2026-05-27 10:49:23.138607999,335773.22753404453,644.1004028320312,521.3057250976562,-1.0,-1.0,-1.0,2764.1386
2026-05-27 10:49:23.779642000,335185.33020783216,645.3878784179688,519.3548583984375,-1.0,-1.0,-1.0,2764.7796
2026-05-27 10:49:24.420676000,335856.28307240084,645.3878784179688,520.3944702148438,-1.0,-1.0,-1.0,2765.4207
2026-05-27 10:49:25.061710000,335338.80568519235,644.44775390625,520.3506469726562,-1.0,-1.0,-1.0,2766.0617
2026-05-27 10:49:25.702744000,335211.4072815329,645.3878784179688,519.395263671875,-1.0,-1.0,-1.0,2766.7027
2026-05-27 10:49:26.343778000,335856.28307240084,645.3878784179688,520.3944702148438,-1.0,-1.0,-1.0,2767.3438
2026-05-27 10:49:26.984812000,335369.683225438,644.407470703125,520.4310913085938,-1.0,-1.0,-1.0,2767.9848
2026-05-27 10:49:27.625846000,335649.5569107309,643.9086303710938,521.2689208984375,-1.0,-1.0,-1.0,2768.6258
2026-05-27 10:49:28.266880000,335317.8442943841,644.407470703125,520.3506469726562,-1.0,-1.0,-1.0,2769.2669
2026-05-27 10:49:28.907914000,335804.1289249994,645.3878784179688,520.3136596679688,-1.0,-1.0,-1.0,2769.9079
2026-05-27 10:49:29.548948000,335279.18143952265,644.4290161132812,520.2732543945312,-1.0,-1.0,-1.0,2770.5489
2026-05-27 10:49:30.189982000,335279.18143952265,644.4290161132812,520.2732543945312,-1.0,-1.0,-1.0,2771.19
2026-05-27 10:49:30.831016000,335830.2059987001,645.3878784179688,520.3540649414062,-1.0,-1.0,-1.0,2771.831
2026-05-27 10:49:31.472050000,335856.28307240084,645.3878784179688,520.3944702148438,-1.0,-1.0,-1.0,2772.472
2026-05-27 10:49:32.113084000,335168.79376220703,645.40625,519.314453125,-1.0,-1.0,-1.0,2773.1131
2026-05-27 10:49:32.754118000,335511.8885119222,645.8699340820312,519.4728393554688,-1.0,-1.0,-1.0,2773.7541
2026-05-27 10:49:33.395152000,334810.11992265657,645.8699340820312,518.3862915039062,-1.0,-1.0,-1.0,2774.3952
2026-05-27 10:49:34.036186000,335133.1760604307,645.3878784179688,519.2740478515625,-1.0,-1.0,-1.0,2775.0362
2026-05-27 10:49:34.677220000,334767.28244733065,645.8927001953125,518.3016967773438,-1.0,-1.0,-1.0,2775.6772
2026-05-27 10:49:35.318254000,334147.67031879723,643.5401000976562,519.233642578125,-1.0,-1.0,-1.0,2776.3183
2026-05-27 10:49:35.959288000,334795.6664038822,645.8927001953125,518.3456420898438,-1.0,-1.0,-1.0,2776.9593
2026-05-27 10:49:36.600322000,334346.1635423824,645.0255126953125,518.3456420898438,-1.0,-1.0,-1.0,2777.6003
2026-05-27 10:49:37.241356000,334346.1635423824,645.0255126953125,518.3456420898438,-1.0,-1.0,-1.0,2778.2414
2026-05-27 10:49:37.882390000,334147.67031879723,643.5401000976562,519.233642578125,-1.0,-1.0,-1.0,2778.8824
2026-05-27 10:49:38.523424000,334981.8765154965,644.9583129882812,519.3853149414062,-1.0,-1.0,-1.0,2779.5234
2026-05-27 10:49:39.164458000,334309.32324539125,644.9583129882812,518.342529296875,-1.0,-1.0,-1.0,2780.1645
2026-05-27 10:49:39.805492000,334967.69701717794,644.9815673828125,519.3446044921875,-1.0,-1.0,-1.0,2780.8055
2026-05-27 10:49:40.446526000,334038.47122490406,643.429931640625,519.15283203125,-1.0,-1.0,-1.0,2781.4465
2026-05-27 10:49:41.087560000,334272.26383458823,644.9376220703125,518.3016967773438,-1.0,-1.0,-1.0,2782.0876
2026-05-27 10:49:41.728594000,334272.26383458823,644.9376220703125,518.3016967773438,-1.0,-1.0,-1.0,2782.7286
2026-05-27 10:49:42.369628000,334592.7571791187,644.4474487304688,519.1932373046875,-1.0,-1.0,-1.0,2783.3696
2026-05-27 10:49:43.010662000,334074.6889792383,643.4996948242188,519.15283203125,-1.0,-1.0,-1.0,2784.0107
2026-05-27 10:49:43.651696000,334192.8384255059,644.8937377929688,518.2138061523438,-1.0,-1.0,-1.0,2784.6517
2026-05-27 10:49:44.292730000,334221.21784353256,644.8937377929688,518.2578125,-1.0,-1.0,-1.0,2785.2927
2026-05-27 10:49:44.933764000,334221.21784353256,644.8937377929688,518.2578125,-1.0,-1.0,-1.0,2785.9338
2026-05-27 10:49:45.574798000,334064.4691872299,643.429931640625,519.1932373046875,-1.0,-1.0,-1.0,2786.5748
2026-05-27 10:49:46.215832000,334090.4671495557,643.429931640625,519.233642578125,-1.0,-1.0,-1.0,2787.2158
2026-05-27 10:49:46.856866000,334064.4691872299,643.429931640625,519.1932373046875,-1.0,-1.0,-1.0,2787.8569
2026-05-27 10:49:47.497900000,334238.35293155164,644.9815673828125,518.2138061523438,-1.0,-1.0,-1.0,2788.4979
2026-05-27 10:49:48.138934000,334215.57986389846,644.9376220703125,518.2138061523438,-1.0,-1.0,-1.0,2789.1389
2026-05-27 10:49:48.779968000,334021.9784950018,643.4482421875,519.1124267578125,-1.0,-1.0,-1.0,2789.78
2026-05-27 10:49:49.421002000,334192.8384255059,644.8937377929688,518.2138061523438,-1.0,-1.0,-1.0,2790.421
2026-05-27 10:49:50.062036000,334038.47122490406,643.429931640625,519.15283203125,-1.0,-1.0,-1.0,2791.062
2026-05-27 10:49:50.703070000,334012.47326257825,643.429931640625,519.1124267578125,-1.0,-1.0,-1.0,2791.7031
2026-05-27 10:49:51.344104000,334221.21784353256,644.8937377929688,518.2578125,-1.0,-1.0,-1.0,2792.3441
2026-05-27 10:49:51.985138000,334038.47122490406,643.429931640625,519.15283203125,-1.0,-1.0,-1.0,2792.9851
2026-05-27 10:49:52.626172000,334038.47122490406,643.429931640625,519.15283203125,-1.0,-1.0,-1.0,2793.6262
2026-05-27 10:49:53.267206000,334038.47122490406,643.429931640625,519.15283203125,-1.0,-1.0,-1.0,2794.2672
2026-05-27 10:49:53.908239999,334038.47122490406,643.429931640625,519.15283203125,-1.0,-1.0,-1.0,2794.9082
2026-05-27 10:49:54.549274000,334221.21784353256,644.8937377929688,518.2578125,-1.0,-1.0,-1.0,2795.5493
2026-05-27 10:49:55.190308000,334038.47122490406,643.429931640625,519.15283203125,-1.0,-1.0,-1.0,2796.1903
2026-05-27 10:49:55.831342000,334038.47122490406,643.429931640625,519.15283203125,-1.0,-1.0,-1.0,2796.8313
2026-05-27 10:49:56.472376000,334059.44773703814,643.4703369140625,519.15283203125,-1.0,-1.0,-1.0,2797.4724
2026-05-27 10:49:57.113410000,334038.47122490406,643.429931640625,519.15283203125,-1.0,-1.0,-1.0,2798.1134
2026-05-27 10:49:57.754444000,333677.65846657753,644.005859375,518.1282958984375,-1.0,-1.0,-1.0,2798.7544
2026-05-27 10:49:58.395478000,334025.43396256864,643.4517211914062,519.114990234375,-1.0,-1.0,-1.0,2799.3955
2026-05-27 10:49:59.036512000,334814.3171044439,644.849853515625,519.2128295898438,-1.0,-1.0,-1.0,2800.0365
2026-05-27 10:49:59.677546000,334164.5770910494,644.8937377929688,518.1699829101562,-1.0,-1.0,-1.0,2800.6775
2026-05-27 10:50:00.318580000,333720.61356430873,643.9824829101562,518.2138061523438,-1.0,-1.0,-1.0,2801.3186
2026-05-27 10:50:00.959614000,334126.7514798865,644.8726196289062,518.1282958984375,-1.0,-1.0,-1.0,2801.9596
2026-05-27 10:50:01.600648000,334126.7514798865,644.8726196289062,518.1282958984375,-1.0,-1.0,-1.0,2802.6006
2026-05-27 10:50:02.241682000,333720.61356430873,643.9824829101562,518.2138061523438,-1.0,-1.0,-1.0,2803.2417
2026-05-27 10:50:02.882716000,333692.39216399565,643.9824829101562,518.1699829101562,-1.0,-1.0,-1.0,2803.8827
2026-05-27 10:50:03.523750000,333692.39216399565,643.9824829101562,518.1699829101562,-1.0,-1.0,-1.0,2804.5238
2026-05-27 10:50:04.164784000,333649.27881383896,644.005859375,518.084228515625,-1.0,-1.0,-1.0,2805.1648
2026-05-27 10:50:04.805818000,334335.74575776234,643.9824829101562,519.1690063476562,-1.0,-1.0,-1.0,2805.8058
2026-05-27 10:50:05.446852000,334234.21016800404,643.4517211914062,519.439453125,-1.0,-1.0,-1.0,2806.4469
2026-05-27 10:50:06.087886000,334312.9940886609,643.9386596679688,519.1690063476562,-1.0,-1.0,-1.0,2807.0879
2026-05-27 10:50:06.728920000,333761.2171667889,644.9168090820312,517.5260009765625,-1.0,-1.0,-1.0,2807.7289
2026-05-27 10:50:07.369954000,334121.2274900228,644.9168090820312,518.084228515625,-1.0,-1.0,-1.0,2808.37
2026-05-27 10:50:08.010988000,333641.38618971035,643.9386596679688,518.1260375976562,-1.0,-1.0,-1.0,2809.011
2026-05-27 10:50:08.652022000,333677.65846657753,644.005859375,518.1282958984375,-1.0,-1.0,-1.0,2809.652
2026-05-27 10:50:09.293056000,334312.9940886609,643.9386596679688,519.1690063476562,-1.0,-1.0,-1.0,2810.2931
2026-05-27 10:50:09.934089999,333649.27881383896,644.005859375,518.084228515625,-1.0,-1.0,-1.0,2810.9341
2026-05-27 10:50:10.575124000,333484.03957889974,642.5594482421875,518.9932861328125,-1.0,-1.0,-1.0,2811.5751
2026-05-27 10:50:11.216158000,334298.22982100025,643.9618530273438,519.1273803710938,-1.0,-1.0,-1.0,2812.2162
2026-05-27 10:50:11.857192000,333489.0532816909,642.5188598632812,519.0338745117188,-1.0,-1.0,-1.0,2812.8572
2026-05-27 10:50:12.498226000,333654.8575326577,643.9618530273438,518.1282958984375,-1.0,-1.0,-1.0,2813.4982
2026-05-27 10:50:13.139260000,333510.1200252548,642.5594482421875,519.0338745117188,-1.0,-1.0,-1.0,2814.1393
2026-05-27 10:50:13.780294000,333267.0025786981,643.9618530273438,517.5260009765625,-1.0,-1.0,-1.0,2814.7803
2026-05-27 10:50:14.421328000,333244.1649750173,643.917724609375,517.5260009765625,-1.0,-1.0,-1.0,2815.4213
2026-05-27 10:50:15.062362000,334298.22982100025,643.9618530273438,519.1273803710938,-1.0,-1.0,-1.0,2816.0624
2026-05-27 10:50:15.703396000,333215.7892061472,643.917724609375,517.48193359375,-1.0,-1.0,-1.0,2816.7034
2026-05-27 10:50:16.344430000,333887.45387372375,643.917724609375,518.5250244140625,-1.0,-1.0,-1.0,2817.3444
2026-05-27 10:50:16.985464000,333244.1649750173,643.917724609375,517.5260009765625,-1.0,-1.0,-1.0,2817.9855
2026-05-27 10:50:17.626498000,333244.1649750173,643.917724609375,517.5260009765625,-1.0,-1.0,-1.0,2818.6265
2026-05-27 10:50:18.267532000,333244.1649750173,643.917724609375,517.5260009765625,-1.0,-1.0,-1.0,2819.2675
2026-05-27 10:50:18.908566000,333229.8592572473,643.8947143554688,517.5222778320312,-1.0,-1.0,-1.0,2819.9086
2026-05-27 10:50:19.549600000,333210.16854308546,643.9618530273438,517.437744140625,-1.0,-1.0,-1.0,2820.5496
2026-05-27 10:50:20.190634000,333215.7892061472,643.917724609375,517.48193359375,-1.0,-1.0,-1.0,2821.1906
2026-05-27 10:50:20.831668000,333272.5014422685,643.917724609375,517.5700073242188,-1.0,-1.0,-1.0,2821.8317
2026-05-27 10:50:21.472702000,333605.8848285377,642.4930419921875,519.236572265625,-1.0,-1.0,-1.0,2822.4727
2026-05-27 10:50:22.113736000,333215.7892061472,643.917724609375,517.48193359375,-1.0,-1.0,-1.0,2823.1137
2026-05-27 10:50:22.754770000,333221.3273713365,643.8735961914062,517.5260009765625,-1.0,-1.0,-1.0,2823.7548
2026-05-27 10:50:23.395804000,333215.7892061472,643.917724609375,517.48193359375,-1.0,-1.0,-1.0,2824.3958
2026-05-27 10:50:24.036838000,333221.3273713365,643.8735961914062,517.5260009765625,-1.0,-1.0,-1.0,2825.0368
2026-05-27 10:50:24.677871999,333221.3273713365,643.8735961914062,517.5260009765625,-1.0,-1.0,-1.0,2825.6779
2026-05-27 10:50:25.318906000,333595.8793923408,643.850830078125,518.1260375976562,-1.0,-1.0,-1.0,2826.3189
2026-05-27 10:50:25.959940000,333158.99836678803,643.917724609375,517.3937377929688,-1.0,-1.0,-1.0,2826.9599
2026-05-27 10:50:26.600974000,333130.6225979179,643.917724609375,517.3496704101562,-1.0,-1.0,-1.0,2827.601
2026-05-27 10:50:27.242008000,333107.79277542606,643.8735961914062,517.3496704101562,-1.0,-1.0,-1.0,2828.242
2026-05-27 10:50:27.883042000,332631.07058918104,643.0068969726562,517.3056030273438,-1.0,-1.0,-1.0,2828.883
2026-05-27 10:50:28.524076000,333130.6225979179,643.917724609375,517.3496704101562,-1.0,-1.0,-1.0,2829.5241
2026-05-27 10:50:29.165110000,333107.79277542606,643.8735961914062,517.3496704101562,-1.0,-1.0,-1.0,2830.1651
2026-05-27 10:50:29.806144000,333164.50112499297,643.8735961914062,517.437744140625,-1.0,-1.0,-1.0,2830.8061
2026-05-27 10:50:30.447178000,333164.50112499297,643.8735961914062,517.437744140625,-1.0,-1.0,-1.0,2831.4472
2026-05-27 10:50:31.088212000,333136.1665996723,643.8735961914062,517.3937377929688,-1.0,-1.0,-1.0,2832.0882
2026-05-27 10:50:31.729246000,332687.741851341,643.0068969726562,517.3937377929688,-1.0,-1.0,-1.0,2832.7292
2026-05-27 10:50:32.370280000,332659.406220261,643.0068969726562,517.3496704101562,-1.0,-1.0,-1.0,2833.3703
2026-05-27 10:50:33.011314000,332659.406220261,643.0068969726562,517.3496704101562,-1.0,-1.0,-1.0,2834.0113
2026-05-27 10:50:33.652348000,332659.406220261,643.0068969726562,517.3496704101562,-1.0,-1.0,-1.0,2834.6523
2026-05-27 10:50:34.293382000,332608.2742851414,642.9628295898438,517.3056030273438,-1.0,-1.0,-1.0,2835.2934
2026-05-27 10:50:34.934416000,333064.818404004,643.896728515625,517.2643432617188,-1.0,-1.0,-1.0,2835.9344
2026-05-27 10:50:35.575450000,332650.67168690264,642.9861450195312,517.352783203125,-1.0,-1.0,-1.0,2836.5754
2026-05-27 10:50:36.216484000,333079.41895117983,643.8735961914062,517.3056030273438,-1.0,-1.0,-1.0,2837.2165
2026-05-27 10:50:36.857518000,333051.0451269336,643.8735961914062,517.2615356445312,-1.0,-1.0,-1.0,2837.8575
2026-05-27 10:50:37.498552000,332664.94166343287,642.9628295898438,517.3937377929688,-1.0,-1.0,-1.0,2838.4986
2026-05-27 10:50:38.139586000,333030.71819827333,643.9409790039062,517.1758422851562,-1.0,-1.0,-1.0,2839.1396
2026-05-27 10:50:38.780620000,332721.6482850611,642.9628295898438,517.48193359375,-1.0,-1.0,-1.0,2839.7806
2026-05-27 10:50:39.421654000,332687.8890828788,643.0541381835938,517.35595703125,-1.0,-1.0,-1.0,2840.4217
2026-05-27 10:50:40.062688000,332622.21923602745,642.9861450195312,517.3085327148438,-1.0,-1.0,-1.0,2841.0627
2026-05-27 10:50:40.703721999,332588.240820691,643.0303955078125,517.2200927734375,-1.0,-1.0,-1.0,2841.7037
2026-05-27 10:50:41.344756000,332622.21923602745,642.9861450195312,517.3085327148438,-1.0,-1.0,-1.0,2842.3448
2026-05-27 10:50:41.985790000,332642.1098963171,642.918701171875,517.3937377929688,-1.0,-1.0,-1.0,2842.9858
2026-05-27 10:50:42.626824000,332650.67168690264,642.9861450195312,517.352783203125,-1.0,-1.0,-1.0,2843.6268
2026-05-27 10:50:43.267858000,332679.12413777784,642.9861450195312,517.3970336914062,-1.0,-1.0,-1.0,2844.2679
2026-05-27 10:50:43.908892000,332588.240820691,643.0303955078125,517.2200927734375,-1.0,-1.0,-1.0,2844.9089
2026-05-27 10:50:44.549926000,332659.406220261,643.0068969726562,517.3496704101562,-1.0,-1.0,-1.0,2845.5499
2026-05-27 10:50:45.190960000,332679.12413777784,642.9861450195312,517.3970336914062,-1.0,-1.0,-1.0,2846.191
2026-05-27 10:50:45.831994000,332622.21923602745,642.9861450195312,517.3085327148438,-1.0,-1.0,-1.0,2846.832
2026-05-27 10:50:46.473028000,332557.11466275156,642.918701171875,517.2615356445312,-1.0,-1.0,-1.0,2847.473
2026-05-27 10:50:47.114062000,332542.497905992,642.9419555664062,517.2200927734375,-1.0,-1.0,-1.0,2848.1141
2026-05-27 10:50:47.755096000,332542.497905992,642.9419555664062,517.2200927734375,-1.0,-1.0,-1.0,2848.7551
2026-05-27 10:50:48.396130000,332585.4464072734,642.918701171875,517.3056030273438,-1.0,-1.0,-1.0,2849.3961
2026-05-27 10:50:49.037164000,332562.61852940544,642.8745727539062,517.3056030273438,-1.0,-1.0,-1.0,2850.0372
2026-05-27 10:50:49.678198000,332536.9011281617,642.9861450195312,517.1758422851562,-1.0,-1.0,-1.0,2850.6782
2026-05-27 10:50:50.319232000,332528.7829182297,642.918701171875,517.2174682617188,-1.0,-1.0,-1.0,2851.3192
2026-05-27 10:50:50.960266000,332534.2887295075,642.8745727539062,517.2615356445312,-1.0,-1.0,-1.0,2851.9603
2026-05-27 10:50:51.601300000,332528.7829182297,642.918701171875,517.2174682617188,-1.0,-1.0,-1.0,2852.6013
2026-05-27 10:50:52.242334000,332528.7829182297,642.918701171875,517.2174682617188,-1.0,-1.0,-1.0,2853.2423
2026-05-27 10:50:52.883368000,332542.497905992,642.9419555664062,517.2200927734375,-1.0,-1.0,-1.0,2853.8834
2026-05-27 10:50:53.524402000,332534.2887295075,642.8745727539062,517.2615356445312,-1.0,-1.0,-1.0,2854.5244
2026-05-27 10:50:54.165436000,332528.7829182297,642.918701171875,517.2174682617188,-1.0,-1.0,-1.0,2855.1654
2026-05-27 10:50:54.806470000,332534.2887295075,642.8745727539062,517.2615356445312,-1.0,-1.0,-1.0,2855.8065
2026-05-27 10:50:55.447503999,332514.04741052166,642.9419555664062,517.1758422851562,-1.0,-1.0,-1.0,2856.4475
2026-05-27 10:50:56.088538000,332505.9589296095,642.8745727539062,517.2174682617188,-1.0,-1.0,-1.0,2857.0885
2026-05-27 10:50:56.729572000,332528.7829182297,642.918701171875,517.2174682617188,-1.0,-1.0,-1.0,2857.7296
2026-05-27 10:50:57.370606000,332557.11466275156,642.918701171875,517.2615356445312,-1.0,-1.0,-1.0,2858.3706
2026-05-27 10:50:58.011640000,332528.7829182297,642.918701171875,517.2174682617188,-1.0,-1.0,-1.0,2859.0116
2026-05-27 10:50:58.652674000,332528.7829182297,642.918701171875,517.2174682617188,-1.0,-1.0,-1.0,2859.6527
2026-05-27 10:50:59.293708000,332528.7829182297,642.918701171875,517.2174682617188,-1.0,-1.0,-1.0,2860.2937
2026-05-27 10:50:59.934742000,332514.04741052166,642.9419555664062,517.1758422851562,-1.0,-1.0,-1.0,2860.9347
2026-05-27 10:51:00.575776000,332542.497905992,642.9419555664062,517.2200927734375,-1.0,-1.0,-1.0,2861.5758
2026-05-27 10:51:01.216810000,332514.04741052166,642.9419555664062,517.1758422851562,-1.0,-1.0,-1.0,2862.2168
2026-05-27 10:51:01.857844000,332514.04741052166,642.9419555664062,517.1758422851562,-1.0,-1.0,-1.0,2862.8578
2026-05-27 10:51:02.498878000,332534.2887295075,642.8745727539062,517.2615356445312,-1.0,-1.0,-1.0,2863.4989
2026-05-27 10:51:03.139912000,332534.2887295075,642.8745727539062,517.2615356445312,-1.0,-1.0,-1.0,2864.1399
2026-05-27 10:51:03.780946000,332557.11466275156,642.918701171875,517.2615356445312,-1.0,-1.0,-1.0,2864.7809
2026-05-27 10:51:04.421980000,332534.2887295075,642.8745727539062,517.2615356445312,-1.0,-1.0,-1.0,2865.422
2026-05-27 10:51:05.063014000,332514.04741052166,642.9419555664062,517.1758422851562,-1.0,-1.0,-1.0,2866.063
2026-05-27 10:51:05.704048000,332542.497905992,642.9419555664062,517.2200927734375,-1.0,-1.0,-1.0,2866.704
2026-05-27 10:51:06.345082000,332514.04741052166,642.9419555664062,517.1758422851562,-1.0,-1.0,-1.0,2867.3451
2026-05-27 10:51:06.986116000,332514.04741052166,642.9419555664062,517.1758422851562,-1.0,-1.0,-1.0,2867.9861
2026-05-27 10:51:07.627150000,332491.1621269733,642.897705078125,517.1758422851562,-1.0,-1.0,-1.0,2868.6271
2026-05-27 10:51:08.268184000,332514.04741052166,642.9419555664062,517.1758422851562,-1.0,-1.0,-1.0,2869.2682
2026-05-27 10:51:08.909218000,332542.497905992,642.9419555664062,517.2200927734375,-1.0,-1.0,-1.0,2869.9092
2026-05-27 10:51:09.550252000,332514.04741052166,642.9419555664062,517.1758422851562,-1.0,-1.0,-1.0,2870.5503
2026-05-27 10:51:10.191286000,332462.71358960867,642.897705078125,517.131591796875,-1.0,-1.0,-1.0,2871.1913
2026-05-27 10:51:10.832320000,332542.497905992,642.9419555664062,517.2200927734375,-1.0,-1.0,-1.0,2871.8323
2026-05-27 10:51:11.473353999,332491.1621269733,642.897705078125,517.1758422851562,-1.0,-1.0,-1.0,2872.4734
2026-05-27 10:51:12.114388000,332057.6869539432,642.0078735351562,517.2174682617188,-1.0,-1.0,-1.0,2873.1144
2026-05-27 10:51:12.755422000,332179.61035756767,642.0756225585938,517.352783203125,-1.0,-1.0,-1.0,2873.7554
2026-05-27 10:51:13.396456000,332077.0468276106,641.9871215820312,517.2643432617188,-1.0,-1.0,-1.0,2874.3965
2026-05-27 10:51:14.037490000,331373.3010339439,642.0313720703125,516.132568359375,-1.0,-1.0,-1.0,2875.0375
2026-05-27 10:51:14.678524000,332542.497905992,642.9419555664062,517.2200927734375,-1.0,-1.0,-1.0,2875.6785
2026-05-27 10:51:15.319558000,332542.497905992,642.9419555664062,517.2200927734375,-1.0,-1.0,-1.0,2876.3196
2026-05-27 10:51:15.960592000,332562.61852940544,642.8745727539062,517.3056030273438,-1.0,-1.0,-1.0,2876.9606
2026-05-27 10:51:16.601626000,332077.0468276106,641.9871215820312,517.2643432617188,-1.0,-1.0,-1.0,2877.6016
2026-05-27 10:51:17.242660000,331991.82209680974,641.9871215820312,517.131591796875,-1.0,-1.0,-1.0,2878.2427
2026-05-27 10:51:17.883694000,332043.1156239584,642.0313720703125,517.1758422851562,-1.0,-1.0,-1.0,2878.8837
2026-05-27 10:51:18.524728000,330472.45039412007,641.0322875976562,515.5316772460938,-1.0,-1.0,-1.0,2879.5247
2026-05-27 10:51:19.165762000,330356.11161581054,640.9673461914062,515.4024047851562,-1.0,-1.0,-1.0,2880.1658
2026-05-27 10:51:19.806796000,330327.59201160073,640.9673461914062,515.35791015625,-1.0,-1.0,-1.0,2880.8068
2026-05-27 10:51:20.447830000,330318.9953714609,640.899658203125,515.39892578125,-1.0,-1.0,-1.0,2881.4478
2026-05-27 10:51:21.088864000,330426.88826834783,640.9439086914062,515.5316772460938,-1.0,-1.0,-1.0,2882.0889
2026-05-27 10:51:21.729898000,330387.35241892934,641.0322875976562,515.39892578125,-1.0,-1.0,-1.0,2882.7299
2026-05-27 10:51:22.370932000,330435.8365362324,641.0116577148438,515.4911499023438,-1.0,-1.0,-1.0,2883.3709
2026-05-27 10:51:23.011966000,330364.66736252606,641.0353393554688,515.361083984375,-1.0,-1.0,-1.0,2884.012
2026-05-27 10:51:23.653000000,330412.99433806166,640.9673461914062,515.4911499023438,-1.0,-1.0,-1.0,2884.653
2026-05-27 10:51:24.294034000,330378.9498815499,641.0116577148438,515.4024047851562,-1.0,-1.0,-1.0,2885.294
2026-05-27 10:51:24.935068000,330435.8365362324,641.0116577148438,515.4911499023438,-1.0,-1.0,-1.0,2885.9351
2026-05-27 10:51:25.576102000,330356.11161581054,640.9673461914062,515.4024047851562,-1.0,-1.0,-1.0,2886.5761
2026-05-27 10:51:26.217135999,330327.59201160073,640.9673461914062,515.35791015625,-1.0,-1.0,-1.0,2887.2171
2026-05-27 10:51:26.858170000,330356.11161581054,640.9673461914062,515.4024047851562,-1.0,-1.0,-1.0,2887.8582
2026-05-27 10:51:27.499204000,330378.9498815499,641.0116577148438,515.4024047851562,-1.0,-1.0,-1.0,2888.4992
2026-05-27 10:51:28.140238000,330327.59201160073,640.9673461914062,515.35791015625,-1.0,-1.0,-1.0,2889.1402
2026-05-27 10:51:28.781272000,330327.59201160073,640.9673461914062,515.35791015625,-1.0,-1.0,-1.0,2889.7813
2026-05-27 10:51:29.422306000,330299.1506504752,640.9673461914062,515.3135375976562,-1.0,-1.0,-1.0,2890.4223
2026-05-27 10:51:30.063340000,330327.59201160073,640.9673461914062,515.35791015625,-1.0,-1.0,-1.0,2891.0633
2026-05-27 10:51:30.704374000,330285.116983857,640.9439086914062,515.3104858398438,-1.0,-1.0,-1.0,2891.7044
2026-05-27 10:51:31.345408000,330327.59201160073,640.9673461914062,515.35791015625,-1.0,-1.0,-1.0,2892.3454
2026-05-27 10:51:31.986442000,330290.6743660569,640.899658203125,515.354736328125,-1.0,-1.0,-1.0,2892.9864
2026-05-27 10:51:32.627476000,330327.59201160073,640.9673461914062,515.35791015625,-1.0,-1.0,-1.0,2893.6275
2026-05-27 10:51:33.268510000,330299.1506504752,640.9673461914062,515.3135375976562,-1.0,-1.0,-1.0,2894.2685
2026-05-27 10:51:33.909544000,330299.1506504752,640.9673461914062,515.3135375976562,-1.0,-1.0,-1.0,2894.9095
2026-05-27 10:51:34.550578000,330270.7092893496,640.9673461914062,515.2691650390625,-1.0,-1.0,-1.0,2895.5506
2026-05-27 10:51:35.191612000,330327.59201160073,640.9673461914062,515.35791015625,-1.0,-1.0,-1.0,2896.1916
2026-05-27 10:51:35.832646000,330299.1506504752,640.9673461914062,515.3135375976562,-1.0,-1.0,-1.0,2896.8326
2026-05-27 10:51:36.473680000,330327.59201160073,640.9673461914062,515.35791015625,-1.0,-1.0,-1.0,2897.4737
2026-05-27 10:51:37.114714000,330401.8510626219,641.0560913085938,515.4024047851562,-1.0,-1.0,-1.0,2898.1147
2026-05-27 10:51:37.755748000,330458.74166056886,641.0560913085938,515.4911499023438,-1.0,-1.0,-1.0,2898.7557
2026-05-27 10:51:38.396782000,330321.9849783741,641.0116577148438,515.3135375976562,-1.0,-1.0,-1.0,2899.3968
2026-05-27 10:51:39.037816000,330299.1506504752,640.9673461914062,515.3135375976562,-1.0,-1.0,-1.0,2900.0378
2026-05-27 10:51:39.678850000,330276.2219658494,640.9228515625,515.3135375976562,-1.0,-1.0,-1.0,2900.6788
2026-05-27 10:51:40.319884000,330327.59201160073,640.9673461914062,515.35791015625,-1.0,-1.0,-1.0,2901.3199
2026-05-27 10:51:40.960918000,330304.66135263443,640.9228515625,515.35791015625,-1.0,-1.0,-1.0,2901.9609
2026-05-27 10:51:41.601952000,330304.66135263443,640.9228515625,515.35791015625,-1.0,-1.0,-1.0,2902.602
2026-05-27 10:51:42.242985999,330318.9953714609,640.899658203125,515.39892578125,-1.0,-1.0,-1.0,2903.243
2026-05-27 10:51:42.884020000,330304.66135263443,640.9228515625,515.35791015625,-1.0,-1.0,-1.0,2903.884
2026-05-27 10:51:43.525054000,330299.1506504752,640.9673461914062,515.3135375976562,-1.0,-1.0,-1.0,2904.5251
2026-05-27 10:51:44.166088000,330304.66135263443,640.9228515625,515.35791015625,-1.0,-1.0,-1.0,2905.1661
2026-05-27 10:51:44.807122000,330327.59201160073,640.9673461914062,515.35791015625,-1.0,-1.0,-1.0,2905.8071
2026-05-27 10:51:45.448156000,330276.2219658494,640.9228515625,515.3135375976562,-1.0,-1.0,-1.0,2906.4482
2026-05-27 10:51:46.089190000,330276.2219658494,640.9228515625,515.3135375976562,-1.0,-1.0,-1.0,2907.0892
2026-05-27 10:51:46.730224000,330247.78257906437,640.9228515625,515.2691650390625,-1.0,-1.0,-1.0,2907.7302
2026-05-27 10:51:47.371258000,330284.58556714654,640.9907836914062,515.27197265625,-1.0,-1.0,-1.0,2908.3713
2026-05-27 10:51:48.012292000,330276.2219658494,640.9228515625,515.3135375976562,-1.0,-1.0,-1.0,2909.0123
2026-05-27 10:51:48.653326000,330281.79360356927,640.8784790039062,515.35791015625,-1.0,-1.0,-1.0,2909.6533
2026-05-27 10:51:49.294360000,330276.2219658494,640.9228515625,515.3135375976562,-1.0,-1.0,-1.0,2910.2944
2026-05-27 10:51:49.935394000,330304.66135263443,640.9228515625,515.35791015625,-1.0,-1.0,-1.0,2910.9354
2026-05-27 10:51:50.576428000,330304.66135263443,640.9228515625,515.35791015625,-1.0,-1.0,-1.0,2911.5764
2026-05-27 10:51:51.217462000,330504.6585403681,642.416259765625,514.47119140625,-1.0,-1.0,-1.0,2912.2175
2026-05-27 10:51:51.858496000,330384.513855394,640.9673461914062,515.4467163085938,-1.0,-1.0,-1.0,2912.8585
2026-05-27 10:51:52.499530000,330284.58556714654,640.9907836914062,515.27197265625,-1.0,-1.0,-1.0,2913.4995
2026-05-27 10:51:53.140564000,330284.58556714654,640.9907836914062,515.27197265625,-1.0,-1.0,-1.0,2914.1406
2026-05-27 10:51:53.781598000,330284.58556714654,640.9907836914062,515.27197265625,-1.0,-1.0,-1.0,2914.7816
2026-05-27 10:51:54.422632000,330276.2219658494,640.9228515625,515.3135375976562,-1.0,-1.0,-1.0,2915.4226
2026-05-27 10:51:55.063666000,330276.2219658494,640.9228515625,515.3135375976562,-1.0,-1.0,-1.0,2916.0637
2026-05-27 10:51:55.704700000,330304.66135263443,640.9228515625,515.35791015625,-1.0,-1.0,-1.0,2916.7047
2026-05-27 10:51:56.345734000,330204.4097038172,640.9461059570312,515.1828002929688,-1.0,-1.0,-1.0,2917.3457
2026-05-27 10:51:56.986768000,330219.30407345295,640.9228515625,515.2247314453125,-1.0,-1.0,-1.0,2917.9868
2026-05-27 10:51:57.627802000,330219.30407345295,640.9228515625,515.2247314453125,-1.0,-1.0,-1.0,2918.6278
2026-05-27 10:51:58.268836000,330276.2219658494,640.9228515625,515.3135375976562,-1.0,-1.0,-1.0,2919.2688
2026-05-27 10:51:58.909870000,330224.9187678471,640.8784790039062,515.2691650390625,-1.0,-1.0,-1.0,2919.9099
2026-05-27 10:51:59.550904000,330204.4097038172,640.9461059570312,515.1828002929688,-1.0,-1.0,-1.0,2920.5509
2026-05-27 10:52:00.191938000,330233.00660344213,640.9461059570312,515.2274169921875,-1.0,-1.0,-1.0,2921.1919
2026-05-27 10:52:00.832972000,330196.44223386794,640.8784790039062,515.2247314453125,-1.0,-1.0,-1.0,2921.833
2026-05-27 10:52:01.474006000,330196.44223386794,640.8784790039062,515.2247314453125,-1.0,-1.0,-1.0,2922.474
2026-05-27 10:52:02.115040000,330204.4097038172,640.9461059570312,515.1828002929688,-1.0,-1.0,-1.0,2923.115
2026-05-27 10:52:02.756074000,330224.9187678471,640.8784790039062,515.2691650390625,-1.0,-1.0,-1.0,2923.7561
2026-05-27 10:52:03.397108000,330261.5643828213,640.9461059570312,515.27197265625,-1.0,-1.0,-1.0,2924.3971
2026-05-27 10:52:04.038142000,330247.78257906437,640.9228515625,515.2691650390625,-1.0,-1.0,-1.0,2925.0381
2026-05-27 10:52:04.679176000,330224.9187678471,640.8784790039062,515.2691650390625,-1.0,-1.0,-1.0,2925.6792
2026-05-27 10:52:05.320210000,329778.8071280718,640.0126953125,515.2691650390625,-1.0,-1.0,-1.0,2926.3202
2026-05-27 10:52:05.961244000,330224.9187678471,640.8784790039062,515.2691650390625,-1.0,-1.0,-1.0,2926.9612
2026-05-27 10:52:06.602278000,329815.7333596051,640.0808715820312,515.27197265625,-1.0,-1.0,-1.0,2927.6023
2026-05-27 10:52:07.243312000,330261.5643828213,640.9461059570312,515.27197265625,-1.0,-1.0,-1.0,2928.2433
2026-05-27 10:52:07.884346000,330253.3561857082,640.8784790039062,515.3135375976562,-1.0,-1.0,-1.0,2928.8843
2026-05-27 10:52:08.525380000,330204.4097038172,640.9461059570312,515.1828002929688,-1.0,-1.0,-1.0,2929.5254
2026-05-27 10:52:09.166414000,330224.9187678471,640.8784790039062,515.2691650390625,-1.0,-1.0,-1.0,2930.1664
2026-05-27 10:52:09.807448000,329727.47577756643,639.96826171875,515.2247314453125,-1.0,-1.0,-1.0,2930.8074
2026-05-27 10:52:10.448482000,329758.655835595,640.0808715820312,515.1828002929688,-1.0,-1.0,-1.0,2931.4485
2026-05-27 10:52:11.089516000,329727.47577756643,639.96826171875,515.2247314453125,-1.0,-1.0,-1.0,2932.0895
2026-05-27 10:52:11.730550000,329704.6453848034,639.9239501953125,515.2247314453125,-1.0,-1.0,-1.0,2932.7306
2026-05-27 10:52:12.371584000,330038.8291119337,639.458251953125,516.12255859375,-1.0,-1.0,-1.0,2933.3716
2026-05-27 10:52:13.012617999,330224.9187678471,640.8784790039062,515.2691650390625,-1.0,-1.0,-1.0,2934.0126
2026-05-27 10:52:13.653652000,329764.22638462484,640.0362548828125,515.2274169921875,-1.0,-1.0,-1.0,2934.6537
2026-05-27 10:52:14.294686000,329721.93099987507,640.0126953125,515.1802978515625,-1.0,-1.0,-1.0,2935.2947
2026-05-27 10:52:14.935720000,330224.9187678471,640.8784790039062,515.2691650390625,-1.0,-1.0,-1.0,2935.9357
2026-05-27 10:52:15.576754000,329778.8071280718,640.0126953125,515.2691650390625,-1.0,-1.0,-1.0,2936.5768
2026-05-27 10:52:16.217788000,329733.0795056373,639.9239501953125,515.2691650390625,-1.0,-1.0,-1.0,2937.2178
2026-05-27 10:52:16.858822000,329778.8071280718,640.0126953125,515.2691650390625,-1.0,-1.0,-1.0,2937.8588
2026-05-27 10:52:17.499856000,329778.8071280718,640.0126953125,515.2691650390625,-1.0,-1.0,-1.0,2938.4999
2026-05-27 10:52:18.140890000,329750.3690639734,640.0126953125,515.2247314453125,-1.0,-1.0,-1.0,2939.1409
2026-05-27 10:52:18.781924000,329727.47577756643,639.96826171875,515.2247314453125,-1.0,-1.0,-1.0,2939.7819
2026-05-27 10:52:19.422958000,329758.655835595,640.0808715820312,515.1828002929688,-1.0,-1.0,-1.0,2940.423
2026-05-27 10:52:20.063992000,329750.3690639734,640.0126953125,515.2247314453125,-1.0,-1.0,-1.0,2941.064
2026-05-27 10:52:20.705026000,329735.67007955164,640.0362548828125,515.1828002929688,-1.0,-1.0,-1.0,2941.705
2026-05-27 10:52:21.346060000,329750.3690639734,640.0126953125,515.2247314453125,-1.0,-1.0,-1.0,2942.3461
2026-05-27 10:52:21.987094000,329735.67007955164,640.0362548828125,515.1828002929688,-1.0,-1.0,-1.0,2942.9871
2026-05-27 10:52:22.628128000,329764.22638462484,640.0362548828125,515.2274169921875,-1.0,-1.0,-1.0,2943.6281
2026-05-27 10:52:23.269162000,329735.67007955164,640.0362548828125,515.1828002929688,-1.0,-1.0,-1.0,2944.2692
2026-05-27 10:52:23.910196000,329755.91186732054,639.96826171875,515.2691650390625,-1.0,-1.0,-1.0,2944.9102
2026-05-27 10:52:24.551230000,329735.67007955164,640.0362548828125,515.1828002929688,-1.0,-1.0,-1.0,2945.5512
2026-05-27 10:52:25.192264000,329735.67007955164,640.0362548828125,515.1828002929688,-1.0,-1.0,-1.0,2946.1923
2026-05-27 10:52:25.833298000,329735.67007955164,640.0362548828125,515.1828002929688,-1.0,-1.0,-1.0,2946.8333
2026-05-27 10:52:26.474332000,329699.0396878123,639.96826171875,515.1802978515625,-1.0,-1.0,-1.0,2947.4743
2026-05-27 10:52:27.115366000,329727.47577756643,639.96826171875,515.2247314453125,-1.0,-1.0,-1.0,2948.1154
2026-05-27 10:52:27.756400000,329735.67007955164,640.0362548828125,515.1828002929688,-1.0,-1.0,-1.0,2948.7564
2026-05-27 10:52:28.397434000,329735.67007955164,640.0362548828125,515.1828002929688,-1.0,-1.0,-1.0,2949.3974
2026-05-27 10:52:29.038468000,329750.3690639734,640.0126953125,515.2247314453125,-1.0,-1.0,-1.0,2950.0385
2026-05-27 10:52:29.679502000,329704.6453848034,639.9239501953125,515.2247314453125,-1.0,-1.0,-1.0,2950.6795
2026-05-27 10:52:30.320536000,329727.47577756643,639.96826171875,515.2247314453125,-1.0,-1.0,-1.0,2951.3205
2026-05-27 10:52:30.961570000,329712.7472120337,639.9917602539062,515.1828002929688,-1.0,-1.0,-1.0,2951.9616
2026-05-27 10:52:31.602604000,329712.7472120337,639.9917602539062,515.1828002929688,-1.0,-1.0,-1.0,2952.6026
2026-05-27 10:52:32.243638000,329712.7472120337,639.9917602539062,515.1828002929688,-1.0,-1.0,-1.0,2953.2436
2026-05-27 10:52:32.884672000,329727.47577756643,639.96826171875,515.2247314453125,-1.0,-1.0,-1.0,2953.8847
2026-05-27 10:52:33.525706000,329712.7472120337,639.9917602539062,515.1828002929688,-1.0,-1.0,-1.0,2954.5257
2026-05-27 10:52:34.166740000,329684.192892164,639.9917602539062,515.13818359375,-1.0,-1.0,-1.0,2955.1667
2026-05-27 10:52:34.807774000,329741.30153190345,639.9917602539062,515.2274169921875,-1.0,-1.0,-1.0,2955.8078
2026-05-27 10:52:35.448808000,329684.192892164,639.9917602539062,515.13818359375,-1.0,-1.0,-1.0,2956.4488
2026-05-27 10:52:36.089842000,329684.192892164,639.9917602539062,515.13818359375,-1.0,-1.0,-1.0,2957.0898
2026-05-27 10:52:36.730876000,329712.7472120337,639.9917602539062,515.1828002929688,-1.0,-1.0,-1.0,2957.7309
2026-05-27 10:52:37.371910000,329684.192892164,639.9917602539062,515.13818359375,-1.0,-1.0,-1.0,2958.3719
2026-05-27 10:52:38.012944000,329661.24056831,639.9472045898438,515.13818359375,-1.0,-1.0,-1.0,2959.0129
2026-05-27 10:52:38.653978000,329684.192892164,639.9917602539062,515.13818359375,-1.0,-1.0,-1.0,2959.654
2026-05-27 10:52:39.295012000,329689.7929002531,639.9472045898438,515.1828002929688,-1.0,-1.0,-1.0,2960.295
2026-05-27 10:52:39.936046000,329712.7472120337,639.9917602539062,515.1828002929688,-1.0,-1.0,-1.0,2960.936
2026-05-27 10:52:40.577080000,329689.7929002531,639.9472045898438,515.1828002929688,-1.0,-1.0,-1.0,2961.5771
2026-05-27 10:52:41.218114000,329676.21126396954,639.9239501953125,515.1802978515625,-1.0,-1.0,-1.0,2962.2181
2026-05-27 10:52:41.859148000,329712.7472120337,639.9917602539062,515.1828002929688,-1.0,-1.0,-1.0,2962.8591
2026-05-27 10:52:42.500182000,329712.7472120337,639.9917602539062,515.1828002929688,-1.0,-1.0,-1.0,2963.5002
2026-05-27 10:52:43.141216000,329712.7472120337,639.9917602539062,515.1828002929688,-1.0,-1.0,-1.0,2964.1412
2026-05-27 10:52:43.782249999,329712.7472120337,639.9917602539062,515.1828002929688,-1.0,-1.0,-1.0,2964.7822
2026-05-27 10:52:44.423284000,329712.7472120337,639.9917602539062,515.1828002929688,-1.0,-1.0,-1.0,2965.4233
2026-05-27 10:52:45.064318000,329733.0795056373,639.9239501953125,515.2691650390625,-1.0,-1.0,-1.0,2966.0643
2026-05-27 10:52:45.705352000,329689.7929002531,639.9472045898438,515.1828002929688,-1.0,-1.0,-1.0,2966.7054
2026-05-27 10:52:46.346386000,329661.24056831,639.9472045898438,515.13818359375,-1.0,-1.0,-1.0,2967.3464
2026-05-27 10:52:46.987420000,329235.6474816799,639.013671875,515.2247314453125,-1.0,-1.0,-1.0,2967.9874
2026-05-27 10:52:47.628454000,329689.7929002531,639.9472045898438,515.1828002929688,-1.0,-1.0,-1.0,2968.6285
2026-05-27 10:52:48.269488000,329689.7929002531,639.9472045898438,515.1828002929688,-1.0,-1.0,-1.0,2969.2695
2026-05-27 10:52:48.910522000,329689.7929002531,639.9472045898438,515.1828002929688,-1.0,-1.0,-1.0,2969.9105
2026-05-27 10:52:49.551556000,329661.24056831,639.9472045898438,515.13818359375,-1.0,-1.0,-1.0,2970.5516
2026-05-27 10:52:50.192590000,329689.7929002531,639.9472045898438,515.1828002929688,-1.0,-1.0,-1.0,2971.1926
2026-05-27 10:52:50.833624000,329661.24056831,639.9472045898438,515.13818359375,-1.0,-1.0,-1.0,2971.8336
2026-05-27 10:52:51.474658000,329661.24056831,639.9472045898438,515.13818359375,-1.0,-1.0,-1.0,2972.4747
2026-05-27 10:52:52.115692000,329689.7929002531,639.9472045898438,515.1828002929688,-1.0,-1.0,-1.0,2973.1157
2026-05-27 10:52:52.756726000,329689.7929002531,639.9472045898438,515.1828002929688,-1.0,-1.0,-1.0,2973.7567
2026-05-27 10:52:53.397760000,329655.71669628844,639.9917602539062,515.0936889648438,-1.0,-1.0,-1.0,2974.3978
2026-05-27 10:52:54.038794000,329661.24056831,639.9472045898438,515.13818359375,-1.0,-1.0,-1.0,2975.0388
2026-05-27 10:52:54.679828000,329689.7929002531,639.9472045898438,515.1828002929688,-1.0,-1.0,-1.0,2975.6798
2026-05-27 10:52:55.320862000,329630.42863984406,639.8350830078125,515.1802978515625,-1.0,-1.0,-1.0,2976.3209
2026-05-27 10:52:55.961896000,329638.2568029165,639.902587890625,515.13818359375,-1.0,-1.0,-1.0,2976.9619
2026-05-27 10:52:56.602930000,329704.6453848034,639.9239501953125,515.2247314453125,-1.0,-1.0,-1.0,2977.6029
2026-05-27 10:52:57.243964000,329764.22638462484,640.0362548828125,515.2274169921875,-1.0,-1.0,-1.0,2978.244
2026-05-27 10:52:57.884998000,329718.34523219615,639.9472045898438,515.2274169921875,-1.0,-1.0,-1.0,2978.885
2026-05-27 10:52:58.526032000,329689.7929002531,639.9472045898438,515.1828002929688,-1.0,-1.0,-1.0,2979.526
2026-05-27 10:52:59.167066000,329661.24056831,639.9472045898438,515.13818359375,-1.0,-1.0,-1.0,2980.1671
2026-05-27 10:52:59.808099999,329689.7929002531,639.9472045898438,515.1828002929688,-1.0,-1.0,-1.0,2980.8081
2026-05-27 10:53:00.449134000,329632.7663549222,639.9472045898438,515.0936889648438,-1.0,-1.0,-1.0,2981.4491
2026-05-27 10:53:01.090168000,329689.7929002531,639.9472045898438,515.1828002929688,-1.0,-1.0,-1.0,2982.0902
2026-05-27 10:53:01.731202000,329661.24056831,639.9472045898438,515.13818359375,-1.0,-1.0,-1.0,2982.7312
2026-05-27 10:53:02.372236000,329666.80714420974,639.902587890625,515.1828002929688,-1.0,-1.0,-1.0,2983.3722
2026-05-27 10:53:03.013270000,329718.34523219615,639.9472045898438,515.2274169921875,-1.0,-1.0,-1.0,2984.0133
2026-05-27 10:53:03.654304000,329695.35748550296,639.902587890625,515.2274169921875,-1.0,-1.0,-1.0,2984.6543
2026-05-27 10:53:04.295338000,329718.34523219615,639.9472045898438,515.2274169921875,-1.0,-1.0,-1.0,2985.2953
2026-05-27 10:53:04.936372000,329249.53356639296,639.0372924804688,515.2274169921875,-1.0,-1.0,-1.0,2985.9364
2026-05-27 10:53:05.577406000,329226.57726668566,638.9927368164062,515.2274169921875,-1.0,-1.0,-1.0,2986.5774
2026-05-27 10:53:06.218440000,329689.7929002531,639.9472045898438,515.1828002929688,-1.0,-1.0,-1.0,2987.2184
2026-05-27 10:53:06.859474000,329689.7929002531,639.9472045898438,515.1828002929688,-1.0,-1.0,-1.0,2987.8595
2026-05-27 10:53:07.500508000,329666.80714420974,639.902587890625,515.1828002929688,-1.0,-1.0,-1.0,2988.5005
2026-05-27 10:53:08.141542000,329666.80714420974,639.902587890625,515.1828002929688,-1.0,-1.0,-1.0,2989.1415
2026-05-27 10:53:08.782576000,329221.0218317248,639.0372924804688,515.1828002929688,-1.0,-1.0,-1.0,2989.7826
2026-05-27 10:53:09.423610000,329661.24056831,639.9472045898438,515.13818359375,-1.0,-1.0,-1.0,2990.4236
2026-05-27 10:53:10.064644000,329192.5100970566,639.0372924804688,515.13818359375,-1.0,-1.0,-1.0,2991.0646
2026-05-27 10:53:10.705678000,329264.0411555767,639.013671875,515.2691650390625,-1.0,-1.0,-1.0,2991.7057
2026-05-27 10:53:11.346712000,329221.0218317248,639.0372924804688,515.1828002929688,-1.0,-1.0,-1.0,2992.3467
2026-05-27 10:53:11.987746000,329203.6209669784,638.9481811523438,515.2274169921875,-1.0,-1.0,-1.0,2992.9877
2026-05-27 10:53:12.628780000,329221.0218317248,639.0372924804688,515.1828002929688,-1.0,-1.0,-1.0,2993.6288
2026-05-27 10:53:13.269814000,329212.7541952729,638.96923828125,515.2247314453125,-1.0,-1.0,-1.0,2994.2698
2026-05-27 10:53:13.910848000,329221.0218317248,639.0372924804688,515.1828002929688,-1.0,-1.0,-1.0,2994.9108
2026-05-27 10:53:14.551881999,329212.7541952729,638.96923828125,515.2247314453125,-1.0,-1.0,-1.0,2995.5519
2026-05-27 10:53:15.192916000,329192.5100970566,639.0372924804688,515.13818359375,-1.0,-1.0,-1.0,2996.1929
2026-05-27 10:53:15.833950000,329192.5100970566,639.0372924804688,515.13818359375,-1.0,-1.0,-1.0,2996.834
2026-05-27 10:53:16.474984000,329192.5100970566,639.0372924804688,515.13818359375,-1.0,-1.0,-1.0,2997.475
2026-05-27 10:53:17.116018000,329212.7541952729,638.96923828125,515.2247314453125,-1.0,-1.0,-1.0,2998.116
2026-05-27 10:53:17.757052000,329146.6054493487,638.9481811523438,515.13818359375,-1.0,-1.0,-1.0,2998.7571
2026-05-27 10:53:18.398086000,329192.5100970566,639.0372924804688,515.13818359375,-1.0,-1.0,-1.0,2999.3981
2026-05-27 10:53:19.039120000,329184.3624957204,638.96923828125,515.1802978515625,-1.0,-1.0,-1.0,3000.0391
2026-05-27 10:53:19.680154000,329169.55777320266,638.9927368164062,515.13818359375,-1.0,-1.0,-1.0,3000.6802
2026-05-27 10:53:20.321188000,329192.5100970566,639.0372924804688,515.13818359375,-1.0,-1.0,-1.0,3001.3212
2026-05-27 10:53:20.962222000,329192.5100970566,639.0372924804688,515.13818359375,-1.0,-1.0,-1.0,3001.9622
2026-05-27 10:53:21.603256000,329192.5100970566,639.0372924804688,515.13818359375,-1.0,-1.0,-1.0,3002.6033
2026-05-27 10:53:22.244290000,329169.55777320266,638.9927368164062,515.13818359375,-1.0,-1.0,-1.0,3003.2443
2026-05-27 10:53:22.885324000,329169.55777320266,638.9927368164062,515.13818359375,-1.0,-1.0,-1.0,3003.8853
2026-05-27 10:53:23.526358000,329169.55777320266,638.9927368164062,515.13818359375,-1.0,-1.0,-1.0,3004.5264
2026-05-27 10:53:24.167392000,329169.55777320266,638.9927368164062,515.13818359375,-1.0,-1.0,-1.0,3005.1674
2026-05-27 10:53:24.808426000,329169.55777320266,638.9927368164062,515.13818359375,-1.0,-1.0,-1.0,3005.8084
2026-05-27 10:53:25.449460000,329154.752256386,639.0165405273438,515.0958251953125,-1.0,-1.0,-1.0,3006.4495
2026-05-27 10:53:26.090494000,329146.6054493487,638.9481811523438,515.13818359375,-1.0,-1.0,-1.0,3007.0905
2026-05-27 10:53:26.731528000,329141.1260285042,638.9927368164062,515.0936889648438,-1.0,-1.0,-1.0,3007.7315
2026-05-27 10:53:27.372562000,329154.752256386,639.0165405273438,515.0958251953125,-1.0,-1.0,-1.0,3008.3726
2026-05-27 10:53:28.013596000,329146.6054493487,638.9481811523438,515.13818359375,-1.0,-1.0,-1.0,3009.0136
2026-05-27 10:53:28.654630000,329154.752256386,639.0165405273438,515.0958251953125,-1.0,-1.0,-1.0,3009.6546
2026-05-27 10:53:29.295664000,329146.6054493487,638.9481811523438,515.13818359375,-1.0,-1.0,-1.0,3010.2957
2026-05-27 10:53:29.936698000,329141.1260285042,638.9927368164062,515.0936889648438,-1.0,-1.0,-1.0,3010.9367
2026-05-27 10:53:30.577731999,329188.84968291223,638.9717407226562,515.185302734375,-1.0,-1.0,-1.0,3011.5777
2026-05-27 10:53:31.218766000,329141.1260285042,638.9927368164062,515.0936889648438,-1.0,-1.0,-1.0,3012.2188
2026-05-27 10:53:31.859800000,329175.11320816353,638.9481811523438,515.1828002929688,-1.0,-1.0,-1.0,3012.8598
2026-05-27 10:53:32.500834000,329175.11320816353,638.9481811523438,515.1828002929688,-1.0,-1.0,-1.0,3013.5008
2026-05-27 10:53:33.141868000,329146.6054493487,638.9481811523438,515.13818359375,-1.0,-1.0,-1.0,3014.1419
2026-05-27 10:53:33.782902000,329146.6054493487,638.9481811523438,515.13818359375,-1.0,-1.0,-1.0,3014.7829
2026-05-27 10:53:34.423936000,328793.04684276134,638.9481811523438,514.5848388671875,-1.0,-1.0,-1.0,3015.4239
2026-05-27 10:53:35.064970000,329175.11320816353,638.9481811523438,515.1828002929688,-1.0,-1.0,-1.0,3016.065
2026-05-27 10:53:35.706004000,329175.11320816353,638.9481811523438,515.1828002929688,-1.0,-1.0,-1.0,3016.706
2026-05-27 10:53:36.347038000,329152.1588963829,638.9036254882812,515.1828002929688,-1.0,-1.0,-1.0,3017.347
2026-05-27 10:53:36.988072000,328741.69139382616,638.9036254882812,514.5403442382812,-1.0,-1.0,-1.0,3017.9881
2026-05-27 10:53:37.629106000,328707.64056122303,638.9481811523438,514.451171875,-1.0,-1.0,-1.0,3018.6291
2026-05-27 10:53:38.270140000,328253.5131903291,638.0146484375,514.4921264648438,-1.0,-1.0,-1.0,3019.2701
2026-05-27 10:53:38.911174000,329141.1260285042,638.9927368164062,515.0936889648438,-1.0,-1.0,-1.0,3019.9112
2026-05-27 10:53:39.552208000,328684.7188476324,638.9036254882812,514.451171875,-1.0,-1.0,-1.0,3020.5522
2026-05-27 10:53:40.193242000,328684.7188476324,638.9036254882812,514.451171875,-1.0,-1.0,-1.0,3021.1932
2026-05-27 10:53:40.834276000,328773.6590790488,639.0165405273438,514.4994506835938,-1.0,-1.0,-1.0,3021.8343
2026-05-27 10:53:41.475310000,328759.0330205336,638.9927368164062,514.4957275390625,-1.0,-1.0,-1.0,3022.4753
2026-05-27 10:53:42.116344000,328764.61708055064,638.9481811523438,514.5403442382812,-1.0,-1.0,-1.0,3023.1163
2026-05-27 10:53:42.757378000,328716.48145158216,639.0165405273438,514.4099731445312,-1.0,-1.0,-1.0,3023.7574
2026-05-27 10:53:43.398412000,328745.0312628411,639.0165405273438,514.4546508789062,-1.0,-1.0,-1.0,3024.3984
2026-05-27 10:53:44.039446000,328759.0330205336,638.9927368164062,514.4957275390625,-1.0,-1.0,-1.0,3025.0394
2026-05-27 10:53:44.680480000,328659.30382411554,639.0165405273438,514.3204956054688,-1.0,-1.0,-1.0,3025.6805
2026-05-27 10:53:45.321513999,327675.69660113007,639.3963012695312,512.4766845703125,-1.0,-1.0,-1.0,3026.3215
2026-05-27 10:53:45.962548000,327644.944386445,639.3963012695312,512.4285888671875,-1.0,-1.0,-1.0,3026.9625
2026-05-27 10:53:46.603582000,328345.10362967476,639.3963012695312,513.5236206054688,-1.0,-1.0,-1.0,3027.6036
2026-05-27 10:53:47.244616000,327522.3903568834,637.9937133789062,513.363037109375,-1.0,-1.0,-1.0,3028.2446
2026-05-27 10:53:47.885650000,327442.66862913966,637.9491577148438,513.27392578125,-1.0,-1.0,-1.0,3028.8856
2026-05-27 10:53:48.526684000,326981.17825992405,636.9947509765625,513.3184814453125,-1.0,-1.0,-1.0,3029.5267
2026-05-27 10:53:49.167718000,326981.17825992405,636.9947509765625,513.3184814453125,-1.0,-1.0,-1.0,3030.1677
2026-05-27 10:53:49.808752000,327133.1100445986,638.3974609375,512.4285888671875,-1.0,-1.0,-1.0,3030.8088
2026-05-27 10:53:50.449786000,327508.0987523496,638.0174560546875,513.321533203125,-1.0,-1.0,-1.0,3031.4498
2026-05-27 10:53:51.090820000,327873.2405221835,638.3718872070312,513.6085205078125,-1.0,-1.0,-1.0,3032.0908
2026-05-27 10:53:51.731854000,327675.69660113007,639.3963012695312,512.4766845703125,-1.0,-1.0,-1.0,3032.7319
2026-05-27 10:53:52.372888000,327479.55463642627,638.0174560546875,513.2767944335938,-1.0,-1.0,-1.0,3033.3729
2026-05-27 10:53:53.013922000,327499.51712585986,637.9491577148438,513.363037109375,-1.0,-1.0,-1.0,3034.0139
2026-05-27 10:53:53.654956000,327527.94137421995,637.9491577148438,513.4075927734375,-1.0,-1.0,-1.0,3034.655
2026-05-27 10:53:54.295990000,327513.67549294606,637.9727172851562,513.3662719726562,-1.0,-1.0,-1.0,3035.296
2026-05-27 10:53:54.937024000,327527.94137421995,637.9491577148438,513.4075927734375,-1.0,-1.0,-1.0,3035.937
2026-05-27 10:53:55.578058000,327485.1333785802,637.9727172851562,513.321533203125,-1.0,-1.0,-1.0,3036.5781
2026-05-27 10:53:56.219092000,327462.1680048108,637.927978515625,513.321533203125,-1.0,-1.0,-1.0,3037.2191
2026-05-27 10:53:56.860126000,327505.0661579892,637.9046020507812,513.4075927734375,-1.0,-1.0,-1.0,3037.8601
2026-05-27 10:53:57.501160000,327476.6438948363,637.9046020507812,513.363037109375,-1.0,-1.0,-1.0,3038.5012
2026-05-27 10:53:58.142194000,327536.64286827296,638.0174560546875,513.3662719726562,-1.0,-1.0,-1.0,3039.1422
2026-05-27 10:53:58.783228000,327513.67549294606,637.9727172851562,513.3662719726562,-1.0,-1.0,-1.0,3039.7832
2026-05-27 10:53:59.424262000,327513.67549294606,637.9727172851562,513.3662719726562,-1.0,-1.0,-1.0,3040.4243
2026-05-27 10:54:00.065296000,327542.2176073119,637.9727172851562,513.4110107421875,-1.0,-1.0,-1.0,3041.0653
2026-05-27 10:54:00.706330000,327476.6438948363,637.9046020507812,513.363037109375,-1.0,-1.0,-1.0,3041.7063
2026-05-27 10:54:01.347363999,327499.51712585986,637.9491577148438,513.363037109375,-1.0,-1.0,-1.0,3042.3474
2026-05-27 10:54:01.988398000,327556.36562258005,637.9491577148438,513.4521484375,-1.0,-1.0,-1.0,3042.9884
2026-05-27 10:54:02.629432000,327533.4884211421,637.9046020507812,513.4521484375,-1.0,-1.0,-1.0,3043.6294
2026-05-27 10:54:03.270466000,327098.2161051631,637.10791015625,513.4110107421875,-1.0,-1.0,-1.0,3044.2705
2026-05-27 10:54:03.911500000,327032.4332150817,637.039306640625,513.363037109375,-1.0,-1.0,-1.0,3044.9115
2026-05-27 10:54:04.552534000,327041.20925724506,637.10791015625,513.321533203125,-1.0,-1.0,-1.0,3045.5525
2026-05-27 10:54:05.193568000,327032.4332150817,637.039306640625,513.363037109375,-1.0,-1.0,-1.0,3046.1936
2026-05-27 10:54:05.834602000,327476.6438948363,637.9046020507812,513.363037109375,-1.0,-1.0,-1.0,3046.8346
2026-05-27 10:54:06.475636000,327485.1333785802,637.9727172851562,513.321533203125,-1.0,-1.0,-1.0,3047.4756
2026-05-27 10:54:07.116670000,327069.7126812041,637.10791015625,513.3662719726562,-1.0,-1.0,-1.0,3048.1167
2026-05-27 10:54:07.757704000,327060.816924423,637.039306640625,513.4075927734375,-1.0,-1.0,-1.0,3048.7577
2026-05-27 10:54:08.398738000,327069.7126812041,637.10791015625,513.3662719726562,-1.0,-1.0,-1.0,3049.3987
2026-05-27 10:54:09.039772000,327098.2161051631,637.10791015625,513.4110107421875,-1.0,-1.0,-1.0,3050.0398
2026-05-27 10:54:09.680806000,327533.4884211421,637.9046020507812,513.4521484375,-1.0,-1.0,-1.0,3050.6808
2026-05-27 10:54:10.321840000,327098.2161051631,637.10791015625,513.4110107421875,-1.0,-1.0,-1.0,3051.3218
2026-05-27 10:54:10.962874000,327505.0661579892,637.9046020507812,513.4075927734375,-1.0,-1.0,-1.0,3051.9629
2026-05-27 10:54:11.603908000,327513.67549294606,637.9727172851562,513.3662719726562,-1.0,-1.0,-1.0,3052.6039
2026-05-27 10:54:12.244942000,327098.2161051631,637.10791015625,513.4110107421875,-1.0,-1.0,-1.0,3053.2449
2026-05-27 10:54:12.885976000,327346.45351840183,636.5985717773438,514.2117309570312,-1.0,-1.0,-1.0,3053.886
2026-05-27 10:54:13.527010000,327485.1333785802,637.9727172851562,513.321533203125,-1.0,-1.0,-1.0,3054.527
2026-05-27 10:54:14.168044000,327066.3234323263,636.9947509765625,513.4521484375,-1.0,-1.0,-1.0,3055.168
2026-05-27 10:54:14.809078000,327681.82985816896,639.3482666015625,512.5247802734375,-1.0,-1.0,-1.0,3055.8091
2026-05-27 10:54:15.450112000,327032.4332150817,637.039306640625,513.363037109375,-1.0,-1.0,-1.0,3056.4501
2026-05-27 10:54:16.091145999,327098.2161051631,637.10791015625,513.4110107421875,-1.0,-1.0,-1.0,3057.0911
2026-05-27 10:54:16.732180000,327335.945276916,638.49365234375,512.6690673828125,-1.0,-1.0,-1.0,3057.7322
2026-05-27 10:54:17.373214000,327398.0907846093,636.546142578125,514.335205078125,-1.0,-1.0,-1.0,3058.3732
2026-05-27 10:54:18.014248000,327555.27669386566,637.039306640625,514.1837768554688,-1.0,-1.0,-1.0,3059.0142
2026-05-27 10:54:18.655282000,327527.94137421995,637.9491577148438,513.4075927734375,-1.0,-1.0,-1.0,3059.6553
2026-05-27 10:54:19.296316000,327645.20965181664,638.0621948242188,513.5004272460938,-1.0,-1.0,-1.0,3060.2963
2026-05-27 10:54:19.937350000,327126.68064314127,637.10791015625,513.4556884765625,-1.0,-1.0,-1.0,3060.9374
2026-05-27 10:54:20.578384000,327561.910684295,637.9046020507812,513.4967041015625,-1.0,-1.0,-1.0,3061.5784
2026-05-27 10:54:21.219418000,326433.22694674134,637.10791015625,512.3672485351562,-1.0,-1.0,-1.0,3062.2194
2026-05-27 10:54:21.860452000,326472.8409682587,637.0184326171875,512.5014038085938,-1.0,-1.0,-1.0,3062.8605
2026-05-27 10:54:22.501486000,327588.1563610807,638.0621948242188,513.4110107421875,-1.0,-1.0,-1.0,3063.5015
2026-05-27 10:54:23.142520000,327616.6635343358,638.0621948242188,513.4556884765625,-1.0,-1.0,-1.0,3064.1425
2026-05-27 10:54:23.783554000,326433.22694674134,637.10791015625,512.3672485351562,-1.0,-1.0,-1.0,3064.7836
2026-05-27 10:54:24.424588000,327130.478601262,636.9685668945312,513.573974609375,-1.0,-1.0,-1.0,3065.4246
2026-05-27 10:54:25.065622000,327372.641716484,636.5985717773438,514.2528686523438,-1.0,-1.0,-1.0,3066.0656
2026-05-27 10:54:25.706656000,327476.6438948363,637.9046020507812,513.363037109375,-1.0,-1.0,-1.0,3066.7067
2026-05-27 10:54:26.347690000,327598.31866297126,637.8795166015625,513.573974609375,-1.0,-1.0,-1.0,3067.3477
2026-05-27 10:54:26.988724000,327499.51712585986,637.9491577148438,513.363037109375,-1.0,-1.0,-1.0,3067.9887
2026-05-27 10:54:27.629758000,327966.601036638,638.8590087890625,513.363037109375,-1.0,-1.0,-1.0,3068.6298
2026-05-27 10:54:28.270792000,327485.1333785802,637.9727172851562,513.321533203125,-1.0,-1.0,-1.0,3069.2708
2026-05-27 10:54:28.911826000,327790.9591791406,637.4630126953125,514.2117309570312,-1.0,-1.0,-1.0,3069.9118
2026-05-27 10:54:29.552860000,327790.9591791406,637.4630126953125,514.2117309570312,-1.0,-1.0,-1.0,3070.5529
2026-05-27 10:54:30.193894000,327843.4456051737,637.4630126953125,514.2940673828125,-1.0,-1.0,-1.0,3071.1939
2026-05-27 10:54:30.834928000,327570.72078291327,637.9727172851562,513.4556884765625,-1.0,-1.0,-1.0,3071.8349
2026-05-27 10:54:31.475962000,327656.3471260108,637.9727172851562,513.5899047851562,-1.0,-1.0,-1.0,3072.476
2026-05-27 10:54:32.116995999,327576.28952001035,637.927978515625,513.5004272460938,-1.0,-1.0,-1.0,3073.117
2026-05-27 10:54:32.758030000,326461.73037070036,637.10791015625,512.4119873046875,-1.0,-1.0,-1.0,3073.758
2026-05-27 10:54:33.399064000,326415.8810070902,637.0184326171875,512.4119873046875,-1.0,-1.0,-1.0,3074.3991
2026-05-27 10:54:34.040098000,326381.8341137767,637.063232421875,512.322509765625,-1.0,-1.0,-1.0,3075.0401
2026-05-27 10:54:34.681132000,326358.8821654022,637.0184326171875,512.322509765625,-1.0,-1.0,-1.0,3075.6811
2026-05-27 10:54:35.322166000,326995.27850970626,637.0184326171875,513.321533203125,-1.0,-1.0,-1.0,3076.3222
2026-05-27 10:54:35.963200000,327052.2773513943,637.0184326171875,513.4110107421875,-1.0,-1.0,-1.0,3076.9632
2026-05-27 10:54:36.604234000,326415.8810070902,637.0184326171875,512.4119873046875,-1.0,-1.0,-1.0,3077.6042
2026-05-27 10:54:37.245268000,326688.8577081263,638.470458984375,511.6741943359375,-1.0,-1.0,-1.0,3078.2453
2026-05-27 10:54:37.886302000,327018.27521413565,637.063232421875,513.321533203125,-1.0,-1.0,-1.0,3078.8863
2026-05-27 10:54:38.527336000,326467.2995059192,637.063232421875,512.4566650390625,-1.0,-1.0,-1.0,3079.5273
2026-05-27 10:54:39.168370000,327513.67549294606,637.9727172851562,513.3662719726562,-1.0,-1.0,-1.0,3080.1684
2026-05-27 10:54:39.809404000,327075.27806439996,637.063232421875,513.4110107421875,-1.0,-1.0,-1.0,3080.8094
2026-05-27 10:54:40.450438000,327009.55998405814,636.9947509765625,513.363037109375,-1.0,-1.0,-1.0,3081.4504
2026-05-27 10:54:41.091472000,327018.27521413565,637.063232421875,513.321533203125,-1.0,-1.0,-1.0,3082.0915
2026-05-27 10:54:41.732506000,327009.55998405814,636.9947509765625,513.363037109375,-1.0,-1.0,-1.0,3082.7325
2026-05-27 10:54:42.373540000,326995.27850970626,637.0184326171875,513.321533203125,-1.0,-1.0,-1.0,3083.3735
2026-05-27 10:54:43.014574000,326438.836964041,637.063232421875,512.4119873046875,-1.0,-1.0,-1.0,3084.0146
2026-05-27 10:54:43.655608000,327037.94170819223,636.9947509765625,513.4075927734375,-1.0,-1.0,-1.0,3084.6556
2026-05-27 10:54:44.296642000,326966.77908886224,637.0184326171875,513.2767944335938,-1.0,-1.0,-1.0,3085.2966
2026-05-27 10:54:44.937676000,327018.27521413565,637.063232421875,513.321533203125,-1.0,-1.0,-1.0,3085.9377
2026-05-27 10:54:45.578710000,327004.0495057404,637.039306640625,513.3184814453125,-1.0,-1.0,-1.0,3086.5787
2026-05-27 10:54:46.219744000,326986.6867530346,636.9501953125,513.363037109375,-1.0,-1.0,-1.0,3087.2197
2026-05-27 10:54:46.860777999,326958.3070141077,636.9501953125,513.3184814453125,-1.0,-1.0,-1.0,3087.8608
2026-05-27 10:54:47.501812000,326358.8821654022,637.0184326171875,512.322509765625,-1.0,-1.0,-1.0,3088.5018
2026-05-27 10:54:48.142846000,326387.3815862462,637.0184326171875,512.3672485351562,-1.0,-1.0,-1.0,3089.1428
2026-05-27 10:54:48.783880000,326350.3585793972,636.9501953125,512.364013671875,-1.0,-1.0,-1.0,3089.7839
2026-05-27 10:54:49.424914000,326350.3585793972,636.9501953125,512.364013671875,-1.0,-1.0,-1.0,3090.4249
2026-05-27 10:54:50.065948000,326401.56902240217,636.9947509765625,512.4085693359375,-1.0,-1.0,-1.0,3091.0659
2026-05-27 10:54:50.706982000,326378.7383183241,636.9501953125,512.4085693359375,-1.0,-1.0,-1.0,3091.707
2026-05-27 10:54:51.348016000,326387.3815862462,637.0184326171875,512.3672485351562,-1.0,-1.0,-1.0,3092.348
2026-05-27 10:54:51.989050000,326387.3815862462,637.0184326171875,512.3672485351562,-1.0,-1.0,-1.0,3092.989
2026-05-27 10:54:52.630084000,326387.3815862462,637.0184326171875,512.3672485351562,-1.0,-1.0,-1.0,3093.6301
2026-05-27 10:54:53.271118000,326358.8821654022,637.0184326171875,512.322509765625,-1.0,-1.0,-1.0,3094.2711
2026-05-27 10:54:53.912152000,326364.4901784137,636.9737548828125,512.3672485351562,-1.0,-1.0,-1.0,3094.9122
2026-05-27 10:54:54.553186000,326364.4901784137,636.9737548828125,512.3672485351562,-1.0,-1.0,-1.0,3095.5532
2026-05-27 10:54:55.194220000,326335.99275639653,636.9737548828125,512.322509765625,-1.0,-1.0,-1.0,3096.1942
2026-05-27 10:54:55.835254000,326358.8821654022,637.0184326171875,512.322509765625,-1.0,-1.0,-1.0,3096.8353
2026-05-27 10:54:56.476288000,326265.21936261654,636.9501953125,512.2303466796875,-1.0,-1.0,-1.0,3097.4763
2026-05-27 10:54:57.117322000,326301.88332371414,637.0184326171875,512.2330322265625,-1.0,-1.0,-1.0,3098.1173
2026-05-27 10:54:57.758356000,326478.44098868966,636.9737548828125,512.546142578125,-1.0,-1.0,-1.0,3098.7584
2026-05-27 10:54:58.399390000,326313.07207770646,636.9290161132812,512.322509765625,-1.0,-1.0,-1.0,3099.3994
2026-05-27 10:54:59.040424000,326949.37909282744,636.9290161132812,513.321533203125,-1.0,-1.0,-1.0,3100.0404
2026-05-27 10:54:59.681458000,326335.99275639653,636.9737548828125,512.322509765625,-1.0,-1.0,-1.0,3100.6815
2026-05-27 10:55:00.322492000,326350.3585793972,636.9501953125,512.364013671875,-1.0,-1.0,-1.0,3101.3225
2026-05-27 10:55:00.963526000,326278.9979123622,636.9737548828125,512.2330322265625,-1.0,-1.0,-1.0,3101.9635
2026-05-27 10:55:01.604560000,326301.88332371414,637.0184326171875,512.2330322265625,-1.0,-1.0,-1.0,3102.6046
2026-05-27 10:55:02.245594000,326264.26287744194,636.9974365234375,512.1908569335938,-1.0,-1.0,-1.0,3103.2456
2026-05-27 10:55:02.886627999,326278.9979123622,636.9737548828125,512.2330322265625,-1.0,-1.0,-1.0,3103.8866
2026-05-27 10:55:03.527662000,326278.9979123622,636.9737548828125,512.2330322265625,-1.0,-1.0,-1.0,3104.5277
2026-05-27 10:55:04.168696000,326307.4953343794,636.9737548828125,512.2777709960938,-1.0,-1.0,-1.0,3105.1687
2026-05-27 10:55:04.809730000,326307.4953343794,636.9737548828125,512.2777709960938,-1.0,-1.0,-1.0,3105.8097
2026-05-27 10:55:05.450764000,326278.9979123622,636.9737548828125,512.2330322265625,-1.0,-1.0,-1.0,3106.4508
2026-05-27 10:55:06.091798000,326278.9979123622,636.9737548828125,512.2330322265625,-1.0,-1.0,-1.0,3107.0918
2026-05-27 10:55:06.732832000,326278.9979123622,636.9737548828125,512.2330322265625,-1.0,-1.0,-1.0,3107.7328
2026-05-27 10:55:07.373866000,326307.4953343794,636.9737548828125,512.2777709960938,-1.0,-1.0,-1.0,3108.3739
2026-05-27 10:55:08.014900000,326256.08123678714,636.9290161132812,512.2330322265625,-1.0,-1.0,-1.0,3109.0149
2026-05-27 10:55:08.655934000,326278.9979123622,636.9737548828125,512.2330322265625,-1.0,-1.0,-1.0,3109.6559
2026-05-27 10:55:09.296968000,326966.77908886224,637.0184326171875,513.2767944335938,-1.0,-1.0,-1.0,3110.297
2026-05-27 10:55:09.938002000,326284.5766572468,636.9290161132812,512.2777709960938,-1.0,-1.0,-1.0,3110.938
2026-05-27 10:55:10.579036000,326307.4953343794,636.9737548828125,512.2777709960938,-1.0,-1.0,-1.0,3111.579
2026-05-27 10:55:11.220070000,326321.9788404703,636.9501953125,512.3194580078125,-1.0,-1.0,-1.0,3112.2201
2026-05-27 10:55:11.861104000,326278.9979123622,636.9737548828125,512.2330322265625,-1.0,-1.0,-1.0,3112.8611
2026-05-27 10:55:12.502138000,326256.08123678714,636.9290161132812,512.2330322265625,-1.0,-1.0,-1.0,3113.5021
2026-05-27 10:55:13.143172000,326972.34446659684,636.9737548828125,513.321533203125,-1.0,-1.0,-1.0,3114.1432
2026-05-27 10:55:13.784206000,326307.4953343794,636.9737548828125,512.2777709960938,-1.0,-1.0,-1.0,3114.7842
2026-05-27 10:55:14.425240000,326278.9979123622,636.9737548828125,512.2330322265625,-1.0,-1.0,-1.0,3115.4252
2026-05-27 10:55:15.066274000,326278.9979123622,636.9737548828125,512.2330322265625,-1.0,-1.0,-1.0,3116.0663
2026-05-27 10:55:15.707308000,326256.08123678714,636.9290161132812,512.2330322265625,-1.0,-1.0,-1.0,3116.7073
2026-05-27 10:55:16.348342000,326278.9979123622,636.9737548828125,512.2330322265625,-1.0,-1.0,-1.0,3117.3483
2026-05-27 10:55:16.989376000,326293.5991015434,636.9501953125,512.27490234375,-1.0,-1.0,-1.0,3117.9894
2026-05-27 10:55:17.630410000,326256.08123678714,636.9290161132812,512.2330322265625,-1.0,-1.0,-1.0,3118.6304
2026-05-27 10:55:18.271444000,326278.9979123622,636.9737548828125,512.2330322265625,-1.0,-1.0,-1.0,3119.2714
2026-05-27 10:55:18.912477999,326256.08123678714,636.9290161132812,512.2330322265625,-1.0,-1.0,-1.0,3119.9125
2026-05-27 10:55:19.553512000,326256.08123678714,636.9290161132812,512.2330322265625,-1.0,-1.0,-1.0,3120.5535
2026-05-27 10:55:20.194546000,326256.08123678714,636.9290161132812,512.2330322265625,-1.0,-1.0,-1.0,3121.1945
2026-05-27 10:55:20.835580000,326863.89283144847,636.9290161132812,513.1873168945312,-1.0,-1.0,-1.0,3121.8356
2026-05-27 10:55:21.476614000,326199.0903958678,636.9290161132812,512.1435546875,-1.0,-1.0,-1.0,3122.4766
2026-05-27 10:55:22.117648000,326256.08123678714,636.9290161132812,512.2330322265625,-1.0,-1.0,-1.0,3123.1176
2026-05-27 10:55:22.758682000,326227.5858163275,636.9290161132812,512.1882934570312,-1.0,-1.0,-1.0,3123.7587
2026-05-27 10:55:23.399716000,326256.08123678714,636.9290161132812,512.2330322265625,-1.0,-1.0,-1.0,3124.3997
2026-05-27 10:55:24.040750000,326256.08123678714,636.9290161132812,512.2330322265625,-1.0,-1.0,-1.0,3125.0408
2026-05-27 10:55:24.681784000,326222.0030683279,636.9737548828125,512.1435546875,-1.0,-1.0,-1.0,3125.6818
2026-05-27 10:55:25.322818000,326222.0030683279,636.9737548828125,512.1435546875,-1.0,-1.0,-1.0,3126.3228
2026-05-27 10:55:25.963852000,326213.9487106763,636.9055786132812,512.1857299804688,-1.0,-1.0,-1.0,3126.9639
2026-05-27 10:55:26.604886000,326236.80074733496,636.9501953125,512.1857299804688,-1.0,-1.0,-1.0,3127.6049
2026-05-27 10:55:27.245920000,326213.9487106763,636.9055786132812,512.1857299804688,-1.0,-1.0,-1.0,3128.2459
2026-05-27 10:55:27.886954000,326484.0057254024,636.9290161132812,512.5908813476562,-1.0,-1.0,-1.0,3128.887
2026-05-27 10:55:28.527988000,326162.75216956064,636.8610229492188,512.1411743164062,-1.0,-1.0,-1.0,3129.528
2026-05-27 10:55:29.169022000,325790.7661819551,636.9290161132812,511.5024719238281,-1.0,-1.0,-1.0,3130.169
2026-05-27 10:55:29.810056000,326878.6100621857,636.9055786132812,513.2293090820312,-1.0,-1.0,-1.0,3130.8101
2026-05-27 10:55:30.451090000,326191.12793535367,636.8610229492188,512.1857299804688,-1.0,-1.0,-1.0,3131.4511
2026-05-27 10:55:31.092124000,325367.6932891719,635.9957275390625,511.5878601074219,-1.0,-1.0,-1.0,3132.0921
2026-05-27 10:55:31.733158000,326427.01488448307,636.9290161132812,512.5014038085938,-1.0,-1.0,-1.0,3132.7332
2026-05-27 10:55:32.374192000,325376.85251669586,636.064208984375,511.54718017578125,-1.0,-1.0,-1.0,3133.3742
2026-05-27 10:55:33.015226000,325390.4562011603,636.0402221679688,511.5878601074219,-1.0,-1.0,-1.0,3134.0152
2026-05-27 10:55:33.656259999,326185.57095967606,636.9055786132812,512.1411743164062,-1.0,-1.0,-1.0,3134.6563
2026-05-27 10:55:34.297294000,326191.12793535367,636.8610229492188,512.1857299804688,-1.0,-1.0,-1.0,3135.2973
2026-05-27 10:55:34.938328000,326213.9487106763,636.9055786132812,512.1857299804688,-1.0,-1.0,-1.0,3135.9383
2026-05-27 10:55:35.579362000,326199.0903958678,636.9290161132812,512.1435546875,-1.0,-1.0,-1.0,3136.5794
2026-05-27 10:55:36.220396000,326176.17772340775,636.88427734375,512.1435546875,-1.0,-1.0,-1.0,3137.2204
2026-05-27 10:55:36.861430000,326199.0903958678,636.9290161132812,512.1435546875,-1.0,-1.0,-1.0,3137.8614
2026-05-27 10:55:37.502464000,326222.0030683279,636.9737548828125,512.1435546875,-1.0,-1.0,-1.0,3138.5025
2026-05-27 10:55:38.143498000,326199.0903958678,636.9290161132812,512.1435546875,-1.0,-1.0,-1.0,3139.1435
2026-05-27 10:55:38.784532000,326162.75216956064,636.8610229492188,512.1411743164062,-1.0,-1.0,-1.0,3139.7845
2026-05-27 10:55:39.425566000,325799.7022278607,635.9930419921875,512.269287109375,-1.0,-1.0,-1.0,3140.4256
2026-05-27 10:55:40.066600000,326199.0903958678,636.9290161132812,512.1435546875,-1.0,-1.0,-1.0,3141.0666
2026-05-27 10:55:40.707634000,325747.93597405404,635.9957275390625,512.1857299804688,-1.0,-1.0,-1.0,3141.7076
2026-05-27 10:55:41.348668000,326199.0903958678,636.9290161132812,512.1435546875,-1.0,-1.0,-1.0,3142.3487
2026-05-27 10:55:41.989702000,326191.12793535367,636.8610229492188,512.1857299804688,-1.0,-1.0,-1.0,3142.9897
2026-05-27 10:55:42.630736000,326191.12793535367,636.8610229492188,512.1857299804688,-1.0,-1.0,-1.0,3143.6307
2026-05-27 10:55:43.271770000,326199.0903958678,636.9290161132812,512.1435546875,-1.0,-1.0,-1.0,3144.2718
2026-05-27 10:55:43.912804000,326176.17772340775,636.88427734375,512.1435546875,-1.0,-1.0,-1.0,3144.9128
2026-05-27 10:55:44.553838000,326199.0903958678,636.9290161132812,512.1435546875,-1.0,-1.0,-1.0,3145.5538
2026-05-27 10:55:45.194872000,326191.12793535367,636.8610229492188,512.1857299804688,-1.0,-1.0,-1.0,3146.1949
2026-05-27 10:55:45.835906000,326501.83495699614,636.4447631835938,513.0089111328125,-1.0,-1.0,-1.0,3146.8359
2026-05-27 10:55:46.476940000,326215.28541812673,636.8593139648438,512.2250366210938,-1.0,-1.0,-1.0,3147.4769
2026-05-27 10:55:47.117974000,326827.36702371016,636.8610229492188,513.1847534179688,-1.0,-1.0,-1.0,3148.118
2026-05-27 10:55:47.759008000,326425.5801407322,636.0194702148438,513.2320556640625,-1.0,-1.0,-1.0,3148.759
2026-05-27 10:55:48.400042000,325733.2723262906,636.0194702148438,512.1435546875,-1.0,-1.0,-1.0,3149.4
2026-05-27 10:55:49.041076000,325733.2723262906,636.0194702148438,512.1435546875,-1.0,-1.0,-1.0,3150.0411
2026-05-27 10:55:49.682109999,326199.0903958678,636.9290161132812,512.1435546875,-1.0,-1.0,-1.0,3150.6821
2026-05-27 10:55:50.323144000,325733.2723262906,636.0194702148438,512.1435546875,-1.0,-1.0,-1.0,3151.3231
2026-05-27 10:55:50.964178000,326215.28541812673,636.8593139648438,512.2250366210938,-1.0,-1.0,-1.0,3151.9642
2026-05-27 10:55:51.605212000,326024.5726560652,635.51708984375,513.0067749023438,-1.0,-1.0,-1.0,3152.6052
2026-05-27 10:55:52.246246000,326193.50564631075,636.9737548828125,512.0988159179688,-1.0,-1.0,-1.0,3153.2462
2026-05-27 10:55:52.887280000,325710.3596538305,635.9747314453125,512.1435546875,-1.0,-1.0,-1.0,3153.8873
2026-05-27 10:55:53.528314000,326475.53654972836,636.4447631835938,512.9675903320312,-1.0,-1.0,-1.0,3154.5283
2026-05-27 10:55:54.169348000,326185.57095967606,636.9055786132812,512.1411743164062,-1.0,-1.0,-1.0,3155.1693
2026-05-27 10:55:54.810382000,325727.72826869786,636.064208984375,512.0988159179688,-1.0,-1.0,-1.0,3155.8104
2026-05-27 10:55:55.451416000,325796.3561734855,636.88427734375,511.54718017578125,-1.0,-1.0,-1.0,3156.4514
2026-05-27 10:55:56.092450000,326176.17772340775,636.88427734375,512.1435546875,-1.0,-1.0,-1.0,3157.0924
2026-05-27 10:55:56.733484000,325796.3561734855,636.88427734375,511.54718017578125,-1.0,-1.0,-1.0,3157.7335
2026-05-27 10:55:57.374518000,325796.3561734855,636.88427734375,511.54718017578125,-1.0,-1.0,-1.0,3158.3745
2026-05-27 10:55:58.015552000,325739.3887718469,636.88427734375,511.4577331542969,-1.0,-1.0,-1.0,3159.0156
2026-05-27 10:55:58.656586000,325367.6932891719,635.9957275390625,511.5878601074219,-1.0,-1.0,-1.0,3159.6566
2026-05-27 10:55:59.297620000,325767.88219074905,636.88427734375,511.5024719238281,-1.0,-1.0,-1.0,3160.2976
2026-05-27 10:55:59.938654000,325339.3560771905,635.9957275390625,511.5433044433594,-1.0,-1.0,-1.0,3160.9387
2026-05-27 10:56:00.579688000,326191.12793535367,636.8610229492188,512.1857299804688,-1.0,-1.0,-1.0,3161.5797
2026-05-27 10:56:01.220722000,326176.17772340775,636.88427734375,512.1435546875,-1.0,-1.0,-1.0,3162.2207
2026-05-27 10:56:01.861756000,326215.28541812673,636.8593139648438,512.2250366210938,-1.0,-1.0,-1.0,3162.8618
2026-05-27 10:56:02.502790000,325710.89535294473,636.88427734375,511.4129943847656,-1.0,-1.0,-1.0,3163.5028
2026-05-27 10:56:03.143824000,325316.5639255643,635.951171875,511.5433044433594,-1.0,-1.0,-1.0,3164.1438
2026-05-27 10:56:03.784858000,325550.9268705249,635.4235229492188,512.3369140625,-1.0,-1.0,-1.0,3164.7849
2026-05-27 10:56:04.425891999,325710.89535294473,636.88427734375,511.4129943847656,-1.0,-1.0,-1.0,3165.4259
2026-05-27 10:56:05.066926000,325710.89535294473,636.88427734375,511.4129943847656,-1.0,-1.0,-1.0,3166.0669
2026-05-27 10:56:05.707960000,325682.4019340426,636.88427734375,511.3682556152344,-1.0,-1.0,-1.0,3166.708
2026-05-27 10:56:06.348994000,326427.01488448307,636.9290161132812,512.5014038085938,-1.0,-1.0,-1.0,3167.349
2026-05-27 10:56:06.990028000,325710.89535294473,636.88427734375,511.4129943847656,-1.0,-1.0,-1.0,3167.99
2026-05-27 10:56:07.631062000,325674.03978904523,636.8164672851562,511.4095764160156,-1.0,-1.0,-1.0,3168.6311
2026-05-27 10:56:08.272096000,325577.06672980636,635.4235229492188,512.3780517578125,-1.0,-1.0,-1.0,3169.2721
2026-05-27 10:56:08.913130000,325682.4019340426,636.88427734375,511.3682556152344,-1.0,-1.0,-1.0,3169.9131
2026-05-27 10:56:09.554164000,325498.6083687879,635.4235229492188,512.2545776367188,-1.0,-1.0,-1.0,3170.5542
2026-05-27 10:56:10.195198000,325498.6083687879,635.4235229492188,512.2545776367188,-1.0,-1.0,-1.0,3171.1952
2026-05-27 10:56:10.836232000,325498.6083687879,635.4235229492188,512.2545776367188,-1.0,-1.0,-1.0,3171.8362
2026-05-27 10:56:11.477266000,325498.6083687879,635.4235229492188,512.2545776367188,-1.0,-1.0,-1.0,3172.4773
2026-05-27 10:56:12.118300000,325645.6854425557,636.8164672851562,511.36505126953125,-1.0,-1.0,-1.0,3173.1183
2026-05-27 10:56:12.759334000,325498.6083687879,635.4235229492188,512.2545776367188,-1.0,-1.0,-1.0,3173.7593
2026-05-27 10:56:13.400368000,325710.89535294473,636.88427734375,511.4129943847656,-1.0,-1.0,-1.0,3174.4004
2026-05-27 10:56:14.041402000,325710.89535294473,636.88427734375,511.4129943847656,-1.0,-1.0,-1.0,3175.0414
2026-05-27 10:56:14.682436000,325493.5397899337,635.4646606445312,512.2134399414062,-1.0,-1.0,-1.0,3175.6824
2026-05-27 10:56:15.323470000,325493.5397899337,635.4646606445312,512.2134399414062,-1.0,-1.0,-1.0,3176.3235
2026-05-27 10:56:15.964504000,325472.46850950643,635.4235229492188,512.2134399414062,-1.0,-1.0,-1.0,3176.9645
2026-05-27 10:56:16.605538000,325668.46965199336,636.8610229492188,511.36505126953125,-1.0,-1.0,-1.0,3177.6055
2026-05-27 10:56:17.246572000,325674.03978904523,636.8164672851562,511.4095764160156,-1.0,-1.0,-1.0,3178.2466
2026-05-27 10:56:17.887606000,325459.3902607113,635.4456176757812,512.175048828125,-1.0,-1.0,-1.0,3178.8876
2026-05-27 10:56:18.528640000,325674.03978904523,636.8164672851562,511.4095764160156,-1.0,-1.0,-1.0,3179.5286
2026-05-27 10:56:19.169674000,325485.6473824866,635.4456176757812,512.2163696289062,-1.0,-1.0,-1.0,3180.1697
2026-05-27 10:56:19.810708000,325485.6473824866,635.4456176757812,512.2163696289062,-1.0,-1.0,-1.0,3180.8107
2026-05-27 10:56:20.451741999,325459.3902607113,635.4456176757812,512.175048828125,-1.0,-1.0,-1.0,3181.4517
2026-05-27 10:56:21.092776000,325480.55374386907,635.4869384765625,512.175048828125,-1.0,-1.0,-1.0,3182.0928
2026-05-27 10:56:21.733810000,325459.3902607113,635.4456176757812,512.175048828125,-1.0,-1.0,-1.0,3182.7338
2026-05-27 10:56:22.374844000,325653.9279513061,636.88427734375,511.32354736328125,-1.0,-1.0,-1.0,3183.3748
2026-05-27 10:56:23.015878000,325625.43453240395,636.88427734375,511.27880859375,-1.0,-1.0,-1.0,3184.0159
2026-05-27 10:56:23.656912000,322810.76411008835,631.7767333984375,510.95703125,-1.0,-1.0,-1.0,3184.6569
2026-05-27 10:56:24.297946000,322853.81866791286,631.8143920898438,510.9947204589844,-1.0,-1.0,-1.0,3185.2979
2026-05-27 10:56:24.938980000,322577.46517751366,632.1560668945312,510.2813720703125,-1.0,-1.0,-1.0,3185.939
2026-05-27 10:56:25.580014000,322830.00608325005,631.8143920898438,510.95703125,-1.0,-1.0,-1.0,3186.58
2026-05-27 10:56:26.221048000,322830.00608325005,631.8143920898438,510.95703125,-1.0,-1.0,-1.0,3187.221
2026-05-27 10:56:26.862082000,322653.97249210626,633.2194213867188,509.5452880859375,-1.0,-1.0,-1.0,3187.8621
2026-05-27 10:56:27.503116000,322104.6949623395,631.1167602539062,510.3725891113281,-1.0,-1.0,-1.0,3188.5031
2026-05-27 10:56:28.144150000,322492.8505373001,631.154541015625,510.95703125,-1.0,-1.0,-1.0,3189.1442
2026-05-27 10:56:28.785184000,322454.30421829224,631.0791015625,510.95703125,-1.0,-1.0,-1.0,3189.7852
2026-05-27 10:56:29.426218000,322400.5759064108,630.9302368164062,510.992431640625,-1.0,-1.0,-1.0,3190.4262
2026-05-27 10:56:30.067252000,322478.0890904367,631.0791015625,510.9947204589844,-1.0,-1.0,-1.0,3191.0673
2026-05-27 10:56:30.708286000,322473.54619145393,631.1167602539062,510.95703125,-1.0,-1.0,-1.0,3191.7083
2026-05-27 10:56:31.349320000,322469.6896288544,631.0654907226562,510.992431640625,-1.0,-1.0,-1.0,3192.3493
2026-05-27 10:56:31.990354000,322641.32728618383,633.24072265625,509.5081787109375,-1.0,-1.0,-1.0,3192.9904
2026-05-27 10:56:32.631388000,322441.52716485783,631.7767333984375,510.3725891113281,-1.0,-1.0,-1.0,3193.6314
2026-05-27 10:56:33.272422000,322441.52716485783,631.7767333984375,510.3725891113281,-1.0,-1.0,-1.0,3194.2724
2026-05-27 10:56:33.913456000,322810.76411008835,631.7767333984375,510.95703125,-1.0,-1.0,-1.0,3194.9135
2026-05-27 10:56:34.554490000,321993.741873065,630.9414672851562,510.3385314941406,-1.0,-1.0,-1.0,3195.5545
2026-05-27 10:56:35.195523999,322061.6708673537,631.0791015625,510.3348693847656,-1.0,-1.0,-1.0,3196.1955
2026-05-27 10:56:35.836558000,322042.3900272567,631.0413208007812,510.3348693847656,-1.0,-1.0,-1.0,3196.8366
2026-05-27 10:56:36.477592000,322047.1398406811,631.0928955078125,510.3006896972656,-1.0,-1.0,-1.0,3197.4776
2026-05-27 10:56:37.118626000,321989.2505766433,630.8905639648438,510.3725891113281,-1.0,-1.0,-1.0,3198.1186
2026-05-27 10:56:37.759660000,322066.1927333269,631.0413208007812,510.3725891113281,-1.0,-1.0,-1.0,3198.7597
2026-05-27 10:56:38.400694000,322037.37836290896,630.98486328125,510.3725891113281,-1.0,-1.0,-1.0,3199.4007
2026-05-27 10:56:39.041728000,322061.6708673537,631.0791015625,510.3348693847656,-1.0,-1.0,-1.0,3200.0417
2026-05-27 10:56:39.682762000,322047.1398406811,631.0928955078125,510.3006896972656,-1.0,-1.0,-1.0,3200.6828
2026-05-27 10:56:40.323796000,322061.6708673537,631.0791015625,510.3348693847656,-1.0,-1.0,-1.0,3201.3238
2026-05-27 10:56:40.964830000,322042.3900272567,631.0413208007812,510.3348693847656,-1.0,-1.0,-1.0,3201.9648
2026-05-27 10:56:41.605864000,322061.6708673537,631.0791015625,510.3348693847656,-1.0,-1.0,-1.0,3202.6059
2026-05-27 10:56:42.246898000,322018.09609773196,630.9470825195312,510.3725891113281,-1.0,-1.0,-1.0,3203.2469
2026-05-27 10:56:42.887932000,322085.4749985039,631.0791015625,510.3725891113281,-1.0,-1.0,-1.0,3203.8879
2026-05-27 10:56:43.528966000,322051.552670775,630.9660034179688,510.4103088378906,-1.0,-1.0,-1.0,3204.529
2026-05-27 10:56:44.170000000,322066.1927333269,631.0413208007812,510.3725891113281,-1.0,-1.0,-1.0,3205.17
2026-05-27 10:56:44.811034000,322066.1927333269,631.0413208007812,510.3725891113281,-1.0,-1.0,-1.0,3205.811
2026-05-27 10:56:45.452068000,322018.09609773196,630.9470825195312,510.3725891113281,-1.0,-1.0,-1.0,3206.4521
2026-05-27 10:56:46.093102000,321794.29569644853,631.3074951171875,509.7267150878906,-1.0,-1.0,-1.0,3207.0931
2026-05-27 10:56:46.734136000,322085.4749985039,631.0791015625,510.3725891113281,-1.0,-1.0,-1.0,3207.7341
2026-05-27 10:56:47.375170000,322085.4749985039,631.0791015625,510.3725891113281,-1.0,-1.0,-1.0,3208.3752
2026-05-27 10:56:48.016204000,322066.1927333269,631.0413208007812,510.3725891113281,-1.0,-1.0,-1.0,3209.0162
2026-05-27 10:56:48.657238000,322000.7630262915,631.0020141601562,510.3006896972656,-1.0,-1.0,-1.0,3209.6572
2026-05-27 10:56:49.298272000,322018.09609773196,630.9470825195312,510.3725891113281,-1.0,-1.0,-1.0,3210.2983
2026-05-27 10:56:49.939306000,322000.7630262915,631.0020141601562,510.3006896972656,-1.0,-1.0,-1.0,3210.9393
2026-05-27 10:56:50.580340000,322041.89524916,630.9470825195312,510.4103088378906,-1.0,-1.0,-1.0,3211.5803
2026-05-27 10:56:51.221373999,321994.2969463039,630.9470825195312,510.3348693847656,-1.0,-1.0,-1.0,3212.2214
2026-05-27 10:56:51.862408000,322024.64127633907,631.0020141601562,510.3385314941406,-1.0,-1.0,-1.0,3212.8624
2026-05-27 10:56:52.503442000,322041.89524916,630.9470825195312,510.4103088378906,-1.0,-1.0,-1.0,3213.5034
2026-05-27 10:56:53.144476000,321982.87267835066,630.8733520507812,510.37640380859375,-1.0,-1.0,-1.0,3214.1445
2026-05-27 10:56:53.785510000,322319.45447444916,630.815185546875,510.95703125,-1.0,-1.0,-1.0,3214.7855
2026-05-27 10:56:54.426544000,321824.70123646036,631.2670288085938,509.80755615234375,-1.0,-1.0,-1.0,3215.4265
2026-05-27 10:56:55.067578000,322138.81754297763,631.2964477539062,510.2813720703125,-1.0,-1.0,-1.0,3216.0676
2026-05-27 10:56:55.708612000,322361.56642291695,630.9414672851562,510.9215087890625,-1.0,-1.0,-1.0,3216.7086
2026-05-27 10:56:56.349646000,321969.9683114663,630.852783203125,510.3725891113281,-1.0,-1.0,-1.0,3217.3496
2026-05-27 10:56:56.990680000,322424.1136216745,631.0171508789062,510.9593505859375,-1.0,-1.0,-1.0,3217.9907
2026-05-27 10:56:57.631714000,322134.7982470598,631.2846069335938,510.2845764160156,-1.0,-1.0,-1.0,3218.6317
2026-05-27 10:56:58.272748000,322410.6280564796,630.9470825195312,510.9947204589844,-1.0,-1.0,-1.0,3219.2727
2026-05-27 10:56:58.913782000,322385.44238176197,630.9414672851562,510.9593505859375,-1.0,-1.0,-1.0,3219.9138
2026-05-27 10:56:59.554816000,322164.32524856925,631.2964477539062,510.32177734375,-1.0,-1.0,-1.0,3220.5548
2026-05-27 10:57:00.195850000,322134.7982470598,631.2846069335938,510.2845764160156,-1.0,-1.0,-1.0,3221.1958
2026-05-27 10:57:00.836884000,322478.0890904367,631.0791015625,510.9947204589844,-1.0,-1.0,-1.0,3221.8369
2026-05-27 10:57:01.477918000,321799.1754548084,631.2670288085938,509.7671203613281,-1.0,-1.0,-1.0,3222.4779
2026-05-27 10:57:02.118952000,322075.31130165607,631.2182006835938,510.2440185546875,-1.0,-1.0,-1.0,3223.119
2026-05-27 10:57:02.759986000,322319.45447444916,630.815185546875,510.95703125,-1.0,-1.0,-1.0,3223.76
2026-05-27 10:57:03.401020000,322008.50169114955,630.9282836914062,510.3725891113281,-1.0,-1.0,-1.0,3224.401
2026-05-27 10:57:04.042054000,321974.57367461175,630.815185546875,510.4103088378906,-1.0,-1.0,-1.0,3225.0421
2026-05-27 10:57:04.683088000,322362.44160365313,630.852783203125,510.9947204589844,-1.0,-1.0,-1.0,3225.6831
2026-05-27 10:57:05.324122000,321998.32934901863,630.815185546875,510.4479675292969,-1.0,-1.0,-1.0,3226.3241
2026-05-27 10:57:05.965155999,322041.89524916,630.9470825195312,510.4103088378906,-1.0,-1.0,-1.0,3226.9652
2026-05-27 10:57:06.606190000,321320.11368130334,630.9036254882812,509.3014221191406,-1.0,-1.0,-1.0,3227.6062
2026-05-27 10:57:07.247224000,322410.6280564796,630.9470825195312,510.9947204589844,-1.0,-1.0,-1.0,3228.2472
2026-05-27 10:57:07.888258000,322478.0890904367,631.0791015625,510.9947204589844,-1.0,-1.0,-1.0,3228.8883
2026-05-27 10:57:08.529292000,322080.2005381696,631.1776123046875,510.2845764160156,-1.0,-1.0,-1.0,3229.5293
2026-05-27 10:57:09.170326000,322323.92363003455,630.7774047851562,510.9947204589844,-1.0,-1.0,-1.0,3230.1703
2026-05-27 10:57:09.811360000,322381.74737342633,630.8905639648438,510.9947204589844,-1.0,-1.0,-1.0,3230.8114
2026-05-27 10:57:10.452394000,322429.9338262528,630.98486328125,510.9947204589844,-1.0,-1.0,-1.0,3231.4524
2026-05-27 10:57:11.093428000,322463.39166142046,631.0037231445312,511.032470703125,-1.0,-1.0,-1.0,3232.0934
2026-05-27 10:57:11.734462000,321423.9630481303,631.1776123046875,509.244873046875,-1.0,-1.0,-1.0,3232.7345
2026-05-27 10:57:12.375496000,321465.07255195826,631.3013916015625,509.21014404296875,-1.0,-1.0,-1.0,3233.3755
2026-05-27 10:57:13.016530000,321871.1269166786,629.8912963867188,510.9947204589844,-1.0,-1.0,-1.0,3234.0165
2026-05-27 10:57:13.657564000,322027.59623384476,631.2622680664062,510.1328125,-1.0,-1.0,-1.0,3234.6576
2026-05-27 10:57:14.298598000,321772.06532612443,631.30224609375,509.69573974609375,-1.0,-1.0,-1.0,3235.2986
2026-05-27 10:57:14.939632000,322539.62449189276,630.877685546875,511.2554016113281,-1.0,-1.0,-1.0,3235.9396
2026-05-27 10:57:15.580666000,322135.6515889615,631.37939453125,510.2093200683594,-1.0,-1.0,-1.0,3236.5807
2026-05-27 10:57:16.221700000,321471.17382597923,631.408203125,509.1336669921875,-1.0,-1.0,-1.0,3237.2217
2026-05-27 10:57:16.862734000,321391.82832711376,631.3034057617188,509.0924987792969,-1.0,-1.0,-1.0,3237.8627
2026-05-27 10:57:17.503768000,322040.21293009445,631.2837524414062,510.13543701171875,-1.0,-1.0,-1.0,3238.5038
2026-05-27 10:57:18.144802000,321289.7772870138,629.9855346679688,509.9954833984375,-1.0,-1.0,-1.0,3239.1448
2026-05-27 10:57:18.785836000,322040.21293009445,631.2837524414062,510.13543701171875,-1.0,-1.0,-1.0,3239.7858
2026-05-27 10:57:19.426870000,322112.2899669409,631.3739013671875,510.1767578125,-1.0,-1.0,-1.0,3240.4269
2026-05-27 10:57:20.067904000,321912.1655152291,632.1362915039062,509.244873046875,-1.0,-1.0,-1.0,3241.0679
2026-05-27 10:57:20.708938000,322543.09658064693,632.177978515625,510.2093200683594,-1.0,-1.0,-1.0,3241.7089
2026-05-27 10:57:21.349972000,322100.54192221723,631.3034057617188,510.2151184082031,-1.0,-1.0,-1.0,3242.35
2026-05-27 10:57:21.991005999,321765.6703492161,631.2393188476562,509.7364196777344,-1.0,-1.0,-1.0,3242.991
2026-05-27 10:57:22.632040000,321370.8854350131,631.2622680664062,509.0924987792969,-1.0,-1.0,-1.0,3243.632
2026-05-27 10:57:23.273074000,322067.25998328254,631.1986083984375,510.2471008300781,-1.0,-1.0,-1.0,3244.2731
2026-05-27 10:57:23.914108000,321483.75858576037,629.8535766601562,510.4103088378906,-1.0,-1.0,-1.0,3244.9141
2026-05-27 10:57:24.555142000,322238.3852422759,632.104248046875,509.7867736816406,-1.0,-1.0,-1.0,3245.5551
2026-05-27 10:57:25.196176000,321950.77949830145,630.815185546875,510.3725891113281,-1.0,-1.0,-1.0,3246.1962
2026-05-27 10:57:25.837210000,321465.07255195826,631.3013916015625,509.21014404296875,-1.0,-1.0,-1.0,3246.8372
2026-05-27 10:57:26.478244000,322101.3195683323,631.3558349609375,510.1739807128906,-1.0,-1.0,-1.0,3247.4782
2026-05-27 10:57:27.119278000,322249.30970741063,632.1292724609375,509.78387451171875,-1.0,-1.0,-1.0,3248.1193
2026-05-27 10:57:27.760312000,321431.6151420586,631.2393188476562,509.20721435546875,-1.0,-1.0,-1.0,3248.7603
2026-05-27 10:57:28.401346000,321397.54567451216,631.3146362304688,509.0924987792969,-1.0,-1.0,-1.0,3249.4013
2026-05-27 10:57:29.042380000,321370.8854350131,631.2622680664062,509.0924987792969,-1.0,-1.0,-1.0,3250.0424
2026-05-27 10:57:29.683414000,321410.88508761674,631.1986083984375,509.20721435546875,-1.0,-1.0,-1.0,3250.6834
2026-05-27 10:57:30.324448000,322067.25998328254,631.1986083984375,510.2471008300781,-1.0,-1.0,-1.0,3251.3244
2026-05-27 10:57:30.965482000,321410.88508761674,631.1986083984375,509.20721435546875,-1.0,-1.0,-1.0,3251.9655
2026-05-27 10:57:31.606516000,321814.47668525577,631.11474609375,509.91436767578125,-1.0,-1.0,-1.0,3252.6065
2026-05-27 10:57:32.247550000,321359.1307090521,631.23974609375,509.092041015625,-1.0,-1.0,-1.0,3253.2476
2026-05-27 10:57:32.888584000,321112.82544596493,631.20654296875,508.7286071777344,-1.0,-1.0,-1.0,3253.8886
2026-05-27 10:57:33.529618000,321192.3383760452,631.236328125,508.83056640625,-1.0,-1.0,-1.0,3254.5296
2026-05-27 10:57:34.170652000,321216.38737298176,631.2047729492188,508.89410400390625,-1.0,-1.0,-1.0,3255.1707
2026-05-27 10:57:34.811686000,321494.7795607336,631.2957153320312,509.26177978515625,-1.0,-1.0,-1.0,3255.8117
2026-05-27 10:57:35.452720000,321156.59604301304,631.0872802734375,508.89410400390625,-1.0,-1.0,-1.0,3256.4527
2026-05-27 10:57:36.093754000,321385.0021378547,631.23974609375,509.1330261230469,-1.0,-1.0,-1.0,3257.0938
2026-05-27 10:57:36.734787999,321160.2696788404,629.7781372070312,509.9577941894531,-1.0,-1.0,-1.0,3257.7348
2026-05-27 10:57:37.375822000,321160.2696788404,629.7781372070312,509.9577941894531,-1.0,-1.0,-1.0,3258.3758
2026-05-27 10:57:38.016856000,320889.5973125808,630.3678588867188,509.05133056640625,-1.0,-1.0,-1.0,3259.0169
2026-05-27 10:57:38.657890000,321420.7090760395,631.1502685546875,509.26177978515625,-1.0,-1.0,-1.0,3259.6579
2026-05-27 10:57:39.298924000,321413.59115055203,631.2958984375,509.1330261230469,-1.0,-1.0,-1.0,3260.2989
2026-05-27 10:57:39.939958000,321385.0021378547,631.23974609375,509.1330261230469,-1.0,-1.0,-1.0,3260.94
2026-05-27 10:57:40.580992000,321434.4424848128,631.3368530273438,509.1330261230469,-1.0,-1.0,-1.0,3261.581
2026-05-27 10:57:41.222026000,321880.57067124173,632.1856689453125,509.1551208496094,-1.0,-1.0,-1.0,3262.222
2026-05-27 10:57:41.863060000,321490.74890094437,631.3112182617188,509.2428894042969,-1.0,-1.0,-1.0,3262.8631
2026-05-27 10:57:42.504094000,322079.5787898563,631.1787719726562,510.28265380859375,-1.0,-1.0,-1.0,3263.5041
2026-05-27 10:57:43.145128000,321423.3015700113,631.1787719726562,509.2428894042969,-1.0,-1.0,-1.0,3264.1451
2026-05-27 10:57:43.786162000,321477.66349710897,631.2855224609375,509.2428894042969,-1.0,-1.0,-1.0,3264.7862
2026-05-27 10:57:44.427196000,321911.47105371393,632.1373901367188,509.2428894042969,-1.0,-1.0,-1.0,3265.4272
2026-05-27 10:57:45.068230000,321462.1114619449,631.2315673828125,509.26177978515625,-1.0,-1.0,-1.0,3266.0682
2026-05-27 10:57:45.709264000,321433.8613921534,631.2030639648438,509.2400207519531,-1.0,-1.0,-1.0,3266.7093
2026-05-27 10:57:46.350298000,321911.47105371393,632.1373901367188,509.2428894042969,-1.0,-1.0,-1.0,3267.3503
2026-05-27 10:57:46.991332000,321485.9024774395,631.1188354492188,509.39044189453125,-1.0,-1.0,-1.0,3267.9913
2026-05-27 10:57:47.632366000,321415.7527280152,631.19091796875,509.22113037109375,-1.0,-1.0,-1.0,3268.6324
2026-05-27 10:57:48.273400000,321423.3015700113,631.1787719726562,509.2428894042969,-1.0,-1.0,-1.0,3269.2734
2026-05-27 10:57:48.914434000,321402.6633083802,631.1382446289062,509.2428894042969,-1.0,-1.0,-1.0,3269.9144
2026-05-27 10:57:49.555468000,320781.0228315443,629.79833984375,509.3392639160156,-1.0,-1.0,-1.0,3270.5555
2026-05-27 10:57:50.196502000,321168.95077379793,630.9822998046875,508.99835205078125,-1.0,-1.0,-1.0,3271.1965
2026-05-27 10:57:50.837536000,321100.3421404958,631.046142578125,508.838134765625,-1.0,-1.0,-1.0,3271.8375
2026-05-27 10:57:51.478570000,321153.0126994997,630.99755859375,508.9607849121094,-1.0,-1.0,-1.0,3272.4786
2026-05-27 10:57:52.119604000,321098.0630370844,631.0186157226562,508.8567199707031,-1.0,-1.0,-1.0,3273.1196
2026-05-27 10:57:52.760637999,321126.0907690041,630.9702758789062,508.94012451171875,-1.0,-1.0,-1.0,3273.7606
2026-05-27 10:57:53.401672000,321098.0630370844,631.0186157226562,508.8567199707031,-1.0,-1.0,-1.0,3274.4017
2026-05-27 10:57:54.042706000,321115.97890070826,631.0307006835938,508.8753662109375,-1.0,-1.0,-1.0,3275.0427
2026-05-27 10:57:54.683740000,321105.1696499251,631.0064697265625,508.8777770996094,-1.0,-1.0,-1.0,3275.6837
2026-05-27 10:57:55.324774000,321144.07195509225,630.9822998046875,508.95892333984375,-1.0,-1.0,-1.0,3276.3248
2026-05-27 10:57:55.965808000,321146.1265588179,631.0096435546875,508.94012451171875,-1.0,-1.0,-1.0,3276.9658
2026-05-27 10:57:56.606842000,321133.038225336,630.9583129882812,508.9607849121094,-1.0,-1.0,-1.0,3277.6068
2026-05-27 10:57:57.247876000,321150.9306022525,630.9702758789062,508.9794921875,-1.0,-1.0,-1.0,3278.2479
2026-05-27 10:57:57.888910000,321144.07195509225,630.9822998046875,508.95892333984375,-1.0,-1.0,-1.0,3278.8889
2026-05-27 10:57:58.529944000,321150.9306022525,630.9702758789062,508.9794921875,-1.0,-1.0,-1.0,3279.5299
2026-05-27 10:57:59.170978000,321150.9306022525,630.9702758789062,508.9794921875,-1.0,-1.0,-1.0,3280.171
2026-05-27 10:57:59.812012000,321080.1550807059,631.0064697265625,508.838134765625,-1.0,-1.0,-1.0,3280.812
2026-05-27 10:58:00.453046000,321080.1550807059,631.0064697265625,508.838134765625,-1.0,-1.0,-1.0,3281.453
2026-05-27 10:58:01.094080000,321098.0630370844,631.0186157226562,508.8567199707031,-1.0,-1.0,-1.0,3282.0941
2026-05-27 10:58:01.735114000,321133.038225336,630.9583129882812,508.9607849121094,-1.0,-1.0,-1.0,3282.7351
2026-05-27 10:58:02.376148000,321087.2734654024,630.994384765625,508.8591613769531,-1.0,-1.0,-1.0,3283.3761
2026-05-27 10:58:03.017182000,321073.0094720498,631.0186157226562,508.8170166015625,-1.0,-1.0,-1.0,3284.0172
2026-05-27 10:58:03.658216000,321126.0907690041,630.9702758789062,508.94012451171875,-1.0,-1.0,-1.0,3284.6582
2026-05-27 10:58:04.299250000,321133.038225336,630.9583129882812,508.9607849121094,-1.0,-1.0,-1.0,3285.2992
2026-05-27 10:58:04.940284000,321133.038225336,630.9583129882812,508.9607849121094,-1.0,-1.0,-1.0,3285.9403
2026-05-27 10:58:05.581318000,321150.9306022525,630.9702758789062,508.9794921875,-1.0,-1.0,-1.0,3286.5813
2026-05-27 10:58:06.222352000,320792.16235883534,629.7781372070312,509.373291015625,-1.0,-1.0,-1.0,3287.2224
2026-05-27 10:58:06.863386000,320768.40729970485,629.7781372070312,509.3355712890625,-1.0,-1.0,-1.0,3287.8634
2026-05-27 10:58:07.504419999,320792.16235883534,629.7781372070312,509.373291015625,-1.0,-1.0,-1.0,3288.5044
2026-05-27 10:58:08.145454000,321133.038225336,630.9583129882812,508.9607849121094,-1.0,-1.0,-1.0,3289.1455
2026-05-27 10:58:08.786487999,321133.038225336,630.9583129882812,508.9607849121094,-1.0,-1.0,-1.0,3289.7865
2026-05-27 10:58:09.427522000,321150.9306022525,630.9702758789062,508.9794921875,-1.0,-1.0,-1.0,3290.4275
2026-05-27 10:58:10.068556000,321115.1966143213,630.9464111328125,508.9421081542969,-1.0,-1.0,-1.0,3291.0686
2026-05-27 10:58:10.709590000,321168.95077379793,630.9822998046875,508.99835205078125,-1.0,-1.0,-1.0,3291.7096
2026-05-27 10:58:11.350624000,320800.29714450985,629.836181640625,509.3392639160156,-1.0,-1.0,-1.0,3292.3506
2026-05-27 10:58:11.991658000,321115.1966143213,630.9464111328125,508.9421081542969,-1.0,-1.0,-1.0,3292.9917
2026-05-27 10:58:12.632692000,321115.1966143213,630.9464111328125,508.9421081542969,-1.0,-1.0,-1.0,3293.6327
2026-05-27 10:58:13.273726000,321115.1966143213,630.9464111328125,508.9421081542969,-1.0,-1.0,-1.0,3294.2737
2026-05-27 10:58:13.914760000,321097.4517208487,630.9345092773438,508.923583984375,-1.0,-1.0,-1.0,3294.9148
2026-05-27 10:58:14.555794000,321115.1966143213,630.9464111328125,508.9421081542969,-1.0,-1.0,-1.0,3295.5558
2026-05-27 10:58:15.196828000,320749.1953012273,629.7404174804688,509.3355712890625,-1.0,-1.0,-1.0,3296.1968
2026-05-27 10:58:15.837862000,320720.9356200509,629.7781372070312,509.26019287109375,-1.0,-1.0,-1.0,3296.8379
2026-05-27 10:58:16.478896000,321167.43889577687,629.836181640625,509.92218017578125,-1.0,-1.0,-1.0,3297.4789
2026-05-27 10:58:17.119930000,320744.69067918137,629.7781372070312,509.29791259765625,-1.0,-1.0,-1.0,3298.1199
2026-05-27 10:58:17.760964000,320697.1805609204,629.7781372070312,509.22247314453125,-1.0,-1.0,-1.0,3298.761
2026-05-27 10:58:18.401998000,321026.7699473798,630.9702758789062,508.78271484375,-1.0,-1.0,-1.0,3299.402
2026-05-27 10:58:19.043032000,321072.7673323937,630.9345092773438,508.88446044921875,-1.0,-1.0,-1.0,3300.043
2026-05-27 10:58:19.684066000,321097.4517208487,630.9345092773438,508.923583984375,-1.0,-1.0,-1.0,3300.6841
2026-05-27 10:58:20.325100000,320697.1805609204,629.7781372070312,509.22247314453125,-1.0,-1.0,-1.0,3301.3251
2026-05-27 10:58:20.966134000,321090.47325031087,630.9464111328125,508.9029235839844,-1.0,-1.0,-1.0,3301.9661
2026-05-27 10:58:21.607168000,321095.25393649936,630.9072265625,508.9421081542969,-1.0,-1.0,-1.0,3302.6072
2026-05-27 10:58:22.248202000,320697.1805609204,629.7781372070312,509.22247314453125,-1.0,-1.0,-1.0,3303.2482
2026-05-27 10:58:22.889236000,321055.1121669151,630.9226684570312,508.86602783203125,-1.0,-1.0,-1.0,3303.8892
2026-05-27 10:58:23.530269999,321077.5718933493,630.8954467773438,508.923583984375,-1.0,-1.0,-1.0,3304.5303
2026-05-27 10:58:24.171304000,321077.5718933493,630.8954467773438,508.923583984375,-1.0,-1.0,-1.0,3305.1713
2026-05-27 10:58:24.812338000,320701.7264648266,629.7404174804688,509.26019287109375,-1.0,-1.0,-1.0,3305.8123
2026-05-27 10:58:25.453372000,316165.51095894724,623.905517578125,506.7522277832031,-1.0,-1.0,-1.0,3306.4534
2026-05-27 10:58:26.094406000,316167.01798152365,623.9284057617188,506.7360534667969,-1.0,-1.0,-1.0,3307.0944
2026-05-27 10:58:26.735440000,316150.440190712,623.8956909179688,506.7360534667969,-1.0,-1.0,-1.0,3307.7354
2026-05-27 10:58:27.376474000,316120.21871521696,623.8759155273438,506.70367431640625,-1.0,-1.0,-1.0,3308.3765
2026-05-27 10:58:28.017508000,316120.21871521696,623.8759155273438,506.70367431640625,-1.0,-1.0,-1.0,3309.0175
2026-05-27 10:58:28.658542000,316170.8127611857,623.8956909179688,506.7687072753906,-1.0,-1.0,-1.0,3309.6585
2026-05-27 10:58:29.299576000,316165.51095894724,623.905517578125,506.7522277832031,-1.0,-1.0,-1.0,3310.2996
2026-05-27 10:58:29.940610000,315285.00740404055,623.0519409179688,506.03326416015625,-1.0,-1.0,-1.0,3310.9406
2026-05-27 10:58:30.581644000,315908.98001551256,623.3992919921875,506.7522277832031,-1.0,-1.0,-1.0,3311.5816
2026-05-27 10:58:31.222678000,316282.7345272638,624.1368408203125,506.7522277832031,-1.0,-1.0,-1.0,3312.2227
2026-05-27 10:58:31.863712000,315538.07452873327,623.9382934570312,505.7200012207031,-1.0,-1.0,-1.0,3312.8637
2026-05-27 10:58:32.504746000,315536.766899392,623.91552734375,505.7363586425781,-1.0,-1.0,-1.0,3313.5047
2026-05-27 10:58:33.145780000,316165.51095894724,623.905517578125,506.7522277832031,-1.0,-1.0,-1.0,3314.1458
2026-05-27 10:58:33.786814000,315553.37372073904,623.9483642578125,505.7363586425781,-1.0,-1.0,-1.0,3314.7868
2026-05-27 10:58:34.427848000,315949.03959033825,623.4580688476562,506.7687072753906,-1.0,-1.0,-1.0,3315.4278
2026-05-27 10:58:35.068882000,315523.0396303497,623.9284057617188,505.70391845703125,-1.0,-1.0,-1.0,3316.0689
2026-05-27 10:58:35.709916000,315523.0396303497,623.9284057617188,505.70391845703125,-1.0,-1.0,-1.0,3316.7099
2026-05-27 10:58:36.350950000,316187.3916202616,623.9284057617188,506.7687072753906,-1.0,-1.0,-1.0,3317.351
2026-05-27 10:58:36.991984000,315523.0396303497,623.9284057617188,505.70391845703125,-1.0,-1.0,-1.0,3317.992
2026-05-27 10:58:37.633018000,316124.63189564645,623.905517578125,506.68670654296875,-1.0,-1.0,-1.0,3318.633
2026-05-27 10:58:38.274052000,316165.51095894724,623.905517578125,506.7522277832031,-1.0,-1.0,-1.0,3319.2741
2026-05-27 10:58:38.915086000,316136.702666536,623.908447265625,506.70367431640625,-1.0,-1.0,-1.0,3319.9151
2026-05-27 10:58:39.556119999,316115.57084765285,623.9483642578125,506.63739013671875,-1.0,-1.0,-1.0,3320.5561
2026-05-27 10:58:40.197154000,316120.21871521696,623.8759155273438,506.70367431640625,-1.0,-1.0,-1.0,3321.1972
2026-05-27 10:58:40.838188000,315476.3516585976,623.8759155273438,505.671630859375,-1.0,-1.0,-1.0,3321.8382
2026-05-27 10:58:41.479222000,315522.8375130892,623.5263671875,506.0296630859375,-1.0,-1.0,-1.0,3322.4792
2026-05-27 10:58:42.120256000,315248.91528975405,623.3665161132812,505.7200012207031,-1.0,-1.0,-1.0,3323.1203
2026-05-27 10:58:42.761290000,315352.2605827991,622.3606567382812,506.7033996582031,-1.0,-1.0,-1.0,3323.7613
2026-05-27 10:58:43.402324000,315809.01732776687,623.2620849609375,506.7033996582031,-1.0,-1.0,-1.0,3324.4023
2026-05-27 10:58:44.043358000,315994.3935839534,623.2474975585938,507.0126953125,-1.0,-1.0,-1.0,3325.0434
2026-05-27 10:58:44.684392000,315655.21706293523,622.9387817382812,506.719482421875,-1.0,-1.0,-1.0,3325.6844
2026-05-27 10:58:45.325426000,316124.0712126773,623.9458618164062,506.6530456542969,-1.0,-1.0,-1.0,3326.3254
2026-05-27 10:58:45.966460000,316160.3396997005,623.91552734375,506.7358093261719,-1.0,-1.0,-1.0,3326.9665
2026-05-27 10:58:46.607494000,315242.02591054887,623.3731689453125,505.70355224609375,-1.0,-1.0,-1.0,3327.6075
2026-05-27 10:58:47.248528000,315516.2984792292,623.91552734375,505.70355224609375,-1.0,-1.0,-1.0,3328.2485
2026-05-27 10:58:47.889562000,316302.77501093224,623.7152099609375,507.1269226074219,-1.0,-1.0,-1.0,3328.8896
2026-05-27 10:58:48.530596000,315004.0979791526,622.9623413085938,505.6551208496094,-1.0,-1.0,-1.0,3329.5306
2026-05-27 10:58:49.171630000,316150.440190712,623.8956909179688,506.7360534667969,-1.0,-1.0,-1.0,3330.1716
2026-05-27 10:58:49.812664000,316170.8127611857,623.8956909179688,506.7687072753906,-1.0,-1.0,-1.0,3330.8127
2026-05-27 10:58:50.453698000,315506.49560567364,623.8956909179688,505.70391845703125,-1.0,-1.0,-1.0,3331.4537
2026-05-27 10:58:51.094732000,315506.49560567364,623.8956909179688,505.70391845703125,-1.0,-1.0,-1.0,3332.0947
2026-05-27 10:58:51.735766000,316303.15306648985,624.1368408203125,506.7849426269531,-1.0,-1.0,-1.0,3332.7358
2026-05-27 10:58:52.376800000,316150.440190712,623.8956909179688,506.7360534667969,-1.0,-1.0,-1.0,3333.3768
2026-05-27 10:58:53.017834000,315879.0097948853,623.3600463867188,506.7360534667969,-1.0,-1.0,-1.0,3334.0178
2026-05-27 10:58:53.658868000,316170.8127611857,623.8956909179688,506.7687072753906,-1.0,-1.0,-1.0,3334.6589
2026-05-27 10:58:54.299901999,315372.5830285605,622.3606567382812,506.7360534667969,-1.0,-1.0,-1.0,3335.2999
2026-05-27 10:58:54.940936000,316150.440190712,623.8956909179688,506.7360534667969,-1.0,-1.0,-1.0,3335.9409
2026-05-27 10:58:55.581970000,315645.32473158464,622.9188842773438,506.71978759765625,-1.0,-1.0,-1.0,3336.582
2026-05-27 10:58:56.223004000,316165.51095894724,623.905517578125,506.7522277832031,-1.0,-1.0,-1.0,3337.223
2026-05-27 10:58:56.864038000,316150.440190712,623.8956909179688,506.7360534667969,-1.0,-1.0,-1.0,3337.864
2026-05-27 10:58:57.505072000,316162.7715933323,623.9404296875,506.719482421875,-1.0,-1.0,-1.0,3338.5051
2026-05-27 10:58:58.146106000,315892.37076585926,623.3665161132812,506.7522277832031,-1.0,-1.0,-1.0,3339.1461
2026-05-27 10:58:58.787140000,315661.8401348181,622.9514770507812,506.71978759765625,-1.0,-1.0,-1.0,3339.7871
2026-05-27 10:58:59.428174000,315640.21928361803,622.928955078125,506.7033996582031,-1.0,-1.0,-1.0,3340.4282
2026-05-27 10:59:00.069208000,315675.61541842856,622.9387817382812,506.7522277832031,-1.0,-1.0,-1.0,3341.0692
2026-05-27 10:59:00.710242000,315049.2077453267,622.9716186523438,505.7200012207031,-1.0,-1.0,-1.0,3341.7102
2026-05-27 10:59:01.351276000,315521.4991112128,623.905517578125,505.7200012207031,-1.0,-1.0,-1.0,3342.3513
2026-05-27 10:59:01.992310000,315722.9933090508,622.991943359375,506.7850341796875,-1.0,-1.0,-1.0,3342.9923
2026-05-27 10:59:02.633344000,315721.7719434649,622.96923828125,506.8015441894531,-1.0,-1.0,-1.0,3343.6333
2026-05-27 10:59:03.274378000,314987.3773148656,622.908935546875,505.671630859375,-1.0,-1.0,-1.0,3344.2744
2026-05-27 10:59:03.915412000,315713.74955808185,622.9738159179688,506.7849426269531,-1.0,-1.0,-1.0,3344.9154
2026-05-27 10:59:04.556446000,315054.46873144805,622.9616088867188,505.736572265625,-1.0,-1.0,-1.0,3345.5564
2026-05-27 10:59:05.197480000,314776.59305716865,622.4325561523438,505.7200012207031,-1.0,-1.0,-1.0,3346.1975
2026-05-27 10:59:05.838514000,314780.44820817746,622.3998413085938,505.7527770996094,-1.0,-1.0,-1.0,3346.8385
2026-05-27 10:59:06.479548000,314747.3260933198,622.3343505859375,505.7527770996094,-1.0,-1.0,-1.0,3347.4795
2026-05-27 10:59:07.120582000,315032.6014611069,622.9387817382812,505.7200012207031,-1.0,-1.0,-1.0,3348.1206
2026-05-27 10:59:07.761616000,314726.9285380058,622.3343505859375,505.7200012207031,-1.0,-1.0,-1.0,3348.7616
2026-05-27 10:59:08.402650000,315659.03709847666,622.9060668945312,506.7522277832031,-1.0,-1.0,-1.0,3349.4026
2026-05-27 10:59:09.043684000,315704.11586319655,622.994873046875,506.7523498535156,-1.0,-1.0,-1.0,3350.0437
2026-05-27 10:59:09.684718000,315660.56028648466,622.928955078125,506.7360534667969,-1.0,-1.0,-1.0,3350.6847
2026-05-27 10:59:10.325751999,315049.2077453267,622.9716186523438,505.7200012207031,-1.0,-1.0,-1.0,3351.3258
2026-05-27 10:59:10.966786000,315002.445372805,622.9188842773438,505.687744140625,-1.0,-1.0,-1.0,3351.9668
2026-05-27 10:59:11.607820000,315017.6135033518,622.928955078125,505.70391845703125,-1.0,-1.0,-1.0,3352.6078
2026-05-27 10:59:12.248854000,315002.445372805,622.9188842773438,505.687744140625,-1.0,-1.0,-1.0,3353.2489
2026-05-27 10:59:12.889888000,315667.34526922926,622.9623413085938,506.71978759765625,-1.0,-1.0,-1.0,3353.8899
2026-05-27 10:59:13.530922000,315027.4784623273,622.9489135742188,505.70355224609375,-1.0,-1.0,-1.0,3354.5309
2026-05-27 10:59:14.171956000,316120.21871521696,623.8759155273438,506.70367431640625,-1.0,-1.0,-1.0,3355.172
2026-05-27 10:59:14.812990000,315001.0694786757,622.896240234375,505.70391845703125,-1.0,-1.0,-1.0,3355.813
2026-05-27 10:59:15.454024000,315032.6014611069,622.9387817382812,505.7200012207031,-1.0,-1.0,-1.0,3356.454
2026-05-27 10:59:16.095058000,315640.21928361803,622.928955078125,506.7033996582031,-1.0,-1.0,-1.0,3357.0951
2026-05-27 10:59:16.736092000,315640.21928361803,622.928955078125,506.7033996582031,-1.0,-1.0,-1.0,3357.7361
2026-05-27 10:59:17.377126000,315032.6014611069,622.9387817382812,505.7200012207031,-1.0,-1.0,-1.0,3358.3771
2026-05-27 10:59:18.018160000,315808.158097066,622.7784423828125,507.09552001953125,-1.0,-1.0,-1.0,3359.0182
2026-05-27 10:59:18.659194000,315667.34526922926,622.9623413085938,506.71978759765625,-1.0,-1.0,-1.0,3359.6592
2026-05-27 10:59:19.300228000,315660.1051653307,622.9682006835938,506.7033996582031,-1.0,-1.0,-1.0,3360.3002
2026-05-27 10:59:19.941262000,314980.748553358,622.896240234375,505.6712951660156,-1.0,-1.0,-1.0,3360.9413
2026-05-27 10:59:20.582296000,314970.9578014612,622.87646484375,505.671630859375,-1.0,-1.0,-1.0,3361.5823
2026-05-27 10:59:21.223330000,314980.748553358,622.896240234375,505.6712951660156,-1.0,-1.0,-1.0,3362.2233
2026-05-27 10:59:21.864364000,314997.29151076823,622.928955078125,505.6712951660156,-1.0,-1.0,-1.0,3362.8644
2026-05-27 10:59:22.505398000,314997.29151076823,622.928955078125,505.6712951660156,-1.0,-1.0,-1.0,3363.5054
2026-05-27 10:59:23.146432000,314980.748553358,622.896240234375,505.6712951660156,-1.0,-1.0,-1.0,3364.1464
2026-05-27 10:59:23.787466000,315032.6014611069,622.9387817382812,505.7200012207031,-1.0,-1.0,-1.0,3364.7875
2026-05-27 10:59:24.428500000,315010.87271824107,622.9160766601562,505.70355224609375,-1.0,-1.0,-1.0,3365.4285
2026-05-27 10:59:25.069533999,314997.29151076823,622.928955078125,505.6712951660156,-1.0,-1.0,-1.0,3366.0695
2026-05-27 10:59:25.710568000,314980.748553358,622.896240234375,505.6712951660156,-1.0,-1.0,-1.0,3366.7106
2026-05-27 10:59:26.351602000,314997.29151076823,622.928955078125,505.6712951660156,-1.0,-1.0,-1.0,3367.3516
2026-05-27 10:59:26.992636000,314995.67863563634,622.9060668945312,505.6872863769531,-1.0,-1.0,-1.0,3367.9926
2026-05-27 10:59:27.633670000,315010.87271824107,622.9160766601562,505.70355224609375,-1.0,-1.0,-1.0,3368.6337
2026-05-27 10:59:28.274704000,315002.445372805,622.9188842773438,505.687744140625,-1.0,-1.0,-1.0,3369.2747
2026-05-27 10:59:28.915738000,314985.9327419996,622.88623046875,505.687744140625,-1.0,-1.0,-1.0,3369.9157
2026-05-27 10:59:29.556772000,315016.0569102857,622.9060668945312,505.7200012207031,-1.0,-1.0,-1.0,3370.5568
2026-05-27 10:59:30.197806000,314796.9938312564,622.4325561523438,505.7527770996094,-1.0,-1.0,-1.0,3371.1978
2026-05-27 10:59:30.838840000,315053.0188271832,622.9387817382812,505.7527770996094,-1.0,-1.0,-1.0,3371.8388
2026-05-27 10:59:31.479874000,315036.47320410423,622.9060668945312,505.7527770996094,-1.0,-1.0,-1.0,3372.4799
2026-05-27 10:59:32.120908000,315016.0569102857,622.9060668945312,505.7200012207031,-1.0,-1.0,-1.0,3373.1209
2026-05-27 10:59:32.761942000,314813.53945433535,622.4652709960938,505.7527770996094,-1.0,-1.0,-1.0,3373.7619
2026-05-27 10:59:33.402976000,315036.47320410423,622.9060668945312,505.7527770996094,-1.0,-1.0,-1.0,3374.403
2026-05-27 10:59:34.044010000,315153.96007625386,622.7157592773438,506.09600830078125,-1.0,-1.0,-1.0,3375.044
2026-05-27 10:59:34.685044000,315139.45421558246,622.7058715820312,506.08074951171875,-1.0,-1.0,-1.0,3375.685
2026-05-27 10:59:35.326078000,314913.48415922374,622.2406005859375,506.09600830078125,-1.0,-1.0,-1.0,3376.3261
2026-05-27 10:59:35.967112000,315183.2126425579,622.735595703125,506.1268615722656,-1.0,-1.0,-1.0,3376.9671
2026-05-27 10:59:36.608146000,315183.2126425579,622.735595703125,506.1268615722656,-1.0,-1.0,-1.0,3377.6081
2026-05-27 10:59:37.249180000,314939.3857798632,622.2538452148438,506.1268615722656,-1.0,-1.0,-1.0,3378.2492
2026-05-27 10:59:37.890214000,315183.2126425579,622.735595703125,506.1268615722656,-1.0,-1.0,-1.0,3378.8902
2026-05-27 10:59:38.531248000,315183.2126425579,622.735595703125,506.1268615722656,-1.0,-1.0,-1.0,3379.5312
2026-05-27 10:59:39.172282000,315199.18356464244,622.7671508789062,506.1268615722656,-1.0,-1.0,-1.0,3380.1723
2026-05-27 10:59:39.813316000,314757.01798852347,622.3737182617188,505.7363586425781,-1.0,-1.0,-1.0,3380.8133
2026-05-27 10:59:40.454350000,315001.0694786757,622.896240234375,505.70391845703125,-1.0,-1.0,-1.0,3381.4544
2026-05-27 10:59:41.095383999,314757.01798852347,622.3737182617188,505.7363586425781,-1.0,-1.0,-1.0,3382.0954
2026-05-27 10:59:41.736418000,314773.6248098705,622.4065551757812,505.7363586425781,-1.0,-1.0,-1.0,3382.7364
2026-05-27 10:59:42.377452000,314760.04850634746,622.3998413085938,505.7200012207031,-1.0,-1.0,-1.0,3383.3775
2026-05-27 10:59:43.018486000,315119.95665014535,622.7058715820312,506.0494384765625,-1.0,-1.0,-1.0,3384.0185
2026-05-27 10:59:43.659520000,315188.03566684015,622.7255249023438,506.1427917480469,-1.0,-1.0,-1.0,3384.6595
2026-05-27 10:59:44.300554000,315217.14814577065,622.6668090820312,506.2372741699219,-1.0,-1.0,-1.0,3385.3006
2026-05-27 10:59:44.941588000,314827.774674464,622.0333251953125,506.1268615722656,-1.0,-1.0,-1.0,3385.9416
2026-05-27 10:59:45.582622000,315051.7439818159,622.9160766601562,505.7691650390625,-1.0,-1.0,-1.0,3386.5826
2026-05-27 10:59:46.223656000,315056.80137139186,622.9464111328125,505.7526550292969,-1.0,-1.0,-1.0,3387.2237
2026-05-27 10:59:46.864690000,315169.8064661622,622.7470703125,506.09600830078125,-1.0,-1.0,-1.0,3387.8647
2026-05-27 10:59:47.505724000,315168.8939681351,622.6474609375,506.1755065917969,-1.0,-1.0,-1.0,3388.5057
2026-05-27 10:59:48.146758000,315183.2126425579,622.735595703125,506.1268615722656,-1.0,-1.0,-1.0,3389.1468
2026-05-27 10:59:48.787792000,315188.1616843641,622.6474609375,506.2064514160156,-1.0,-1.0,-1.0,3389.7878
2026-05-27 10:59:49.428826000,314734.0001588613,622.3279418945312,505.736572265625,-1.0,-1.0,-1.0,3390.4288
2026-05-27 10:59:50.069860000,314688.2674765587,622.197265625,505.769287109375,-1.0,-1.0,-1.0,3391.0699
2026-05-27 10:59:50.710894000,315041.78736644983,622.896240234375,505.769287109375,-1.0,-1.0,-1.0,3391.7109
2026-05-27 10:59:51.351928000,314852.86115920544,622.00390625,506.1911315917969,-1.0,-1.0,-1.0,3392.3519
2026-05-27 10:59:51.992962000,315188.1616843641,622.6474609375,506.2064514160156,-1.0,-1.0,-1.0,3392.993
2026-05-27 10:59:52.633996000,315173.80314376205,622.637939453125,506.1911315917969,-1.0,-1.0,-1.0,3393.634
2026-05-27 10:59:53.275030000,315123.6083034426,622.674560546875,506.08074951171875,-1.0,-1.0,-1.0,3394.275
2026-05-27 10:59:53.916064000,314907.26063996553,622.2274780273438,506.0966796875,-1.0,-1.0,-1.0,3394.9161
2026-05-27 10:59:54.557098000,314884.8385162279,622.2027587890625,506.08074951171875,-1.0,-1.0,-1.0,3395.5571
2026-05-27 10:59:55.198132000,315123.6083034426,622.674560546875,506.08074951171875,-1.0,-1.0,-1.0,3396.1981
2026-05-27 10:59:55.839165999,315109.14599563926,622.664794921875,506.0654602050781,-1.0,-1.0,-1.0,3396.8392
2026-05-27 10:59:56.480200000,315011.4843097329,622.87646484375,505.7366943359375,-1.0,-1.0,-1.0,3397.4802
2026-05-27 10:59:57.121234000,315061.63658834994,622.9354858398438,505.769287109375,-1.0,-1.0,-1.0,3398.1212
2026-05-27 10:59:57.762268000,315139.45421558246,622.7058715820312,506.08074951171875,-1.0,-1.0,-1.0,3398.7623
2026-05-27 10:59:58.403302000,314916.56122922525,622.2654418945312,506.08074951171875,-1.0,-1.0,-1.0,3399.4033
2026-05-27 10:59:59.044336000,315041.78736644983,622.896240234375,505.769287109375,-1.0,-1.0,-1.0,3400.0443
2026-05-27 10:59:59.685370000,315041.78736644983,622.896240234375,505.769287109375,-1.0,-1.0,-1.0,3400.6854
2026-05-27 11:00:00.326404000,315041.78736644983,622.896240234375,505.769287109375,-1.0,-1.0,-1.0,3401.3264
2026-05-27 11:00:00.967438000,314955.35670194775,622.285400390625,506.1268615722656,-1.0,-1.0,-1.0,3401.9674
2026-05-27 11:00:01.608472000,314721.3289332539,622.2626342773438,505.769287109375,-1.0,-1.0,-1.0,3402.6085
2026-05-27 11:00:02.249506000,314797.9449097663,622.33447265625,505.8340148925781,-1.0,-1.0,-1.0,3403.2495
2026-05-27 11:00:02.890540000,314814.30794857815,622.3668212890625,505.8340148925781,-1.0,-1.0,-1.0,3403.8905
2026-05-27 11:00:03.531574000,314774.72731727734,622.3084716796875,505.8178405761719,-1.0,-1.0,-1.0,3404.5316
2026-05-27 11:00:04.172608000,314774.72731727734,622.3084716796875,505.8178405761719,-1.0,-1.0,-1.0,3405.1726
2026-05-27 11:00:04.813642000,314716.7922922373,622.35400390625,505.687744140625,-1.0,-1.0,-1.0,3405.8136
2026-05-27 11:00:05.454676000,314980.748553358,622.896240234375,505.6712951660156,-1.0,-1.0,-1.0,3406.4547
2026-05-27 11:00:06.095710000,314726.43144690245,622.393310546875,505.6712951660156,-1.0,-1.0,-1.0,3407.0957
2026-05-27 11:00:06.736744000,314590.4808942899,622.1646728515625,505.63861083984375,-1.0,-1.0,-1.0,3407.7367
2026-05-27 11:00:07.377778000,314693.37639580853,622.3279418945312,505.6712951660156,-1.0,-1.0,-1.0,3408.3778
2026-05-27 11:00:08.018812000,314660.3522084411,622.2626342773438,505.6712951660156,-1.0,-1.0,-1.0,3409.0188
2026-05-27 11:00:08.659846000,314747.93795565143,622.2955322265625,505.7853088378906,-1.0,-1.0,-1.0,3409.6598
2026-05-27 11:00:09.300880000,314491.8979891408,621.9295043945312,505.6712951660156,-1.0,-1.0,-1.0,3410.3009
2026-05-27 11:00:09.941914000,314780.66088212654,622.3602294921875,505.7853088378906,-1.0,-1.0,-1.0,3410.9419
2026-05-27 11:00:10.582948000,314730.2228060402,622.3606567382812,505.70391845703125,-1.0,-1.0,-1.0,3411.5829
2026-05-27 11:00:11.223982000,314964.2364596743,622.8635864257812,505.6712951660156,-1.0,-1.0,-1.0,3412.224
2026-05-27 11:00:11.865015999,314750.5452518016,622.3606567382812,505.736572265625,-1.0,-1.0,-1.0,3412.865
2026-05-27 11:00:12.506050000,314747.93795565143,622.2955322265625,505.7853088378906,-1.0,-1.0,-1.0,3413.506
2026-05-27 11:00:13.147084000,314730.2228060402,622.3606567382812,505.70391845703125,-1.0,-1.0,-1.0,3414.1471
2026-05-27 11:00:13.788118000,314747.93795565143,622.2955322265625,505.7853088378906,-1.0,-1.0,-1.0,3414.7881
2026-05-27 11:00:14.429152000,314720.57471517846,622.3214111328125,505.7203063964844,-1.0,-1.0,-1.0,3415.4292
2026-05-27 11:00:15.070186000,314969.4818406552,622.8536987304688,505.687744140625,-1.0,-1.0,-1.0,3416.0702
2026-05-27 11:00:15.711220000,314558.63259890676,622.14013671875,505.60736083984375,-1.0,-1.0,-1.0,3416.7112
2026-05-27 11:00:16.352254000,314062.39420772344,621.1791381835938,505.5906982421875,-1.0,-1.0,-1.0,3417.3523
2026-05-27 11:00:16.993288000,314069.6895431727,621.173095703125,505.60736083984375,-1.0,-1.0,-1.0,3417.9933
2026-05-27 11:00:17.634322000,314430.4081681911,621.8671264648438,505.6231384277344,-1.0,-1.0,-1.0,3418.6343
2026-05-27 11:00:18.275356000,314452.1320217885,621.8897094726562,505.63970947265625,-1.0,-1.0,-1.0,3419.2754
2026-05-27 11:00:18.916390000,314422.46931776404,621.8701171875,505.6079406738281,-1.0,-1.0,-1.0,3419.9164
2026-05-27 11:00:19.557424000,314471.3513354659,621.966796875,505.6079406738281,-1.0,-1.0,-1.0,3420.5574
2026-05-27 11:00:20.198458000,314480.52487656847,621.9458618164062,505.63970947265625,-1.0,-1.0,-1.0,3421.1985
2026-05-27 11:00:20.839492000,314493.2339974977,621.9514770507812,505.65557861328125,-1.0,-1.0,-1.0,3421.8395
2026-05-27 11:00:21.480526000,315002.445372805,622.9188842773438,505.687744140625,-1.0,-1.0,-1.0,3422.4805
2026-05-27 11:00:22.121560000,315011.51276502013,622.9566650390625,505.671630859375,-1.0,-1.0,-1.0,3423.1216
2026-05-27 11:00:22.762594000,315011.92206879705,622.8373413085938,505.7691650390625,-1.0,-1.0,-1.0,3423.7626
2026-05-27 11:00:23.403628000,314764.299418889,622.327880859375,505.7853088378906,-1.0,-1.0,-1.0,3424.4036
2026-05-27 11:00:24.044662000,315010.5240052715,622.814697265625,505.7853088378906,-1.0,-1.0,-1.0,3425.0447
2026-05-27 11:00:24.685696000,314777.775256142,622.33447265625,505.8016052246094,-1.0,-1.0,-1.0,3425.6857
2026-05-27 11:00:25.326730000,315010.5240052715,622.814697265625,505.7853088378906,-1.0,-1.0,-1.0,3426.3267
2026-05-27 11:00:25.967764000,315026.88546850905,622.8470458984375,505.7853088378906,-1.0,-1.0,-1.0,3426.9678
2026-05-27 11:00:26.608797999,315026.88546850905,622.8470458984375,505.7853088378906,-1.0,-1.0,-1.0,3427.6088
2026-05-27 11:00:27.249832000,315110.52417607047,622.6862182617188,506.0502624511719,-1.0,-1.0,-1.0,3428.2498
2026-05-27 11:00:27.890866000,315115.5325121507,622.676513671875,506.0661926269531,-1.0,-1.0,-1.0,3428.8909
2026-05-27 11:00:28.531900000,315110.52417607047,622.6862182617188,506.0502624511719,-1.0,-1.0,-1.0,3429.5319
2026-05-27 11:00:29.172934000,314734.74303236604,622.289306640625,505.7691650390625,-1.0,-1.0,-1.0,3430.1729
2026-05-27 11:00:29.813968000,314120.71733651496,621.2166137695312,505.6540832519531,-1.0,-1.0,-1.0,3430.814
2026-05-27 11:00:30.455002000,315010.5240052715,622.814697265625,505.7853088378906,-1.0,-1.0,-1.0,3431.455
2026-05-27 11:00:31.096036000,314537.70858839154,621.8798828125,505.7853088378906,-1.0,-1.0,-1.0,3432.096
2026-05-27 11:00:31.737070000,314747.93795565143,622.2955322265625,505.7853088378906,-1.0,-1.0,-1.0,3432.7371
2026-05-27 11:00:32.378104000,315010.5240052715,622.814697265625,505.7853088378906,-1.0,-1.0,-1.0,3433.3781
2026-05-27 11:00:33.019138000,314702.0828897506,622.2247314453125,505.7691650390625,-1.0,-1.0,-1.0,3434.0191
2026-05-27 11:00:33.660172000,314163.96227909625,621.1607666015625,505.7691650390625,-1.0,-1.0,-1.0,3434.6602
2026-05-27 11:00:34.301206000,314642.9935001917,622.1077880859375,505.7692565917969,-1.0,-1.0,-1.0,3435.3012
2026-05-27 11:00:34.942240000,314564.822407458,621.9134521484375,505.8016052246094,-1.0,-1.0,-1.0,3435.9422
2026-05-27 11:00:35.583274000,314561.0961712282,621.9458618164062,505.7692565917969,-1.0,-1.0,-1.0,3436.5833
2026-05-27 11:00:36.224308000,314531.7793418579,621.9078979492188,505.75299072265625,-1.0,-1.0,-1.0,3437.2243
2026-05-27 11:00:36.865342000,314531.7793418579,621.9078979492188,505.75299072265625,-1.0,-1.0,-1.0,3437.8653
2026-05-27 11:00:37.506376000,314486.36016567796,621.8378295898438,505.7369384765625,-1.0,-1.0,-1.0,3438.5064
2026-05-27 11:00:38.147410000,314544.7043575533,621.9134521484375,505.7692565917969,-1.0,-1.0,-1.0,3439.1474
2026-05-27 11:00:38.788444000,314646.1479228288,622.134033203125,505.75299072265625,-1.0,-1.0,-1.0,3439.7884
2026-05-27 11:00:39.429478000,314544.7043575533,621.9134521484375,505.7692565917969,-1.0,-1.0,-1.0,3440.4295
2026-05-27 11:00:40.070512000,313906.39858711883,621.9401245117188,504.72125244140625,-1.0,-1.0,-1.0,3441.0705
2026-05-27 11:00:40.711546000,314581.21526954137,621.9458618164062,505.8016052246094,-1.0,-1.0,-1.0,3441.7115
2026-05-27 11:00:41.352580000,313987.9721879773,622.1017456054688,504.72125244140625,-1.0,-1.0,-1.0,3442.3526
2026-05-27 11:00:41.993614000,314581.21526954137,621.9458618164062,505.8016052246094,-1.0,-1.0,-1.0,3442.9936
2026-05-27 11:00:42.634647999,313890.13315613195,621.9078979492188,504.72125244140625,-1.0,-1.0,-1.0,3443.6346
2026-05-27 11:00:43.275682000,314642.9935001917,622.1077880859375,505.7692565917969,-1.0,-1.0,-1.0,3444.2757
2026-05-27 11:00:43.916716000,313902.97652417794,621.9134521484375,504.7373962402344,-1.0,-1.0,-1.0,3444.9167
2026-05-27 11:00:44.557750000,313859.66627877206,621.8475341796875,504.72125244140625,-1.0,-1.0,-1.0,3445.5578
2026-05-27 11:00:45.198784000,314521.347125154,621.8475341796875,505.7853088378906,-1.0,-1.0,-1.0,3446.1988
2026-05-27 11:00:45.839818000,313890.13315613195,621.9078979492188,504.72125244140625,-1.0,-1.0,-1.0,3446.8398
2026-05-27 11:00:46.480852000,314531.7793418579,621.9078979492188,505.75299072265625,-1.0,-1.0,-1.0,3447.4809
2026-05-27 11:00:47.121886000,314531.7793418579,621.9078979492188,505.75299072265625,-1.0,-1.0,-1.0,3448.1219
2026-05-27 11:00:47.762920000,313859.66627877206,621.8475341796875,504.72125244140625,-1.0,-1.0,-1.0,3448.7629
2026-05-27 11:00:48.403954000,313844.80524914525,621.8378295898438,504.7052307128906,-1.0,-1.0,-1.0,3449.404
2026-05-27 11:00:49.044988000,313859.66627877206,621.8475341796875,504.72125244140625,-1.0,-1.0,-1.0,3450.045
2026-05-27 11:00:49.686022000,314649.9235296529,622.1017456054688,505.7853088378906,-1.0,-1.0,-1.0,3450.686
2026-05-27 11:00:50.327056000,314531.7793418579,621.9078979492188,505.75299072265625,-1.0,-1.0,-1.0,3451.3271
2026-05-27 11:00:50.968090000,313889.61453917064,621.8671264648438,504.7535095214844,-1.0,-1.0,-1.0,3451.9681
2026-05-27 11:00:51.609124000,314479.7737088632,621.9266967773438,505.6540832519531,-1.0,-1.0,-1.0,3452.6091
2026-05-27 11:00:52.250158000,313987.9721879773,622.1017456054688,504.72125244140625,-1.0,-1.0,-1.0,3453.2502
2026-05-27 11:00:52.891192000,313838.1536315009,621.824951171875,504.7049865722656,-1.0,-1.0,-1.0,3453.8912
2026-05-27 11:00:53.532226000,314499.9432844296,621.824951171875,505.7692565917969,-1.0,-1.0,-1.0,3454.5322
2026-05-27 11:00:54.173260000,314459.35155536793,621.9266967773438,505.6212463378906,-1.0,-1.0,-1.0,3455.1733
2026-05-27 11:00:54.814294000,314459.35155536793,621.9266967773438,505.6212463378906,-1.0,-1.0,-1.0,3455.8143
2026-05-27 11:00:55.455328000,313838.1536315009,621.824951171875,504.7049865722656,-1.0,-1.0,-1.0,3456.4553
2026-05-27 11:00:56.096362000,313874.69594985247,621.857421875,504.7373962402344,-1.0,-1.0,-1.0,3457.0964
2026-05-27 11:00:56.737396000,313874.69594985247,621.857421875,504.7373962402344,-1.0,-1.0,-1.0,3457.7374
2026-05-27 11:00:57.378429999,313902.97652417794,621.9134521484375,504.7373962402344,-1.0,-1.0,-1.0,3458.3784
2026-05-27 11:00:58.019464000,313858.30677170306,621.824951171875,504.7373962402344,-1.0,-1.0,-1.0,3459.0195
2026-05-27 11:00:58.660497999,313910.2130681202,621.9078979492188,504.7535400390625,-1.0,-1.0,-1.0,3459.6605
2026-05-27 11:00:59.301532000,313894.8121872544,621.857421875,504.7697448730469,-1.0,-1.0,-1.0,3460.3015
2026-05-27 11:00:59.942566000,313902.97652417794,621.9134521484375,504.7373962402344,-1.0,-1.0,-1.0,3460.9426
2026-05-27 11:01:00.583600000,313902.97652417794,621.9134521484375,504.7373962402344,-1.0,-1.0,-1.0,3461.5836
2026-05-27 11:01:01.224634000,313931.6717828866,621.7863159179688,504.8867492675781,-1.0,-1.0,-1.0,3462.2246
2026-05-27 11:01:01.865668000,313923.09457408264,621.9134521484375,504.7697448730469,-1.0,-1.0,-1.0,3462.8657
2026-05-27 11:01:02.506702000,313902.97652417794,621.9134521484375,504.7373962402344,-1.0,-1.0,-1.0,3463.5067
2026-05-27 11:01:03.147736000,313995.1698946506,621.872802734375,504.91864013671875,-1.0,-1.0,-1.0,3464.1477
2026-05-27 11:01:03.788770000,313911.10998968594,621.8897094726562,504.7697448730469,-1.0,-1.0,-1.0,3464.7888
2026-05-27 11:01:04.429804000,313992.7515138164,621.7063598632812,505.0499267578125,-1.0,-1.0,-1.0,3465.4298
2026-05-27 11:01:05.070838000,313978.3211962357,621.696533203125,505.0346984863281,-1.0,-1.0,-1.0,3466.0708
2026-05-27 11:01:05.711872000,313967.6166756358,621.6555786132812,505.0507507324219,-1.0,-1.0,-1.0,3466.7119
2026-05-27 11:01:06.352906000,313983.3378598932,621.6867065429688,505.0507507324219,-1.0,-1.0,-1.0,3467.3529
2026-05-27 11:01:06.993940000,313962.538861908,621.665283203125,505.0346984863281,-1.0,-1.0,-1.0,3467.9939
2026-05-27 11:01:07.634974000,313976.93787780404,621.675048828125,505.0499267578125,-1.0,-1.0,-1.0,3468.635
2026-05-27 11:01:08.276008000,313981.9659020081,621.665283203125,505.0659484863281,-1.0,-1.0,-1.0,3469.276
2026-05-27 11:01:08.917042000,313997.7492128983,621.696533203125,505.0659484863281,-1.0,-1.0,-1.0,3469.917
2026-05-27 11:01:09.558076000,313981.9659020081,621.665283203125,505.0659484863281,-1.0,-1.0,-1.0,3470.5581
2026-05-27 11:01:10.199110000,314012.21778350696,621.7063598632812,505.08123779296875,-1.0,-1.0,-1.0,3471.1991
2026-05-27 11:01:10.840144000,313997.7492128983,621.696533203125,505.0659484863281,-1.0,-1.0,-1.0,3471.8401
2026-05-27 11:01:11.481178000,313992.7515138164,621.7063598632812,505.0499267578125,-1.0,-1.0,-1.0,3472.4812
2026-05-27 11:01:12.122212000,313992.7515138164,621.7063598632812,505.0499267578125,-1.0,-1.0,-1.0,3473.1222
2026-05-27 11:01:12.763246000,313992.7515138164,621.7063598632812,505.0499267578125,-1.0,-1.0,-1.0,3473.7632
2026-05-27 11:01:13.404279999,313992.7515138164,621.7063598632812,505.0499267578125,-1.0,-1.0,-1.0,3474.4043
2026-05-27 11:01:14.045314000,313992.7515138164,621.7063598632812,505.0499267578125,-1.0,-1.0,-1.0,3475.0453
2026-05-27 11:01:14.686348000,313921.03665475175,621.7445068359375,504.9035949707031,-1.0,-1.0,-1.0,3475.6863
2026-05-27 11:01:15.327382000,313978.3211962357,621.696533203125,505.0346984863281,-1.0,-1.0,-1.0,3476.3274
2026-05-27 11:01:15.968416000,313962.538861908,621.665283203125,505.0346984863281,-1.0,-1.0,-1.0,3476.9684
2026-05-27 11:01:16.609450000,313494.3770922292,620.8994750976562,504.9035949707031,-1.0,-1.0,-1.0,3477.6094
2026-05-27 11:01:17.250484000,313981.9659020081,621.665283203125,505.0659484863281,-1.0,-1.0,-1.0,3478.2505
2026-05-27 11:01:17.891518000,313962.538861908,621.665283203125,505.0346984863281,-1.0,-1.0,-1.0,3478.8915
2026-05-27 11:01:18.532552000,313873.22483781166,621.8346557617188,504.7535095214844,-1.0,-1.0,-1.0,3479.5326
2026-05-27 11:01:19.173586000,313853.0334293116,621.8346557617188,504.7210388183594,-1.0,-1.0,-1.0,3480.1736
2026-05-27 11:01:19.814620000,313873.22483781166,621.8346557617188,504.7535095214844,-1.0,-1.0,-1.0,3480.8146
2026-05-27 11:01:20.455654000,313873.22483781166,621.8346557617188,504.7535095214844,-1.0,-1.0,-1.0,3481.4557
2026-05-27 11:01:21.096688000,314191.71650953963,621.0902099609375,505.8713073730469,-1.0,-1.0,-1.0,3482.0967
2026-05-27 11:01:21.737722000,313489.2846061792,620.7282104492188,505.0346984863281,-1.0,-1.0,-1.0,3482.7377
2026-05-27 11:01:22.378756000,313889.61453917064,621.8671264648438,504.7535095214844,-1.0,-1.0,-1.0,3483.3788
2026-05-27 11:01:23.019790000,314136.0520648975,622.0088500976562,505.0346984863281,-1.0,-1.0,-1.0,3484.0198
2026-05-27 11:01:23.660824000,313962.538861908,621.665283203125,505.0346984863281,-1.0,-1.0,-1.0,3484.6608
2026-05-27 11:01:24.301858000,314479.809120819,621.824951171875,505.73687744140625,-1.0,-1.0,-1.0,3485.3019
2026-05-27 11:01:24.942892000,313366.4097249843,620.8902587890625,504.7049865722656,-1.0,-1.0,-1.0,3485.9429
2026-05-27 11:01:25.583926000,313542.0267480463,621.277099609375,504.67340087890625,-1.0,-1.0,-1.0,3486.5839
2026-05-27 11:01:26.224960000,313932.47684429213,621.6243896484375,505.0195617675781,-1.0,-1.0,-1.0,3487.225
2026-05-27 11:01:26.865994000,313902.97652417794,621.9134521484375,504.7373962402344,-1.0,-1.0,-1.0,3487.866
2026-05-27 11:01:27.507028000,313948.2278816495,621.6555786132812,505.0195617675781,-1.0,-1.0,-1.0,3488.507
2026-05-27 11:01:28.148061999,313173.79204398394,620.103515625,505.0346984863281,-1.0,-1.0,-1.0,3489.1481
2026-05-27 11:01:28.789096000,313962.538861908,621.665283203125,505.0346984863281,-1.0,-1.0,-1.0,3489.7891
2026-05-27 11:01:29.430129999,313962.538861908,621.665283203125,505.0346984863281,-1.0,-1.0,-1.0,3490.4301
2026-05-27 11:01:30.071164000,313962.538861908,621.665283203125,505.0346984863281,-1.0,-1.0,-1.0,3491.0712
2026-05-27 11:01:30.712198000,313966.1825911179,621.634033203125,505.0659484863281,-1.0,-1.0,-1.0,3491.7122
2026-05-27 11:01:31.353232000,313967.6166756358,621.6555786132812,505.0507507324219,-1.0,-1.0,-1.0,3492.3532
2026-05-27 11:01:31.994266000,313492.92987864465,620.697021484375,505.0659484863281,-1.0,-1.0,-1.0,3492.9943
2026-05-27 11:01:32.635300000,313487.94819346815,620.7068481445312,505.0499267578125,-1.0,-1.0,-1.0,3493.6353
2026-05-27 11:01:33.276334000,313976.93787780404,621.675048828125,505.0499267578125,-1.0,-1.0,-1.0,3494.2763
2026-05-27 11:01:33.917368000,313494.2857260816,620.7183837890625,505.0507507324219,-1.0,-1.0,-1.0,3494.9174
2026-05-27 11:01:34.558402000,313967.6166756358,621.6555786132812,505.0507507324219,-1.0,-1.0,-1.0,3495.5584
2026-05-27 11:01:35.199436000,313962.538861908,621.665283203125,505.0346984863281,-1.0,-1.0,-1.0,3496.1994
2026-05-27 11:01:35.840470000,313046.8777056299,620.3160400390625,504.6570739746094,-1.0,-1.0,-1.0,3496.8405
2026-05-27 11:01:36.481504000,313971.2145458199,621.6243896484375,505.0818786621094,-1.0,-1.0,-1.0,3497.4815
2026-05-27 11:01:37.122538000,314142.95411888324,622.0027465820312,505.0507507324219,-1.0,-1.0,-1.0,3498.1225
2026-05-27 11:01:37.763572000,313975.51122292876,621.6534423828125,505.065185546875,-1.0,-1.0,-1.0,3498.7636
2026-05-27 11:01:38.404606000,313978.3211962357,621.696533203125,505.0346984863281,-1.0,-1.0,-1.0,3499.4046
2026-05-27 11:01:39.045640000,313366.4097249843,620.8902587890625,504.7049865722656,-1.0,-1.0,-1.0,3500.0456
2026-05-27 11:01:39.686674000,313635.1597350575,621.2174682617188,504.87176513671875,-1.0,-1.0,-1.0,3500.6867
2026-05-27 11:01:40.327708000,313962.538861908,621.665283203125,505.0346984863281,-1.0,-1.0,-1.0,3501.3277
2026-05-27 11:01:40.968742000,313158.040534528,620.0723266601562,505.0346984863281,-1.0,-1.0,-1.0,3501.9687
2026-05-27 11:01:41.609776000,313899.46922838315,621.7225341796875,504.8867492675781,-1.0,-1.0,-1.0,3502.6098
2026-05-27 11:01:42.250810000,313619.10515805334,621.1856689453125,504.87176513671875,-1.0,-1.0,-1.0,3503.2508
2026-05-27 11:01:42.891844000,313967.6166756358,621.6555786132812,505.0507507324219,-1.0,-1.0,-1.0,3503.8918
2026-05-27 11:01:43.532878000,313459.17512487434,620.6871948242188,505.0195617675781,-1.0,-1.0,-1.0,3504.5329
2026-05-27 11:01:44.173911999,313396.6781741679,620.87060546875,504.76971435546875,-1.0,-1.0,-1.0,3505.1739
2026-05-27 11:01:44.814946000,313797.49631610885,621.7637939453125,504.6892395019531,-1.0,-1.0,-1.0,3505.8149
2026-05-27 11:01:45.455980000,313545.7384151034,621.2449340820312,504.70550537109375,-1.0,-1.0,-1.0,3506.456
2026-05-27 11:01:46.097014000,313513.36259197444,621.1807861328125,504.70550537109375,-1.0,-1.0,-1.0,3507.097
2026-05-27 11:01:46.738048000,313759.887492517,621.8314819335938,504.5738220214844,-1.0,-1.0,-1.0,3507.738
2026-05-27 11:01:47.379082000,313330.81346936524,620.819091796875,504.70550537109375,-1.0,-1.0,-1.0,3508.3791
2026-05-27 11:01:48.020116000,313799.8399589546,621.9302978515625,504.5578918457031,-1.0,-1.0,-1.0,3509.0201
2026-05-27 11:01:48.661150000,313285.2661537938,620.7678833007812,504.67376708984375,-1.0,-1.0,-1.0,3509.6612
2026-05-27 11:01:49.302184000,313487.4560101889,621.1685180664062,504.67376708984375,-1.0,-1.0,-1.0,3510.3022
2026-05-27 11:01:49.943218000,313487.4560101889,621.1685180664062,504.67376708984375,-1.0,-1.0,-1.0,3510.9432
2026-05-27 11:01:50.584252000,312255.97276874445,619.9566040039062,503.6739196777344,-1.0,-1.0,-1.0,3511.5843
2026-05-27 11:01:51.225286000,313493.8007079251,621.1224975585938,504.72137451171875,-1.0,-1.0,-1.0,3512.2253
2026-05-27 11:01:51.866320000,313480.9251592867,621.1165161132812,504.70550537109375,-1.0,-1.0,-1.0,3512.8663
2026-05-27 11:01:52.507354000,313506.2773176804,621.186767578125,504.6892395019531,-1.0,-1.0,-1.0,3513.5074
2026-05-27 11:01:53.148388000,313548.8221210111,621.2706909179688,504.6895446777344,-1.0,-1.0,-1.0,3514.1484
2026-05-27 11:01:53.789422000,313431.90048262477,621.0784912109375,504.657470703125,-1.0,-1.0,-1.0,3514.7894
2026-05-27 11:01:54.430456000,313480.3825907111,621.174560546875,504.657470703125,-1.0,-1.0,-1.0,3515.4305
2026-05-27 11:01:55.071490000,313601.4273789227,621.296142578125,504.7535400390625,-1.0,-1.0,-1.0,3516.0715
2026-05-27 11:01:55.712524000,313058.04204373993,620.3815307617188,504.6217956542969,-1.0,-1.0,-1.0,3516.7125
2026-05-27 11:01:56.353558000,313545.7384151034,621.2449340820312,504.70550537109375,-1.0,-1.0,-1.0,3517.3536
2026-05-27 11:01:56.994592000,313443.5329027623,621.22412109375,504.5578918457031,-1.0,-1.0,-1.0,3517.9946
2026-05-27 11:01:57.635626000,313519.73738884553,621.2324829101562,504.67376708984375,-1.0,-1.0,-1.0,3518.6356
2026-05-27 11:01:58.276660000,313472.617122028,621.3218994140625,504.5252990722656,-1.0,-1.0,-1.0,3519.2767
2026-05-27 11:01:58.917693999,313008.3628185615,620.3810424804688,504.5421142578125,-1.0,-1.0,-1.0,3519.9177
2026-05-27 11:01:59.558728000,313519.73738884553,621.2324829101562,504.67376708984375,-1.0,-1.0,-1.0,3520.5587
2026-05-27 11:02:00.199761999,313041.31015274674,620.2454833984375,504.70550537109375,-1.0,-1.0,-1.0,3521.1998
2026-05-27 11:02:00.840796000,313561.97253383696,621.277099609375,504.70550537109375,-1.0,-1.0,-1.0,3521.8408
2026-05-27 11:02:01.481830000,313529.53510114923,621.2128295898438,504.70550537109375,-1.0,-1.0,-1.0,3522.4818
2026-05-27 11:02:02.122864000,313136.0986495018,620.140625,504.9436950683594,-1.0,-1.0,-1.0,3523.1229
2026-05-27 11:02:02.763898000,313487.4560101889,621.1685180664062,504.67376708984375,-1.0,-1.0,-1.0,3523.7639
2026-05-27 11:02:03.404932000,313519.73738884553,621.2324829101562,504.67376708984375,-1.0,-1.0,-1.0,3524.4049
2026-05-27 11:02:04.045966000,313316.0069611799,620.8093872070312,504.6895446777344,-1.0,-1.0,-1.0,3525.046
2026-05-27 11:02:04.687000000,313488.8007860184,621.255859375,504.60498046875,-1.0,-1.0,-1.0,3525.687
2026-05-27 11:02:05.328034000,313512.72453066707,621.2386474609375,504.657470703125,-1.0,-1.0,-1.0,3526.328
2026-05-27 11:02:05.969068000,313031.45073382184,620.2649536132812,504.67376708984375,-1.0,-1.0,-1.0,3526.9691
2026-05-27 11:02:06.610102000,313793.39946535975,621.7354125976562,504.7056884765625,-1.0,-1.0,-1.0,3527.6101
2026-05-27 11:02:07.251136000,312951.92508821376,620.2898559570312,504.5252990722656,-1.0,-1.0,-1.0,3528.2511
2026-05-27 11:02:07.892170000,313373.9538494311,621.1263427734375,504.5252990722656,-1.0,-1.0,-1.0,3528.8922
2026-05-27 11:02:08.533204000,313724.7565964423,621.8216552734375,504.5252990722656,-1.0,-1.0,-1.0,3529.5332
2026-05-27 11:02:09.174238000,312902.5934519153,620.1920776367188,504.5252990722656,-1.0,-1.0,-1.0,3530.1742
2026-05-27 11:02:09.815272000,312798.28623092175,620.02392578125,504.493896484375,-1.0,-1.0,-1.0,3530.8153
2026-05-27 11:02:10.456306000,313275.29057683423,620.9307861328125,504.5252990722656,-1.0,-1.0,-1.0,3531.4563
2026-05-27 11:02:11.097340000,313334.9054646045,620.8862915039062,504.657470703125,-1.0,-1.0,-1.0,3532.0973
2026-05-27 11:02:11.738374000,313357.509970665,621.09375,504.5252990722656,-1.0,-1.0,-1.0,3532.7384
2026-05-27 11:02:12.379408000,313357.509970665,621.09375,504.5252990722656,-1.0,-1.0,-1.0,3533.3794
2026-05-27 11:02:13.020442000,313357.509970665,621.09375,504.5252990722656,-1.0,-1.0,-1.0,3534.0204
2026-05-27 11:02:13.661476000,313009.71172889695,620.1629638671875,504.7217102050781,-1.0,-1.0,-1.0,3534.6615
2026-05-27 11:02:14.302510000,313080.4395397827,620.3032836914062,504.7215576171875,-1.0,-1.0,-1.0,3535.3025
2026-05-27 11:02:14.943543999,313457.6073348671,621.09033203125,504.6892395019531,-1.0,-1.0,-1.0,3535.9435
2026-05-27 11:02:15.584578000,313573.06854495406,621.00439453125,504.94500732421875,-1.0,-1.0,-1.0,3536.5846
2026-05-27 11:02:16.225612000,313174.0689494703,620.1961059570312,504.9597473144531,-1.0,-1.0,-1.0,3537.2256
2026-05-27 11:02:16.866646000,313496.5741968341,621.1082763671875,504.7373962402344,-1.0,-1.0,-1.0,3537.8666
2026-05-27 11:02:17.507680000,313535.420175083,621.328369140625,504.6211242675781,-1.0,-1.0,-1.0,3538.5077
2026-05-27 11:02:18.148714000,313385.1074913237,620.8676147460938,504.7535095214844,-1.0,-1.0,-1.0,3539.1487
2026-05-27 11:02:18.789748000,312875.7731246203,619.9765014648438,504.657470703125,-1.0,-1.0,-1.0,3539.7897
2026-05-27 11:02:19.430782000,313390.3669344168,621.1588745117188,504.5252990722656,-1.0,-1.0,-1.0,3540.4308
2026-05-27 11:02:20.071816000,313528.89550064504,621.2706909179688,504.657470703125,-1.0,-1.0,-1.0,3541.0718
2026-05-27 11:02:20.712850000,313535.6708315201,621.1093139648438,504.79949951171875,-1.0,-1.0,-1.0,3541.7128
2026-05-27 11:02:21.353884000,312839.7716318667,620.048095703125,504.5411376953125,-1.0,-1.0,-1.0,3542.3539
2026-05-27 11:02:21.994918000,313373.9538494311,621.1263427734375,504.5252990722656,-1.0,-1.0,-1.0,3542.9949
2026-05-27 11:02:22.635952000,312749.08645631745,619.8878173828125,504.5252990722656,-1.0,-1.0,-1.0,3543.636
2026-05-27 11:02:23.276986000,312994.2119942866,620.3943481445312,504.50848388671875,-1.0,-1.0,-1.0,3544.277
2026-05-27 11:02:23.918020000,313253.3961989265,620.8873901367188,504.5252990722656,-1.0,-1.0,-1.0,3544.918
2026-05-27 11:02:24.559054000,313253.3961989265,620.8873901367188,504.5252990722656,-1.0,-1.0,-1.0,3545.5591
2026-05-27 11:02:25.200088000,313258.84777689725,620.8775024414062,504.5421142578125,-1.0,-1.0,-1.0,3546.2001
2026-05-27 11:02:25.841122000,312846.06417353265,620.0399780273438,504.5578918457031,-1.0,-1.0,-1.0,3546.8411
2026-05-27 11:02:26.482156000,312807.69264440425,619.9639282226562,504.5578918457031,-1.0,-1.0,-1.0,3547.4822
2026-05-27 11:02:27.123190000,313340.93727216125,621.1203002929688,504.47705078125,-1.0,-1.0,-1.0,3548.1232
2026-05-27 11:02:27.764224000,312886.14957314916,620.1594848632812,504.5252990722656,-1.0,-1.0,-1.0,3548.7642
2026-05-27 11:02:28.405258000,312975.0677323695,620.2171020507812,504.6217956542969,-1.0,-1.0,-1.0,3549.4053
2026-05-27 11:02:29.046292000,312893.7704469301,619.9735107421875,504.6889343261719,-1.0,-1.0,-1.0,3550.0463
2026-05-27 11:02:29.687326000,312941.50512911193,620.2107543945312,504.5728454589844,-1.0,-1.0,-1.0,3550.6873
2026-05-27 11:02:30.328360000,312758.40634162724,619.90771484375,504.5241394042969,-1.0,-1.0,-1.0,3551.3284
2026-05-27 11:02:30.969393999,312778.724361822,619.90771484375,504.5569152832031,-1.0,-1.0,-1.0,3551.9694
2026-05-27 11:02:31.610428000,312739.81403276324,619.8681640625,504.5263366699219,-1.0,-1.0,-1.0,3552.6104
2026-05-27 11:02:32.251462000,313354.8197557535,620.8862915039062,504.6895446777344,-1.0,-1.0,-1.0,3553.2515
2026-05-27 11:02:32.892496000,312160.3505284898,619.9697875976562,503.50897216796875,-1.0,-1.0,-1.0,3553.8925
2026-05-27 11:02:33.533530000,312927.20054859854,619.9204711914062,504.7860412597656,-1.0,-1.0,-1.0,3554.5335
2026-05-27 11:02:34.174564000,312662.3144344762,620.9251708984375,503.54266357421875,-1.0,-1.0,-1.0,3555.1746
2026-05-27 11:02:34.815598000,313041.5828635916,620.147216796875,504.7859191894531,-1.0,-1.0,-1.0,3555.8156
2026-05-27 11:02:35.456632000,312835.91846868396,619.8388671875,504.7052307128906,-1.0,-1.0,-1.0,3556.4566
2026-05-27 11:02:36.097666000,312245.1327188406,619.9356079101562,503.6734924316406,-1.0,-1.0,-1.0,3557.0977
2026-05-27 11:02:36.738700000,312270.6851918809,619.9468994140625,503.7055358886719,-1.0,-1.0,-1.0,3557.7387
2026-05-27 11:02:37.379734000,312257.3133120239,619.900634765625,503.7215576171875,-1.0,-1.0,-1.0,3558.3797
2026-05-27 11:02:38.020768000,312270.6851918809,619.9468994140625,503.7055358886719,-1.0,-1.0,-1.0,3559.0208
2026-05-27 11:02:38.661802000,312342.5534523316,620.1290283203125,503.6734924316406,-1.0,-1.0,-1.0,3559.6618
2026-05-27 11:02:39.302836000,312300.7460356783,620.0850219726562,503.6418151855469,-1.0,-1.0,-1.0,3560.3028
2026-05-27 11:02:39.943870000,312250.0867515337,619.9844360351562,503.6418151855469,-1.0,-1.0,-1.0,3560.9439
2026-05-27 11:02:40.584904000,312282.7231292017,620.1920776367188,503.52581787109375,-1.0,-1.0,-1.0,3561.5849
2026-05-27 11:02:41.225938000,312859.3746539131,619.9244384765625,504.67340087890625,-1.0,-1.0,-1.0,3562.2259
2026-05-27 11:02:41.866972000,312250.0867515337,619.9844360351562,503.6418151855469,-1.0,-1.0,-1.0,3562.867
2026-05-27 11:02:42.508006000,312769.2903195061,619.8878173828125,504.5578918457031,-1.0,-1.0,-1.0,3563.508
2026-05-27 11:02:43.149040000,312777.0816414468,619.8848876953125,504.5728454589844,-1.0,-1.0,-1.0,3564.149
2026-05-27 11:02:43.790074000,312762.1870654654,619.8749389648438,504.5569152832031,-1.0,-1.0,-1.0,3564.7901
2026-05-27 11:02:44.431108000,312145.96227168664,619.9204711914062,503.52581787109375,-1.0,-1.0,-1.0,3565.4311
2026-05-27 11:02:45.072142000,312165.4635526389,619.7969970703125,503.6575927734375,-1.0,-1.0,-1.0,3566.0721
2026-05-27 11:02:45.713175999,312763.95496432483,619.8978271484375,504.5411376953125,-1.0,-1.0,-1.0,3566.7132
2026-05-27 11:02:46.354210000,312183.2583026681,619.8517456054688,503.6418151855469,-1.0,-1.0,-1.0,3567.3542
2026-05-27 11:02:46.995244000,312201.6010965891,619.8291625976562,503.68975830078125,-1.0,-1.0,-1.0,3567.9952
2026-05-27 11:02:47.636278000,312784.2159071006,619.8978271484375,504.5738220214844,-1.0,-1.0,-1.0,3568.6363
2026-05-27 11:02:48.277312000,312785.7660563309,619.9204711914062,504.5578918457031,-1.0,-1.0,-1.0,3569.2773
2026-05-27 11:02:48.918346000,312109.31637281924,619.8878173828125,503.49322509765625,-1.0,-1.0,-1.0,3569.9183
2026-05-27 11:02:49.559380000,312181.66396471113,619.8291625976562,503.6575927734375,-1.0,-1.0,-1.0,3570.5594
2026-05-27 11:02:50.200414000,312196.4069812,619.8388671875,503.6734924316406,-1.0,-1.0,-1.0,3571.2004
2026-05-27 11:02:50.841448000,312177.92621028423,619.861328125,503.62542724609375,-1.0,-1.0,-1.0,3571.8414
2026-05-27 11:02:51.482482000,312160.3505284898,619.9697875976562,503.50897216796875,-1.0,-1.0,-1.0,3572.4825
2026-05-27 11:02:52.123516000,312219.8694722168,619.9244384765625,503.6418151855469,-1.0,-1.0,-1.0,3573.1235
2026-05-27 11:02:52.764550000,312129.52023600787,619.8878173828125,503.52581787109375,-1.0,-1.0,-1.0,3573.7646
2026-05-27 11:02:53.405584000,312203.7003074959,619.892333984375,503.6418151855469,-1.0,-1.0,-1.0,3574.4056
2026-05-27 11:02:54.046618000,312330.66721223295,619.89990234375,503.8404846191406,-1.0,-1.0,-1.0,3575.0466
2026-05-27 11:02:54.687652000,312760.21785555035,619.9305419921875,504.50848388671875,-1.0,-1.0,-1.0,3575.6877
2026-05-27 11:02:55.328686000,312807.69264440425,619.9639282226562,504.5578918457031,-1.0,-1.0,-1.0,3576.3287
2026-05-27 11:02:55.969720000,312203.7003074959,619.892333984375,503.6418151855469,-1.0,-1.0,-1.0,3576.9697
2026-05-27 11:02:56.610754000,312219.8694722168,619.9244384765625,503.6418151855469,-1.0,-1.0,-1.0,3577.6108
2026-05-27 11:02:57.251788000,312161.72683283314,619.8291625976562,503.62542724609375,-1.0,-1.0,-1.0,3578.2518
2026-05-27 11:02:57.892822000,312109.31637281924,619.8878173828125,503.49322509765625,-1.0,-1.0,-1.0,3578.8928
2026-05-27 11:02:58.533856000,312763.95496432483,619.8978271484375,504.5411376953125,-1.0,-1.0,-1.0,3579.5339
2026-05-27 11:02:59.174890000,312465.4866221994,619.697509765625,504.22259521484375,-1.0,-1.0,-1.0,3580.1749
2026-05-27 11:02:59.815924000,312734.41710535437,619.8780517578125,504.50958251953125,-1.0,-1.0,-1.0,3580.8159
2026-05-27 11:03:00.456958000,312120.36583953723,619.9305419921875,503.4763488769531,-1.0,-1.0,-1.0,3581.457
2026-05-27 11:03:01.097992000,312074.5481416881,619.8780517578125,503.445068359375,-1.0,-1.0,-1.0,3582.098
2026-05-27 11:03:01.739025999,312212.5074240081,619.9299926757812,503.62542724609375,-1.0,-1.0,-1.0,3582.739
2026-05-27 11:03:02.380060000,312268.1253887359,620.1411743164062,503.5436096191406,-1.0,-1.0,-1.0,3583.3801
2026-05-27 11:03:03.021094000,312922.80723178945,620.1920776367188,504.5578918457031,-1.0,-1.0,-1.0,3584.0211
2026-05-27 11:03:03.662128000,312249.8697906211,620.1268310546875,503.52581787109375,-1.0,-1.0,-1.0,3584.6621
2026-05-27 11:03:04.303162000,312269.8719341196,620.1859130859375,503.5101013183594,-1.0,-1.0,-1.0,3585.3032
2026-05-27 11:03:04.944196000,312955.35559745505,620.3159790039062,504.50958251953125,-1.0,-1.0,-1.0,3585.9442
2026-05-27 11:03:05.585230000,312413.9301887248,620.3097534179688,503.6418151855469,-1.0,-1.0,-1.0,3586.5852
2026-05-27 11:03:06.226264000,312413.9301887248,620.3097534179688,503.6418151855469,-1.0,-1.0,-1.0,3587.2263
2026-05-27 11:03:06.867298000,312654.28512969986,620.7869873046875,503.6418151855469,-1.0,-1.0,-1.0,3587.8673
2026-05-27 11:03:07.508332000,312401.47378570214,620.2454833984375,503.6739196777344,-1.0,-1.0,-1.0,3588.5083
2026-05-27 11:03:08.149366000,312140.39501070976,619.8681640625,503.559326171875,-1.0,-1.0,-1.0,3589.1494
2026-05-27 11:03:08.790400000,312181.66396471113,619.8291625976562,503.6575927734375,-1.0,-1.0,-1.0,3589.7904
2026-05-27 11:03:09.431434000,312224.5701809898,619.8356323242188,503.7215576171875,-1.0,-1.0,-1.0,3590.4314
2026-05-27 11:03:10.072468000,312207.2416632436,619.9188232421875,503.6260070800781,-1.0,-1.0,-1.0,3591.0725
2026-05-27 11:03:10.713502000,312282.66012958623,619.8930053710938,503.7686462402344,-1.0,-1.0,-1.0,3591.7135
2026-05-27 11:03:11.354536000,312206.13704899326,620.0399780273438,503.52581787109375,-1.0,-1.0,-1.0,3592.3545
2026-05-27 11:03:11.995570000,312114.8606456034,619.8780517578125,503.5101013183594,-1.0,-1.0,-1.0,3592.9956
2026-05-27 11:03:12.636604000,312145.85554268025,619.8584594726562,503.5760192871094,-1.0,-1.0,-1.0,3593.6366
2026-05-27 11:03:13.277638000,312135.04527332634,619.8780517578125,503.54266357421875,-1.0,-1.0,-1.0,3594.2776
2026-05-27 11:03:13.918672000,312124.1177966669,619.8978271484375,503.50897216796875,-1.0,-1.0,-1.0,3594.9187
2026-05-27 11:03:14.559706000,312114.8606456034,619.8780517578125,503.5101013183594,-1.0,-1.0,-1.0,3595.5597
2026-05-27 11:03:15.200740000,312145.85554268025,619.8584594726562,503.5760192871094,-1.0,-1.0,-1.0,3596.2007
2026-05-27 11:03:15.841774000,312237.1118164435,620.120849609375,503.5101013183594,-1.0,-1.0,-1.0,3596.8418
2026-05-27 11:03:16.482807999,312151.43270598724,619.9313354492188,503.52581787109375,-1.0,-1.0,-1.0,3597.4828
2026-05-27 11:03:17.123842000,312129.52023600787,619.8878173828125,503.52581787109375,-1.0,-1.0,-1.0,3598.1238
2026-05-27 11:03:17.764876000,312160.50364896655,619.8681640625,503.5917663574219,-1.0,-1.0,-1.0,3598.7649
2026-05-27 11:03:18.405910000,312167.84400888905,619.9639282226562,503.52581787109375,-1.0,-1.0,-1.0,3599.4059
2026-05-27 11:03:19.046944000,312226.3458715193,620.0399780273438,503.55841064453125,-1.0,-1.0,-1.0,3600.0469
2026-05-27 11:03:19.687978000,312636.6550012864,620.8547973632812,503.55841064453125,-1.0,-1.0,-1.0,3600.688
2026-05-27 11:03:20.329012000,312170.78719553724,619.7874755859375,503.6739196777344,-1.0,-1.0,-1.0,3601.329
2026-05-27 11:03:20.970046000,312320.6535504218,620.0850219726562,503.6739196777344,-1.0,-1.0,-1.0,3601.97
2026-05-27 11:03:21.611080000,312186.9573909566,619.819580078125,503.6739196777344,-1.0,-1.0,-1.0,3602.6111
2026-05-27 11:03:22.252114000,312116.4680452645,619.8388671875,503.5445251464844,-1.0,-1.0,-1.0,3603.2521
2026-05-27 11:03:22.893148000,312262.5770951025,620.1290283203125,503.5445251464844,-1.0,-1.0,-1.0,3603.8931
2026-05-27 11:03:23.534182000,312240.9232320674,620.0883178710938,503.54266357421875,-1.0,-1.0,-1.0,3604.5342
2026-05-27 11:03:24.175216000,312164.1594556086,619.9370727539062,503.54168701171875,-1.0,-1.0,-1.0,3605.1752
2026-05-27 11:03:24.816250000,312124.1177966669,619.8978271484375,503.50897216796875,-1.0,-1.0,-1.0,3605.8162
2026-05-27 11:03:25.457284000,312172.2454178259,619.8099365234375,503.65802001953125,-1.0,-1.0,-1.0,3606.4573
2026-05-27 11:03:26.098318000,312186.9573909566,619.819580078125,503.6739196777344,-1.0,-1.0,-1.0,3607.0983
2026-05-27 11:03:26.739352000,312172.2454178259,619.8099365234375,503.65802001953125,-1.0,-1.0,-1.0,3607.7394
2026-05-27 11:03:27.380386000,312113.13966588303,619.8552856445312,503.52581787109375,-1.0,-1.0,-1.0,3608.3804
2026-05-27 11:03:28.021420000,312154.6477419343,619.7554321289062,503.6739196777344,-1.0,-1.0,-1.0,3609.0214
2026-05-27 11:03:28.662454000,312175.96629998833,619.7778930664062,503.6900634765625,-1.0,-1.0,-1.0,3609.6625
2026-05-27 11:03:29.303488000,312278.4375335276,619.64892578125,503.96026611328125,-1.0,-1.0,-1.0,3610.3035
2026-05-27 11:03:29.944522000,312262.8733309731,619.6180419921875,503.96026611328125,-1.0,-1.0,-1.0,3610.9445
2026-05-27 11:03:30.585556000,312275.3421866521,619.606201171875,503.9900207519531,-1.0,-1.0,-1.0,3611.5856
2026-05-27 11:03:31.226590000,312275.3421866521,619.606201171875,503.9900207519531,-1.0,-1.0,-1.0,3612.2266
2026-05-27 11:03:31.867624000,312215.5738087278,619.7056274414062,503.8127136230469,-1.0,-1.0,-1.0,3612.8676
2026-05-27 11:03:32.508657999,312333.5989745334,619.666259765625,504.0351867675781,-1.0,-1.0,-1.0,3613.5087
2026-05-27 11:03:33.149692000,312345.7228006236,619.7286987304688,504.00396728515625,-1.0,-1.0,-1.0,3614.1497
2026-05-27 11:03:33.790726000,312344.33644996956,619.7073364257812,504.01910400390625,-1.0,-1.0,-1.0,3614.7907
2026-05-27 11:03:34.431760000,312305.132865306,619.6468505859375,504.0050354003906,-1.0,-1.0,-1.0,3615.4318
2026-05-27 11:03:35.072794000,312262.8733309731,619.6180419921875,503.96026611328125,-1.0,-1.0,-1.0,3616.0728
2026-05-27 11:03:35.713828000,312297.55573005974,619.64892578125,503.9911193847656,-1.0,-1.0,-1.0,3616.7138
2026-05-27 11:03:36.354862000,312281.9905746393,619.6180419921875,503.9911193847656,-1.0,-1.0,-1.0,3617.3549
2026-05-27 11:03:36.995896000,312481.71886298433,620.0538330078125,503.9590148925781,-1.0,-1.0,-1.0,3617.9959
2026-05-27 11:03:37.636930000,312381.1333576869,620.0342407226562,503.8127136230469,-1.0,-1.0,-1.0,3618.6369
2026-05-27 11:03:38.277964000,312330.00343860686,619.697509765625,504.00396728515625,-1.0,-1.0,-1.0,3619.278
2026-05-27 11:03:38.918998000,312225.98242965527,619.7470092773438,503.7958679199219,-1.0,-1.0,-1.0,3619.919
2026-05-27 11:03:39.560032000,312276.9114833381,619.6276245117188,503.9751281738281,-1.0,-1.0,-1.0,3620.56
2026-05-27 11:03:40.201066000,312278.286920093,619.850830078125,503.7958679199219,-1.0,-1.0,-1.0,3621.2011
2026-05-27 11:03:40.842100000,312225.98242965527,619.7470092773438,503.7958679199219,-1.0,-1.0,-1.0,3621.8421
2026-05-27 11:03:41.483134000,312170.78719553724,619.7874755859375,503.6739196777344,-1.0,-1.0,-1.0,3622.4831
2026-05-27 11:03:42.124168000,312170.78719553724,619.7874755859375,503.6739196777344,-1.0,-1.0,-1.0,3623.1242
2026-05-27 11:03:42.765202000,312273.3316795863,619.6585693359375,503.9441833496094,-1.0,-1.0,-1.0,3623.7652
2026-05-27 11:03:43.406236000,312170.78719553724,619.7874755859375,503.6739196777344,-1.0,-1.0,-1.0,3624.4062
2026-05-27 11:03:44.047270000,312210.0543132257,619.7153930664062,503.7958679199219,-1.0,-1.0,-1.0,3625.0473
2026-05-27 11:03:44.688304000,312154.6477419343,619.7554321289062,503.6739196777344,-1.0,-1.0,-1.0,3625.6883
2026-05-27 11:03:45.329338000,312276.9114833381,619.6276245117188,503.9751281738281,-1.0,-1.0,-1.0,3626.3293
2026-05-27 11:03:45.970372000,312156.10647370294,619.7778930664062,503.65802001953125,-1.0,-1.0,-1.0,3626.9704
2026-05-27 11:03:46.611406000,312098.48058676533,619.8455200195312,503.5101013183594,-1.0,-1.0,-1.0,3627.6114
2026-05-27 11:03:47.252439999,311894.3651276734,619.2781372070312,503.6418151855469,-1.0,-1.0,-1.0,3628.2524
2026-05-27 11:03:47.893474000,312096.72836298123,619.8226928710938,503.52581787109375,-1.0,-1.0,-1.0,3628.8935
2026-05-27 11:03:48.534507999,311910.5035525374,619.3101806640625,503.6418151855469,-1.0,-1.0,-1.0,3629.5345
2026-05-27 11:03:49.175542000,312186.9573909566,619.819580078125,503.6739196777344,-1.0,-1.0,-1.0,3630.1755
2026-05-27 11:03:49.816576000,312170.78719553724,619.7874755859375,503.6739196777344,-1.0,-1.0,-1.0,3630.8166
2026-05-27 11:03:50.457610000,311985.2487676963,619.2303466796875,503.82745361328125,-1.0,-1.0,-1.0,3631.4576
2026-05-27 11:03:51.098644000,312314.2533146292,619.666259765625,504.00396728515625,-1.0,-1.0,-1.0,3632.0986
2026-05-27 11:03:51.739678000,311828.3960328959,618.8780517578125,503.8608093261719,-1.0,-1.0,-1.0,3632.7397
2026-05-27 11:03:52.380712000,312210.0543132257,619.7153930664062,503.7958679199219,-1.0,-1.0,-1.0,3633.3807
2026-05-27 11:03:53.021746000,312314.2533146292,619.666259765625,504.00396728515625,-1.0,-1.0,-1.0,3634.0217
2026-05-27 11:03:53.662780000,312352.96354515105,619.666259765625,504.0664367675781,-1.0,-1.0,-1.0,3634.6628
2026-05-27 11:03:54.303814000,312340.0422050897,619.6779174804688,504.0361022949219,-1.0,-1.0,-1.0,3635.3038
2026-05-27 11:03:54.944848000,312262.8733309731,619.6180419921875,503.96026611328125,-1.0,-1.0,-1.0,3635.9448
2026-05-27 11:03:55.585882000,312285.84454170987,619.6468505859375,503.9739074707031,-1.0,-1.0,-1.0,3636.5859
2026-05-27 11:03:56.226916000,312165.4635526389,619.7969970703125,503.6575927734375,-1.0,-1.0,-1.0,3637.2269
2026-05-27 11:03:56.867950000,311002.34589208476,618.8983764648438,502.5095520019531,-1.0,-1.0,-1.0,3637.868
2026-05-27 11:03:57.508984000,311861.99605837464,619.2138671875,503.6418151855469,-1.0,-1.0,-1.0,3638.509
2026-05-27 11:03:58.150018000,312210.0543132257,619.7153930664062,503.7958679199219,-1.0,-1.0,-1.0,3639.15
2026-05-27 11:03:58.791052000,311858.67017032206,619.1878662109375,503.6575927734375,-1.0,-1.0,-1.0,3639.7911
2026-05-27 11:03:59.432086000,312328.5550900847,619.676025390625,504.01910400390625,-1.0,-1.0,-1.0,3640.4321
2026-05-27 11:04:00.073120000,312170.78719553724,619.7874755859375,503.6739196777344,-1.0,-1.0,-1.0,3641.0731
2026-05-27 11:04:00.714154000,312174.5446753632,619.7554321289062,503.7060241699219,-1.0,-1.0,-1.0,3641.7142
2026-05-27 11:04:01.355188000,312210.0543132257,619.7153930664062,503.7958679199219,-1.0,-1.0,-1.0,3642.3552
2026-05-27 11:04:01.996222000,312165.4635526389,619.7969970703125,503.6575927734375,-1.0,-1.0,-1.0,3642.9962
2026-05-27 11:04:02.637256000,311990.7312130276,619.2435913085938,503.8255310058594,-1.0,-1.0,-1.0,3643.6373
2026-05-27 11:04:03.278289999,312249.20259397663,619.7153930664062,503.8590393066406,-1.0,-1.0,-1.0,3644.2783
2026-05-27 11:04:03.919324000,312285.84454170987,619.6468505859375,503.9739074707031,-1.0,-1.0,-1.0,3644.9193
2026-05-27 11:04:04.560358000,312072.26432783157,619.184814453125,504.0050354003906,-1.0,-1.0,-1.0,3645.5604
2026-05-27 11:04:05.201392000,312276.9114833381,619.6276245117188,503.9751281738281,-1.0,-1.0,-1.0,3646.2014
2026-05-27 11:04:05.842426000,312210.0543132257,619.7153930664062,503.7958679199219,-1.0,-1.0,-1.0,3646.8424
2026-05-27 11:04:06.483460000,312047.34810555726,619.172119140625,503.9751281738281,-1.0,-1.0,-1.0,3647.4835
2026-05-27 11:04:07.124494000,312229.62845360115,619.7153930664062,503.82745361328125,-1.0,-1.0,-1.0,3648.1245
2026-05-27 11:04:07.765528000,312275.3421866521,619.606201171875,503.9900207519531,-1.0,-1.0,-1.0,3648.7655
2026-05-27 11:04:08.406562000,312289.4134699758,619.6156616210938,504.0050354003906,-1.0,-1.0,-1.0,3649.4066
2026-05-27 11:04:09.047596000,311636.82710482925,619.606201171875,502.9595031738281,-1.0,-1.0,-1.0,3650.0476
2026-05-27 11:04:09.688630000,312299.6815908551,619.5966796875,504.03704833984375,-1.0,-1.0,-1.0,3650.6886
2026-05-27 11:04:10.329664000,312310.20012429357,619.63720703125,504.02105712890625,-1.0,-1.0,-1.0,3651.3297
2026-05-27 11:04:10.970698000,312322.9027980771,619.6253051757812,504.0512390136719,-1.0,-1.0,-1.0,3651.9707
2026-05-27 11:04:11.611732000,312000.5310801007,619.0792236328125,503.9751281738281,-1.0,-1.0,-1.0,3652.6117
2026-05-27 11:04:12.252766000,312041.28139659204,619.0665893554688,504.0512390136719,-1.0,-1.0,-1.0,3653.2528
2026-05-27 11:04:12.893800000,311674.0794693306,619.644775390625,502.9883117675781,-1.0,-1.0,-1.0,3653.8938
2026-05-27 11:04:13.534834000,312352.96354515105,619.666259765625,504.0664367675781,-1.0,-1.0,-1.0,3654.5348
2026-05-27 11:04:14.175868000,312347.95778790116,619.676025390625,504.0504150390625,-1.0,-1.0,-1.0,3655.1759
2026-05-27 11:04:14.816902000,312289.4134699758,619.6156616210938,504.0050354003906,-1.0,-1.0,-1.0,3655.8169
2026-05-27 11:04:15.457936000,312290.96883036196,619.63720703125,503.9900207519531,-1.0,-1.0,-1.0,3656.4579
2026-05-27 11:04:16.098970000,312333.5989745334,619.666259765625,504.0351867675781,-1.0,-1.0,-1.0,3657.099
2026-05-27 11:04:16.740004000,312317.8478749469,619.635009765625,504.0351867675781,-1.0,-1.0,-1.0,3657.74
2026-05-27 11:04:17.381038000,312261.31606158614,619.5966796875,503.9751281738281,-1.0,-1.0,-1.0,3658.381
2026-05-27 11:04:18.022071999,312190.6851577051,619.7874755859375,503.7060241699219,-1.0,-1.0,-1.0,3659.0221
2026-05-27 11:04:18.663106000,312285.84454170987,619.6468505859375,503.9739074707031,-1.0,-1.0,-1.0,3659.6631
2026-05-27 11:04:19.304139999,311993.9134473894,619.0293579101562,504.0050354003906,-1.0,-1.0,-1.0,3660.3041
2026-05-27 11:04:19.945174000,312001.17788274586,619.261962890625,503.82745361328125,-1.0,-1.0,-1.0,3660.9452
2026-05-27 11:04:20.586208000,311933.8644642476,619.1671752929688,503.7958679199219,-1.0,-1.0,-1.0,3661.5862
2026-05-27 11:04:21.227242000,311969.30947639607,619.0172729492188,503.9751281738281,-1.0,-1.0,-1.0,3662.2272
2026-05-27 11:04:21.868276000,312266.3946580421,619.5870971679688,503.9911193847656,-1.0,-1.0,-1.0,3662.8683
2026-05-27 11:04:22.509310000,311412.07242384553,619.10400390625,503.00445556640625,-1.0,-1.0,-1.0,3663.5093
2026-05-27 11:04:23.150344000,311679.170737043,619.635009765625,503.00445556640625,-1.0,-1.0,-1.0,3664.1503
2026-05-27 11:04:23.791378000,311694.8896262795,619.666259765625,503.00445556640625,-1.0,-1.0,-1.0,3664.7914
2026-05-27 11:04:24.432412000,311440.3866866268,619.1416625976562,503.01959228515625,-1.0,-1.0,-1.0,3665.4324
2026-05-27 11:04:25.073446000,311659.0533503294,619.64892578125,502.960693359375,-1.0,-1.0,-1.0,3666.0734
2026-05-27 11:04:25.714480000,311607.26616689935,619.5657348632812,502.94464111328125,-1.0,-1.0,-1.0,3666.7145
2026-05-27 11:04:26.355514000,311271.0466561001,619.0408325195312,502.8279724121094,-1.0,-1.0,-1.0,3667.3555
2026-05-27 11:04:26.996548000,311336.6859278064,619.0293579101562,502.9433288574219,-1.0,-1.0,-1.0,3667.9965
2026-05-27 11:04:27.637582000,311719.2507965416,619.656494140625,503.05169677734375,-1.0,-1.0,-1.0,3668.6376
2026-05-27 11:04:28.278616000,312322.9027980771,619.6253051757812,504.0512390136719,-1.0,-1.0,-1.0,3669.2786
2026-05-27 11:04:28.919650000,311636.82710482925,619.606201171875,502.9595031738281,-1.0,-1.0,-1.0,3669.9196
2026-05-27 11:04:29.560684000,312294.5725182742,619.606201171875,504.02105712890625,-1.0,-1.0,-1.0,3670.5607
2026-05-27 11:04:30.201718000,311680.6357281506,619.656494140625,502.9893798828125,-1.0,-1.0,-1.0,3671.2017
2026-05-27 11:04:30.842752000,312174.5446753632,619.7554321289062,503.7060241699219,-1.0,-1.0,-1.0,3671.8428
2026-05-27 11:04:31.483786000,311585.253591612,619.7254028320312,502.779541015625,-1.0,-1.0,-1.0,3672.4838
2026-05-27 11:04:32.124820000,311336.6859278064,619.0293579101562,502.9433288574219,-1.0,-1.0,-1.0,3673.1248
2026-05-27 11:04:32.765854000,311656.03852757066,619.606201171875,502.9905090332031,-1.0,-1.0,-1.0,3673.7659
2026-05-27 11:04:33.406888000,311431.4005304128,619.10400390625,503.0356750488281,-1.0,-1.0,-1.0,3674.4069
2026-05-27 11:04:34.047921999,311421.0196149666,619.1416625976562,502.9883117675781,-1.0,-1.0,-1.0,3675.0479
2026-05-27 11:04:34.688956000,311421.0196149666,619.1416625976562,502.9883117675781,-1.0,-1.0,-1.0,3675.689
2026-05-27 11:04:35.329990000,311377.41713195294,619.0164794921875,503.01959228515625,-1.0,-1.0,-1.0,3676.33
2026-05-27 11:04:35.971024000,311415.71136842854,619.0728149414062,503.0356750488281,-1.0,-1.0,-1.0,3676.971
2026-05-27 11:04:36.612058000,311728.5843386948,619.676025390625,503.0509033203125,-1.0,-1.0,-1.0,3677.6121
2026-05-27 11:04:37.253092000,312310.20012429357,619.63720703125,504.02105712890625,-1.0,-1.0,-1.0,3678.2531
2026-05-27 11:04:37.894126000,311374.848564785,619.0853271484375,502.9595031738281,-1.0,-1.0,-1.0,3678.8941
2026-05-27 11:04:38.535160000,311144.5519986488,618.6473388671875,502.9433288574219,-1.0,-1.0,-1.0,3679.5352
2026-05-27 11:04:39.176194000,311225.7790656984,618.676513671875,503.0509033203125,-1.0,-1.0,-1.0,3680.1762
2026-05-27 11:04:39.817228000,311437.2080983743,619.1166381835938,503.0347900390625,-1.0,-1.0,-1.0,3680.8172
2026-05-27 11:04:40.458262000,311636.82710482925,619.606201171875,502.9595031738281,-1.0,-1.0,-1.0,3681.4583
2026-05-27 11:04:41.099296000,311707.76123373955,619.6544799804688,503.0347900390625,-1.0,-1.0,-1.0,3682.0993
2026-05-27 11:04:41.740330000,311246.44418268465,618.8117065429688,502.9743957519531,-1.0,-1.0,-1.0,3682.7403
2026-05-27 11:04:42.381364000,311139.3203040883,618.9683837890625,502.67401123046875,-1.0,-1.0,-1.0,3683.3814
2026-05-27 11:04:43.022398000,311409.2347922623,619.0224609375,503.0661315917969,-1.0,-1.0,-1.0,3684.0224
2026-05-27 11:04:43.663432000,311425.01701831445,619.0538330078125,503.0661315917969,-1.0,-1.0,-1.0,3684.6634
2026-05-27 11:04:44.304466000,311250.89279423095,618.7276000976562,503.0499572753906,-1.0,-1.0,-1.0,3685.3045
2026-05-27 11:04:44.945500000,311340.2913950756,618.998291015625,502.9743957519531,-1.0,-1.0,-1.0,3685.9455
2026-05-27 11:04:45.586534000,311234.40424550883,618.8060913085938,502.9595031738281,-1.0,-1.0,-1.0,3686.5865
2026-05-27 11:04:46.227568000,311234.40424550883,618.8060913085938,502.9595031738281,-1.0,-1.0,-1.0,3687.2276
2026-05-27 11:04:46.868602000,311246.6528320424,618.8304443359375,502.9595031738281,-1.0,-1.0,-1.0,3687.8686
2026-05-27 11:04:47.509636000,311324.6041443292,618.9671020507812,502.9743957519531,-1.0,-1.0,-1.0,3688.5096
2026-05-27 11:04:48.150670000,311340.2913950756,618.998291015625,502.9743957519531,-1.0,-1.0,-1.0,3689.1507
2026-05-27 11:04:48.791703999,311286.382711865,618.8541259765625,503.00445556640625,-1.0,-1.0,-1.0,3689.7917
2026-05-27 11:04:49.432738000,311377.41713195294,619.0164794921875,503.01959228515625,-1.0,-1.0,-1.0,3690.4327
2026-05-27 11:04:50.073771999,311324.6041443292,618.9671020507812,502.9743957519531,-1.0,-1.0,-1.0,3691.0738
2026-05-27 11:04:50.714806000,311347.25687840953,618.9923095703125,502.9905090332031,-1.0,-1.0,-1.0,3691.7148
2026-05-27 11:04:51.355840000,311324.6041443292,618.9671020507812,502.9743957519531,-1.0,-1.0,-1.0,3692.3558
2026-05-27 11:04:51.996874000,311206.40766362846,618.676513671875,503.01959228515625,-1.0,-1.0,-1.0,3692.9969
2026-05-27 11:04:52.637908000,311143.5138645284,618.7342529296875,502.8710021972656,-1.0,-1.0,-1.0,3693.6379
2026-05-27 11:04:53.278942000,311246.6528320424,618.8304443359375,502.9595031738281,-1.0,-1.0,-1.0,3694.2789
2026-05-27 11:04:53.919976000,311312.4391000662,618.9612426757812,502.9595031738281,-1.0,-1.0,-1.0,3694.92
2026-05-27 11:04:54.561010000,311335.0110759735,618.986328125,502.9755859375,-1.0,-1.0,-1.0,3695.561
2026-05-27 11:04:55.202044000,311642.0030107498,619.5966796875,502.9755859375,-1.0,-1.0,-1.0,3696.202
2026-05-27 11:04:55.843078000,311253.59086015634,618.8060913085938,502.9905090332031,-1.0,-1.0,-1.0,3696.8431
2026-05-27 11:04:56.484112000,311335.0110759735,618.986328125,502.9755859375,-1.0,-1.0,-1.0,3697.4841
2026-05-27 11:04:57.125146000,310851.423436448,617.98681640625,503.0065612792969,-1.0,-1.0,-1.0,3698.1251
2026-05-27 11:04:57.766180000,311234.40424550883,618.8060913085938,502.9595031738281,-1.0,-1.0,-1.0,3698.7662
2026-05-27 11:04:58.407214000,311170.30023136735,619.0320434570312,502.67236328125,-1.0,-1.0,-1.0,3699.4072
2026-05-27 11:04:59.048248000,311659.61819665134,618.87548828125,503.5901794433594,-1.0,-1.0,-1.0,3700.0482
2026-05-27 11:04:59.689282000,311133.2189712152,619.1395263671875,502.52520751953125,-1.0,-1.0,-1.0,3700.6893
2026-05-27 11:05:00.330316000,311140.7373563424,619.133544921875,502.5422058105469,-1.0,-1.0,-1.0,3701.3303
2026-05-27 11:05:00.971350000,311168.22211682796,619.12744140625,502.591552734375,-1.0,-1.0,-1.0,3701.9714
2026-05-27 11:05:01.612384000,310667.70167291164,618.1728515625,502.5579833984375,-1.0,-1.0,-1.0,3702.6124
2026-05-27 11:05:02.253418000,311091.74746222794,618.9752807617188,502.591552734375,-1.0,-1.0,-1.0,3703.2534
2026-05-27 11:05:02.894452000,311108.15899059176,619.0079345703125,502.591552734375,-1.0,-1.0,-1.0,3703.8945
2026-05-27 11:05:03.535486000,311108.15899059176,619.0079345703125,502.591552734375,-1.0,-1.0,-1.0,3704.5355
2026-05-27 11:05:04.176520000,311016.9556610286,618.8460083007812,502.57568359375,-1.0,-1.0,-1.0,3705.1765
2026-05-27 11:05:04.817553999,311091.74746222794,618.9752807617188,502.591552734375,-1.0,-1.0,-1.0,3705.8176
2026-05-27 11:05:05.458588000,311093.6101578176,618.7060546875,502.8132629394531,-1.0,-1.0,-1.0,3706.4586
2026-05-27 11:05:06.099622000,311201.3249567803,618.6863403320312,503.0033874511719,-1.0,-1.0,-1.0,3707.0996
2026-05-27 11:05:06.740656000,311016.9556610286,618.8460083007812,502.57568359375,-1.0,-1.0,-1.0,3707.7407
2026-05-27 11:05:07.381690000,311094.3174697459,618.9999389648438,502.57568359375,-1.0,-1.0,-1.0,3708.3817
2026-05-27 11:05:08.022724000,310743.3952862341,618.8117065429688,502.1614685058594,-1.0,-1.0,-1.0,3709.0227
2026-05-27 11:05:08.663758000,311031.2062093336,618.9752807617188,502.4937438964844,-1.0,-1.0,-1.0,3709.6638
2026-05-27 11:05:09.304792000,311077.99848392606,618.9674682617188,502.57568359375,-1.0,-1.0,-1.0,3710.3048
2026-05-27 11:05:09.945826000,311140.7373563424,619.133544921875,502.5422058105469,-1.0,-1.0,-1.0,3710.9458
2026-05-27 11:05:10.586860000,311081.6616551466,619.0159912109375,502.5422058105469,-1.0,-1.0,-1.0,3711.5869
2026-05-27 11:05:11.227894000,311254.5160891935,618.6961059570312,503.0814208984375,-1.0,-1.0,-1.0,3712.2279
2026-05-27 11:05:11.868928000,310989.76611995324,618.8331298828125,502.5422058105469,-1.0,-1.0,-1.0,3712.8689
2026-05-27 11:05:12.509962000,311670.91753532924,618.9992065429688,503.5077819824219,-1.0,-1.0,-1.0,3713.51
2026-05-27 11:05:13.150996000,311716.7620308846,618.9674682617188,503.607666015625,-1.0,-1.0,-1.0,3714.151
2026-05-27 11:05:13.792030000,311075.096091073,619.0238647460938,502.52520751953125,-1.0,-1.0,-1.0,3714.792
2026-05-27 11:05:14.433064000,310627.23595127463,618.1728515625,502.4925231933594,-1.0,-1.0,-1.0,3715.4331
2026-05-27 11:05:15.074098000,311081.6616551466,619.0159912109375,502.5422058105469,-1.0,-1.0,-1.0,3716.0741
2026-05-27 11:05:15.715132000,311006.14536421,618.86572265625,502.5422058105469,-1.0,-1.0,-1.0,3716.7151
2026-05-27 11:05:16.356166000,311058.65605742857,618.9911499023438,502.52520751953125,-1.0,-1.0,-1.0,3717.3562
2026-05-27 11:05:16.997200000,310569.1168514546,618.0571899414062,502.4925231933594,-1.0,-1.0,-1.0,3717.9972
2026-05-27 11:05:17.638234000,311006.14536421,618.86572265625,502.5422058105469,-1.0,-1.0,-1.0,3718.6382
2026-05-27 11:05:18.279268000,311006.14536421,618.86572265625,502.5422058105469,-1.0,-1.0,-1.0,3719.2793
2026-05-27 11:05:18.920302000,311065.2517381478,618.9833374023438,502.5422058105469,-1.0,-1.0,-1.0,3719.9203
2026-05-27 11:05:19.561335999,311034.51742593944,618.943115234375,502.52520751953125,-1.0,-1.0,-1.0,3720.5613
2026-05-27 11:05:20.202370000,311133.2189712152,619.1395263671875,502.52520751953125,-1.0,-1.0,-1.0,3721.2024
2026-05-27 11:05:20.843403999,311006.14536421,618.86572265625,502.5422058105469,-1.0,-1.0,-1.0,3721.8434
2026-05-27 11:05:21.484438000,311068.7402867377,619.0320434570312,502.50830078125,-1.0,-1.0,-1.0,3722.4844
2026-05-27 11:05:22.125472000,311031.9323314559,618.9992065429688,502.4754943847656,-1.0,-1.0,-1.0,3723.1255
2026-05-27 11:05:22.766506000,311065.2517381478,618.9833374023438,502.5422058105469,-1.0,-1.0,-1.0,3723.7665
2026-05-27 11:05:23.407540000,311081.6616551466,619.0159912109375,502.5422058105469,-1.0,-1.0,-1.0,3724.4075
2026-05-27 11:05:24.048574000,311157.17794608325,619.166259765625,502.5422058105469,-1.0,-1.0,-1.0,3725.0486
2026-05-27 11:05:24.689608000,311149.6896765642,619.1723022460938,502.52520751953125,-1.0,-1.0,-1.0,3725.6896
2026-05-27 11:05:25.330642000,311107.6659812778,619.12744140625,502.4937438964844,-1.0,-1.0,-1.0,3726.3306
2026-05-27 11:05:25.971676000,311384.70854464173,618.7805786132812,503.22314453125,-1.0,-1.0,-1.0,3726.9717
2026-05-27 11:05:26.612710000,310184.152780436,617.698486328125,502.1611022949219,-1.0,-1.0,-1.0,3727.6127
2026-05-27 11:05:27.253744000,310509.30721750855,617.9187622070312,502.50830078125,-1.0,-1.0,-1.0,3728.2537
2026-05-27 11:05:27.894778000,310984.09314364195,618.8427734375,502.52520751953125,-1.0,-1.0,-1.0,3728.8948
2026-05-27 11:05:28.535812000,311000.5331772864,618.87548828125,502.52520751953125,-1.0,-1.0,-1.0,3729.5358
2026-05-27 11:05:29.176846000,311075.096091073,619.0238647460938,502.52520751953125,-1.0,-1.0,-1.0,3730.1768
2026-05-27 11:05:29.817880000,311000.5331772864,618.87548828125,502.52520751953125,-1.0,-1.0,-1.0,3730.8179
2026-05-27 11:05:30.458914000,311006.14536421,618.86572265625,502.5422058105469,-1.0,-1.0,-1.0,3731.4589
2026-05-27 11:05:31.099948000,311000.6366752088,618.8135375976562,502.57568359375,-1.0,-1.0,-1.0,3732.0999
2026-05-27 11:05:31.740982000,310514.72404875234,617.9087524414062,502.52520751953125,-1.0,-1.0,-1.0,3732.741
2026-05-27 11:05:32.382016000,311006.14536421,618.86572265625,502.5422058105469,-1.0,-1.0,-1.0,3733.382
2026-05-27 11:05:33.023050000,311000.6366752088,618.8135375976562,502.57568359375,-1.0,-1.0,-1.0,3734.023
2026-05-27 11:05:33.664084000,310459.7895370815,617.8989868164062,502.4442443847656,-1.0,-1.0,-1.0,3734.6641
2026-05-27 11:05:34.305118000,310984.09314364195,618.8427734375,502.52520751953125,-1.0,-1.0,-1.0,3735.3051
2026-05-27 11:05:34.946152000,310572.8469288945,618.0244140625,502.52520751953125,-1.0,-1.0,-1.0,3735.9462
2026-05-27 11:05:35.587185999,310514.72404875234,617.9087524414062,502.52520751953125,-1.0,-1.0,-1.0,3736.5872
2026-05-27 11:05:36.228220000,310969.5588613786,618.8331298828125,502.5095520019531,-1.0,-1.0,-1.0,3737.2282
2026-05-27 11:05:36.869254000,310984.09314364195,618.8427734375,502.52520751953125,-1.0,-1.0,-1.0,3737.8693
2026-05-27 11:05:37.510288000,311268.94542310014,618.1994018554688,503.50897216796875,-1.0,-1.0,-1.0,3738.5103
2026-05-27 11:05:38.151322000,311000.6366752088,618.8135375976562,502.57568359375,-1.0,-1.0,-1.0,3739.1513
2026-05-27 11:05:38.792356000,310262.5541537069,617.8546142578125,502.1611022949219,-1.0,-1.0,-1.0,3739.7924
2026-05-27 11:05:39.433390000,310984.09314364195,618.8427734375,502.52520751953125,-1.0,-1.0,-1.0,3740.4334
2026-05-27 11:05:40.074424000,310965.70983222127,618.86572265625,502.47686767578125,-1.0,-1.0,-1.0,3741.0744
2026-05-27 11:05:40.715458000,310199.81466540135,617.7296752929688,502.1611022949219,-1.0,-1.0,-1.0,3741.7155
2026-05-27 11:05:41.356492000,310978.5991798043,618.8526611328125,502.50830078125,-1.0,-1.0,-1.0,3742.3565
2026-05-27 11:05:41.997526000,310509.30721750855,617.9187622070312,502.50830078125,-1.0,-1.0,-1.0,3742.9975
2026-05-27 11:05:42.638560000,310995.1000016928,618.885498046875,502.50830078125,-1.0,-1.0,-1.0,3743.6386
2026-05-27 11:05:43.279594000,310566.4773513377,618.0325317382812,502.50830078125,-1.0,-1.0,-1.0,3744.2796
2026-05-27 11:05:43.920628000,310995.1000016928,618.885498046875,502.50830078125,-1.0,-1.0,-1.0,3744.9206
2026-05-27 11:05:44.561662000,310995.1000016928,618.885498046875,502.50830078125,-1.0,-1.0,-1.0,3745.5617
2026-05-27 11:05:45.202696000,310623.61681449413,618.146240234375,502.50830078125,-1.0,-1.0,-1.0,3746.2027
2026-05-27 11:05:45.843730000,310514.72404875234,617.9087524414062,502.52520751953125,-1.0,-1.0,-1.0,3746.8437
2026-05-27 11:05:46.484764000,310514.72404875234,617.9087524414062,502.52520751953125,-1.0,-1.0,-1.0,3747.4848
2026-05-27 11:05:47.125798000,310246.8922687415,617.8234252929688,502.1611022949219,-1.0,-1.0,-1.0,3748.1258
2026-05-27 11:05:47.766832000,310720.55146294646,618.2974243164062,502.5422058105469,-1.0,-1.0,-1.0,3748.7668
2026-05-27 11:05:48.407866000,311020.7677552588,618.8135375976562,502.60821533203125,-1.0,-1.0,-1.0,3749.4079
2026-05-27 11:05:49.048900000,310173.28262459487,617.657470703125,502.1768493652344,-1.0,-1.0,-1.0,3750.0489
2026-05-27 11:05:49.689934000,310520.3198028188,617.8989868164062,502.5422058105469,-1.0,-1.0,-1.0,3750.6899
2026-05-27 11:05:50.330968000,310520.3198028188,617.8989868164062,502.5422058105469,-1.0,-1.0,-1.0,3751.331
2026-05-27 11:05:50.972002000,310585.57050348446,617.7164306640625,502.7963562011719,-1.0,-1.0,-1.0,3751.972
2026-05-27 11:05:51.613035999,310585.57050348446,617.7164306640625,502.7963562011719,-1.0,-1.0,-1.0,3752.613
2026-05-27 11:05:52.254070000,310496.6057797931,617.8531494140625,502.5411071777344,-1.0,-1.0,-1.0,3753.2541
2026-05-27 11:05:52.895104000,311020.81736534834,618.87548828125,502.5579833984375,-1.0,-1.0,-1.0,3753.8951
2026-05-27 11:05:53.536138000,311015.4034047201,618.885498046875,502.5411071777344,-1.0,-1.0,-1.0,3754.5361
2026-05-27 11:05:54.177172000,311115.0969961006,619.1213989257812,502.5106506347656,-1.0,-1.0,-1.0,3755.1772
2026-05-27 11:05:54.818206000,310579.39550401457,618.0165405273438,502.5422058105469,-1.0,-1.0,-1.0,3755.8182
2026-05-27 11:05:55.459240000,310629.1792569645,618.1544189453125,502.5106506347656,-1.0,-1.0,-1.0,3756.4592
2026-05-27 11:05:56.100274000,311140.7373563424,619.133544921875,502.5422058105469,-1.0,-1.0,-1.0,3757.1003
2026-05-27 11:05:56.741308000,311065.2517381478,618.9833374023438,502.5422058105469,-1.0,-1.0,-1.0,3757.7413
2026-05-27 11:05:57.382342000,310514.72404875234,617.9087524414062,502.52520751953125,-1.0,-1.0,-1.0,3758.3823
2026-05-27 11:05:58.023376000,310514.72404875234,617.9087524414062,502.52520751953125,-1.0,-1.0,-1.0,3759.0234
2026-05-27 11:05:58.664410000,310572.8469288945,618.0244140625,502.52520751953125,-1.0,-1.0,-1.0,3759.6644
2026-05-27 11:05:59.305444000,310572.8469288945,618.0244140625,502.52520751953125,-1.0,-1.0,-1.0,3760.3054
2026-05-27 11:05:59.946478000,310586.7527716141,618.0325317382812,502.5411071777344,-1.0,-1.0,-1.0,3760.9465
2026-05-27 11:06:00.587512000,310582.94750255346,618.0653076171875,502.50830078125,-1.0,-1.0,-1.0,3761.5875
2026-05-27 11:06:01.228546000,310509.30721750855,617.9187622070312,502.50830078125,-1.0,-1.0,-1.0,3762.2285
2026-05-27 11:06:01.869580000,311006.14536421,618.86572265625,502.5422058105469,-1.0,-1.0,-1.0,3762.8696
2026-05-27 11:06:02.510614000,310638.50187795237,618.1341552734375,502.5422058105469,-1.0,-1.0,-1.0,3763.5106
2026-05-27 11:06:03.151648000,310969.5588613786,618.8331298828125,502.5095520019531,-1.0,-1.0,-1.0,3764.1516
2026-05-27 11:06:03.792682000,311004.37625944614,618.8427734375,502.5579833984375,-1.0,-1.0,-1.0,3764.7927
2026-05-27 11:06:04.433716000,310168.46024598926,617.667236328125,502.1611022949219,-1.0,-1.0,-1.0,3765.4337
2026-05-27 11:06:05.074750000,310586.7527716141,618.0325317382812,502.5411071777344,-1.0,-1.0,-1.0,3766.0748
2026-05-27 11:06:05.715784000,310492.8677369654,617.8860473632812,502.50830078125,-1.0,-1.0,-1.0,3766.7158
2026-05-27 11:06:06.356817999,310559.2149101924,618.0165405273438,502.5095520019531,-1.0,-1.0,-1.0,3767.3568
2026-05-27 11:06:06.997852000,311000.5331772864,618.87548828125,502.52520751953125,-1.0,-1.0,-1.0,3767.9979
2026-05-27 11:06:07.638886000,310978.5991798043,618.8526611328125,502.50830078125,-1.0,-1.0,-1.0,3768.6389
2026-05-27 11:06:08.279920000,310995.1000016928,618.885498046875,502.50830078125,-1.0,-1.0,-1.0,3769.2799
2026-05-27 11:06:08.920954000,310552.6472173631,618.0244140625,502.4925231933594,-1.0,-1.0,-1.0,3769.921
2026-05-27 11:06:09.561988000,310601.8779220842,618.1014404296875,502.5095520019531,-1.0,-1.0,-1.0,3770.562
2026-05-27 11:06:10.203022000,311004.37625944614,618.8427734375,502.5579833984375,-1.0,-1.0,-1.0,3771.203
2026-05-27 11:06:10.844056000,310978.5991798043,618.8526611328125,502.50830078125,-1.0,-1.0,-1.0,3771.8441
2026-05-27 11:06:11.485090000,310680.3205816746,618.23828125,502.52520751953125,-1.0,-1.0,-1.0,3772.4851
2026-05-27 11:06:12.126124000,311000.5331772864,618.87548828125,502.52520751953125,-1.0,-1.0,-1.0,3773.1261
2026-05-27 11:06:12.767158000,310995.1000016928,618.885498046875,502.50830078125,-1.0,-1.0,-1.0,3773.7672
2026-05-27 11:06:13.408192000,310681.8604218662,618.2621459960938,502.50830078125,-1.0,-1.0,-1.0,3774.4082
2026-05-27 11:06:14.049226000,310627.23595127463,618.1728515625,502.4925231933594,-1.0,-1.0,-1.0,3775.0492
2026-05-27 11:06:14.690260000,310494.5281175431,617.9087524414062,502.4925231933594,-1.0,-1.0,-1.0,3775.6903
2026-05-27 11:06:15.331294000,310494.5281175431,617.9087524414062,502.4925231933594,-1.0,-1.0,-1.0,3776.3313
2026-05-27 11:06:15.972328000,310478.0891531613,617.8760375976562,502.4925231933594,-1.0,-1.0,-1.0,3776.9723
2026-05-27 11:06:16.613362000,310605.4482654389,618.1279907226562,502.4937438964844,-1.0,-1.0,-1.0,3777.6134
2026-05-27 11:06:17.254396000,310479.94743554667,617.8989868164062,502.47686767578125,-1.0,-1.0,-1.0,3778.2544
2026-05-27 11:06:17.895430000,310463.50898333266,617.8662719726562,502.47686767578125,-1.0,-1.0,-1.0,3778.8954
2026-05-27 11:06:18.536464000,310163.59985981137,617.677001953125,502.1452941894531,-1.0,-1.0,-1.0,3779.5365
2026-05-27 11:06:19.177498000,310998.90150557086,618.8526611328125,502.5411071777344,-1.0,-1.0,-1.0,3780.1775
2026-05-27 11:06:19.818532000,310492.8677369654,617.8860473632812,502.50830078125,-1.0,-1.0,-1.0,3780.8185
2026-05-27 11:06:20.459566000,310463.50898333266,617.8662719726562,502.47686767578125,-1.0,-1.0,-1.0,3781.4596
2026-05-27 11:06:21.100600000,310463.50898333266,617.8662719726562,502.47686767578125,-1.0,-1.0,-1.0,3782.1006
2026-05-27 11:06:21.741634000,310463.50898333266,617.8662719726562,502.47686767578125,-1.0,-1.0,-1.0,3782.7416
2026-05-27 11:06:22.382667999,310463.50898333266,617.8662719726562,502.47686767578125,-1.0,-1.0,-1.0,3783.3827
2026-05-27 11:06:23.023702000,310463.50898333266,617.8662719726562,502.47686767578125,-1.0,-1.0,-1.0,3784.0237

